route,stop_id,hour,share
1,2594,0,0.268784
1,2595,0,0.066474
1,7879,0,0.028902
1,2597,0,0.014451
1,3804,0,0.020231
1,7880,0,0.017341
1,2598,0,0.008671
1,2599,0,0.008671
1,2600,0,0.020231
1,3805,0,0.008671
1,7883,0,0.011561
1,2602,0,0.046243
1,2603,0,0.008671
1,2604,0,0.020231
1,2605,0,0.014451
1,2606,0,0.014451
1,2607,0,0.023121
1,2608,0,0.020231
1,2609,0,0.014451
1,2610,0,0.028902
1,2611,0,0.066474
1,2612,0,0.268786
1,2594,1,0.045455
1,2595,1,0.045455
1,7879,1,0.045455
1,2597,1,0.045455
1,3804,1,0.045455
1,7880,1,0.045455
1,2598,1,0.045455
1,2599,1,0.045455
1,2600,1,0.045455
1,3805,1,0.045455
1,7883,1,0.045455
1,2602,1,0.045455
1,2603,1,0.045455
1,2604,1,0.045455
1,2605,1,0.045455
1,2606,1,0.045455
1,2607,1,0.045455
1,2608,1,0.045455
1,2609,1,0.045455
1,2610,1,0.045455
1,2611,1,0.045455
1,2612,1,0.045455
1,2594,2,0.045455
1,2595,2,0.045455
1,7879,2,0.045455
1,2597,2,0.045455
1,3804,2,0.045455
1,7880,2,0.045455
1,2598,2,0.045455
1,2599,2,0.045455
1,2600,2,0.045455
1,3805,2,0.045455
1,7883,2,0.045455
1,2602,2,0.045455
1,2603,2,0.045455
1,2604,2,0.045455
1,2605,2,0.045455
1,2606,2,0.045455
1,2607,2,0.045455
1,2608,2,0.045455
1,2609,2,0.045455
1,2610,2,0.045455
1,2611,2,0.045455
1,2612,2,0.045455
1,2594,3,0.045455
1,2595,3,0.045455
1,7879,3,0.045455
1,2597,3,0.045455
1,3804,3,0.045455
1,7880,3,0.045455
1,2598,3,0.045455
1,2599,3,0.045455
1,2600,3,0.045455
1,3805,3,0.045455
1,7883,3,0.045455
1,2602,3,0.045455
1,2603,3,0.045455
1,2604,3,0.045455
1,2605,3,0.045455
1,2606,3,0.045455
1,2607,3,0.045455
1,2608,3,0.045455
1,2609,3,0.045455
1,2610,3,0.045455
1,2611,3,0.045455
1,2612,3,0.045455
1,2594,4,0.253086
1,2595,4,0.083951
1,7879,4,0.040741
1,2597,4,0.013580
1,3804,4,0.035802
1,7880,4,0.006173
1,2598,4,0.022222
1,2599,4,0.006173
1,2600,4,0.009877
1,3805,4,0.002469
1,7883,4,0.004938
1,2602,4,0.046914
1,2603,4,0.002469
1,2604,4,0.009877
1,2605,4,0.006173
1,2606,4,0.022222
1,2607,4,0.006173
1,2608,4,0.035802
1,2609,4,0.013580
1,2610,4,0.040741
1,2611,4,0.083951
1,2612,4,0.253086
1,2594,5,0.239357
1,2595,5,0.066337
1,7879,5,0.038431
1,2597,5,0.031494
1,3804,5,0.025195
1,7880,5,0.022484
1,2598,5,0.020970
1,2599,5,0.015149
1,2600,5,0.015388
1,3805,5,0.012279
1,7883,5,0.009408
1,2602,5,0.016425
1,2603,5,0.012279
1,2604,5,0.015388
1,2605,5,0.015069
1,2606,5,0.021049
1,2607,5,0.022405
1,2608,5,0.025195
1,2609,5,0.031574
1,2610,5,0.038431
1,2611,5,0.066337
1,2612,5,0.239356
1,2594,6,0.131993
1,2595,6,0.106907
1,7879,6,0.112327
1,2597,6,0.028449
1,3804,6,0.041042
1,7880,6,0.028530
1,2598,6,0.013802
1,2599,6,0.007959
1,2600,6,0.007515
1,3805,6,0.006810
1,7883,6,0.007697
1,2602,6,0.008140
1,2603,6,0.006810
1,2604,6,0.007515
1,2605,6,0.012458
1,2606,6,0.018301
1,2607,6,0.032989
1,2608,6,0.041082
1,2609,6,0.028449
1,2610,6,0.112307
1,2611,6,0.106927
1,2612,6,0.131991
1,2594,7,0.064173
1,2595,7,0.068559
1,7879,7,0.178162
1,2597,7,0.038730
1,3804,7,0.017175
1,7880,7,0.027674
1,2598,7,0.027620
1,2599,7,0.020849
1,2600,7,0.019492
1,3805,7,0.021608
1,7883,7,0.010640
1,2602,7,0.010666
1,2603,7,0.021608
1,2604,7,0.019492
1,2605,7,0.024387
1,2606,7,0.031158
1,2607,7,0.031211
1,2608,7,0.017175
1,2609,7,0.038730
1,2610,7,0.178159
1,2611,7,0.068559
1,2612,7,0.064173
1,2594,8,0.012982
1,2595,8,0.021747
1,7879,8,0.132379
1,2597,8,0.124773
1,3804,8,0.080020
1,7880,8,0.016271
1,2598,8,0.008997
1,2599,8,0.011221
1,2600,8,0.025653
1,3805,8,0.025610
1,7883,8,0.033906
1,2602,8,0.033938
1,2603,8,0.025605
1,2604,8,0.025658
1,2605,8,0.015505
1,2606,8,0.013280
1,2607,8,0.020554
1,2608,8,0.080004
1,2609,8,0.124789
1,2610,8,0.132374
1,2611,8,0.021752
1,2612,8,0.012982
1,2594,9,0.014307
1,2595,9,0.015737
1,7879,9,0.023439
1,2597,9,0.052787
1,3804,9,0.151399
1,7880,9,0.110929
1,2598,9,0.035419
1,2599,9,0.024548
1,2600,9,0.026748
1,3805,9,0.019214
1,7883,9,0.016941
1,2602,9,0.016941
1,2603,9,0.019214
1,2604,9,0.026748
1,2605,9,0.030235
1,2606,9,0.041106
1,2607,9,0.116616
1,2608,9,0.151395
1,2609,9,0.052794
1,2610,9,0.023432
1,2611,9,0.015744
1,2612,9,0.014307
1,2594,10,0.016440
1,2595,10,0.021086
1,7879,10,0.018584
1,2597,10,0.021955
1,3804,10,0.062031
1,7880,10,0.128309
1,2598,10,0.141329
1,2599,10,0.049740
1,2600,10,0.018031
1,3805,10,0.010792
1,7883,10,0.003308
1,2602,10,0.003308
1,2603,10,0.010792
1,2604,10,0.018031
1,2605,10,0.055316
1,2606,10,0.146946
1,2607,10,0.133899
1,2608,10,0.062031
1,2609,10,0.021962
1,2610,10,0.018584
1,2611,10,0.021086
1,2612,10,0.016440
1,2594,11,0.016464
1,2595,11,0.024786
1,7879,11,0.027557
1,2597,11,0.025028
1,3804,11,0.013016
1,7880,11,0.026538
1,2598,11,0.097055
1,2599,11,0.157305
1,2600,11,0.080662
1,3805,11,0.020233
1,7883,11,0.003854
1,2602,11,0.003854
1,2603,11,0.020233
1,2604,11,0.080662
1,2605,11,0.162307
1,2606,11,0.102056
1,2607,11,0.031539
1,2608,11,0.013016
1,2609,11,0.025021
1,2610,11,0.027564
1,2611,11,0.024786
1,2612,11,0.016464
1,2594,12,0.008734
1,2595,12,0.016535
1,7879,12,0.010834
1,2597,12,0.017676
1,3804,12,0.018709
1,7880,12,0.018481
1,2598,12,0.022734
1,2599,12,0.072092
1,2600,12,0.149147
1,3805,12,0.115124
1,7883,12,0.042476
1,2602,12,0.042489
1,2603,12,0.115117
1,2604,12,0.149153
1,2605,12,0.077060
1,2606,12,0.027702
1,2607,12,0.023449
1,2608,12,0.018709
1,2609,12,0.017676
1,2610,12,0.010834
1,2611,12,0.016535
1,2612,12,0.008734
1,2594,13,0.001867
1,2595,13,0.003376
1,7879,13,0.004278
1,2597,13,0.005122
1,3804,13,0.005589
1,7880,13,0.008083
1,2598,13,0.025394
1,2599,13,0.032262
1,2600,13,0.056543
1,3805,13,0.154826
1,7883,13,0.194713
1,2602,13,0.194710
1,2603,13,0.154819
1,2604,13,0.056550
1,2605,13,0.037561
1,2606,13,0.030693
1,2607,13,0.013382
1,2608,13,0.005589
1,2609,13,0.005122
1,2610,13,0.004278
1,2611,13,0.003376
1,2612,13,0.001867
1,2594,14,0.000666
1,2595,14,0.000686
1,7879,14,0.000802
1,2597,14,0.001196
1,3804,14,0.004695
1,7880,14,0.006128
1,2598,14,0.014635
1,2599,14,0.019255
1,2600,14,0.058423
1,3805,14,0.142679
1,7883,14,0.241283
1,2602,14,0.241309
1,2603,14,0.142679
1,2604,14,0.058423
1,2605,14,0.025614
1,2606,14,0.020994
1,2607,14,0.012488
1,2608,14,0.004695
1,2609,14,0.001196
1,2610,14,0.000802
1,2611,14,0.000686
1,2612,14,0.000666
1,2594,15,0.004203
1,2595,15,0.010703
1,7879,15,0.013879
1,2597,15,0.011704
1,3804,15,0.016099
1,7880,15,0.008509
1,2598,15,0.023020
1,2599,15,0.052603
1,2600,15,0.106609
1,3805,15,0.154464
1,7883,15,0.087736
1,2602,15,0.087736
1,2603,15,0.154460
1,2604,15,0.106609
1,2605,15,0.059585
1,2606,15,0.030002
1,2607,15,0.015491
1,2608,15,0.016099
1,2609,15,0.011704
1,2610,15,0.013879
1,2611,15,0.010703
1,2612,15,0.004203
1,2594,16,0.010662
1,2595,16,0.028916
1,7879,16,0.020814
1,2597,16,0.030025
1,3804,16,0.018945
1,7880,16,0.036951
1,2598,16,0.058020
1,2599,16,0.116338
1,2600,16,0.099442
1,3805,16,0.049612
1,7883,16,0.018341
1,2602,16,0.018354
1,2603,16,0.049612
1,2604,16,0.099442
1,2605,16,0.124291
1,2606,16,0.065971
1,2607,16,0.044902
1,2608,16,0.018939
1,2609,16,0.030031
1,2610,16,0.020814
1,2611,16,0.028916
1,2612,16,0.010662
1,2594,17,0.005813
1,2595,17,0.007934
1,7879,17,0.010551
1,2597,17,0.022469
1,3804,17,0.045003
1,7880,17,0.080469
1,2598,17,0.135076
1,2599,17,0.098850
1,2600,17,0.053868
1,3805,17,0.012292
1,7883,17,0.009603
1,2602,17,0.009647
1,2603,17,0.012292
1,2604,17,0.053868
1,2605,17,0.110883
1,2606,17,0.147110
1,2607,17,0.092502
1,2608,17,0.045003
1,2609,17,0.022469
1,2610,17,0.010551
1,2611,17,0.007934
1,2612,17,0.005813
1,2594,18,0.004174
1,2595,18,0.007879
1,7879,18,0.022628
1,2597,18,0.036271
1,3804,18,0.088903
1,7880,18,0.104349
1,2598,18,0.074417
1,2599,18,0.039245
1,2600,18,0.023280
1,3805,18,0.030780
1,7883,18,0.043341
1,2602,18,0.043364
1,2603,18,0.030780
1,2604,18,0.023280
1,2605,18,0.055725
1,2606,18,0.090897
1,2607,18,0.120832
1,2608,18,0.088903
1,2609,18,0.036271
1,2610,18,0.022628
1,2611,18,0.007879
1,2612,18,0.004174
1,2594,19,0.017181
1,2595,19,0.026190
1,7879,19,0.049416
1,2597,19,0.089514
1,3804,19,0.108507
1,7880,19,0.059299
1,2598,19,0.023490
1,2599,19,0.020948
1,2600,19,0.028697
1,3805,19,0.030580
1,7883,19,0.018842
1,2602,19,0.018842
1,2603,19,0.030580
1,2604,19,0.028697
1,2605,19,0.039172
1,2606,19,0.041714
1,2607,19,0.077523
1,2608,19,0.108507
1,2609,19,0.089514
1,2610,19,0.049416
1,2611,19,0.026190
1,2612,19,0.017181
1,2594,20,0.028906
1,2595,20,0.050378
1,7879,20,0.137568
1,2597,20,0.088361
1,3804,20,0.061517
1,7880,20,0.035038
1,2598,20,0.022344
1,2599,20,0.014977
1,2600,20,0.016852
1,3805,20,0.011503
1,7883,20,0.005459
1,2602,20,0.005459
1,2603,20,0.011503
1,2604,20,0.016852
1,2605,20,0.033041
1,2606,20,0.040408
1,2607,20,0.053102
1,2608,20,0.061506
1,2609,20,0.088372
1,2610,20,0.137570
1,2611,20,0.050378
1,2612,20,0.028906
1,2594,21,0.104840
1,2595,21,0.113765
1,7879,21,0.089447
1,2597,21,0.045864
1,3804,21,0.028918
1,7880,21,0.025124
1,2598,21,0.012385
1,2599,21,0.013702
1,2600,21,0.012896
1,3805,21,0.014665
1,7883,21,0.010871
1,2602,21,0.011107
1,2603,21,0.014665
1,2604,21,0.012896
1,2605,21,0.031972
1,2606,21,0.030655
1,2607,21,0.043393
1,2608,21,0.028918
1,2609,21,0.045864
1,2610,21,0.089428
1,2611,21,0.113785
1,2612,21,0.104840
1,2594,22,0.115734
1,2595,22,0.111332
1,7879,22,0.050825
1,2597,22,0.023907
1,3804,22,0.024185
1,7880,22,0.032014
1,2598,22,0.023026
1,2599,22,0.031181
1,2600,22,0.021173
1,3805,22,0.017467
1,7883,22,0.018486
1,2602,22,0.020154
1,2603,22,0.017467
1,2604,22,0.021173
1,2605,22,0.051072
1,2606,22,0.042918
1,2607,22,0.051906
1,2608,22,0.024185
1,2609,22,0.023907
1,2610,22,0.050825
1,2611,22,0.111286
1,2612,22,0.115777
1,2594,23,0.200145
1,2595,23,0.075444
1,7879,23,0.045651
1,2597,23,0.028832
1,3804,23,0.024267
1,7880,23,0.025709
1,2598,23,0.013215
1,2599,23,0.020903
1,2600,23,0.021144
1,3805,23,0.017540
1,7883,23,0.012254
1,2602,23,0.021864
1,2603,23,0.017540
1,2604,23,0.021144
1,2605,23,0.027631
1,2606,23,0.019942
1,2607,23,0.032436
1,2608,23,0.024027
1,2609,23,0.029073
1,2610,23,0.045651
1,2611,23,0.075444
1,2612,23,0.200144
5,22101,0,0.062500
5,22632,0,0.062500
5,22631,0,0.062500
5,22629,0,0.062500
5,22626,0,0.062500
5,1000594,0,0.062500
5,6289,0,0.062500
5,6290,0,0.062500
5,6598,0,0.062500
5,10559,0,0.062500
5,16606,0,0.062500
5,16608,0,0.062500
5,16609,0,0.062500
5,16611,0,0.062500
5,16612,0,0.062500
5,1001795,0,0.062500
5,22101,1,0.062500
5,22632,1,0.062500
5,22631,1,0.062500
5,22629,1,0.062500
5,22626,1,0.062500
5,1000594,1,0.062500
5,6289,1,0.062500
5,6290,1,0.062500
5,6598,1,0.062500
5,10559,1,0.062500
5,16606,1,0.062500
5,16608,1,0.062500
5,16609,1,0.062500
5,16611,1,0.062500
5,16612,1,0.062500
5,1001795,1,0.062500
5,22101,2,0.062500
5,22632,2,0.062500
5,22631,2,0.062500
5,22629,2,0.062500
5,22626,2,0.062500
5,1000594,2,0.062500
5,6289,2,0.062500
5,6290,2,0.062500
5,6598,2,0.062500
5,10559,2,0.062500
5,16606,2,0.062500
5,16608,2,0.062500
5,16609,2,0.062500
5,16611,2,0.062500
5,16612,2,0.062500
5,1001795,2,0.062500
5,22101,3,0.062500
5,22632,3,0.062500
5,22631,3,0.062500
5,22629,3,0.062500
5,22626,3,0.062500
5,1000594,3,0.062500
5,6289,3,0.062500
5,6290,3,0.062500
5,6598,3,0.062500
5,10559,3,0.062500
5,16606,3,0.062500
5,16608,3,0.062500
5,16609,3,0.062500
5,16611,3,0.062500
5,16612,3,0.062500
5,1001795,3,0.062500
5,22101,4,0.062500
5,22632,4,0.062500
5,22631,4,0.062500
5,22629,4,0.062500
5,22626,4,0.062500
5,1000594,4,0.062500
5,6289,4,0.062500
5,6290,4,0.062500
5,6598,4,0.062500
5,10559,4,0.062500
5,16606,4,0.062500
5,16608,4,0.062500
5,16609,4,0.062500
5,16611,4,0.062500
5,16612,4,0.062500
5,1001795,4,0.062500
5,22101,5,0.062500
5,22632,5,0.062500
5,22631,5,0.062500
5,22629,5,0.062500
5,22626,5,0.062500
5,1000594,5,0.062500
5,6289,5,0.062500
5,6290,5,0.062500
5,6598,5,0.062500
5,10559,5,0.062500
5,16606,5,0.062500
5,16608,5,0.062500
5,16609,5,0.062500
5,16611,5,0.062500
5,16612,5,0.062500
5,1001795,5,0.062500
5,22101,6,0.062500
5,22632,6,0.062500
5,22631,6,0.062500
5,22629,6,0.062500
5,22626,6,0.062500
5,1000594,6,0.062500
5,6289,6,0.062500
5,6290,6,0.062500
5,6598,6,0.062500
5,10559,6,0.062500
5,16606,6,0.062500
5,16608,6,0.062500
5,16609,6,0.062500
5,16611,6,0.062500
5,16612,6,0.062500
5,1001795,6,0.062500
5,22101,7,0.062500
5,22632,7,0.062500
5,22631,7,0.062500
5,22629,7,0.062500
5,22626,7,0.062500
5,1000594,7,0.062500
5,6289,7,0.062500
5,6290,7,0.062500
5,6598,7,0.062500
5,10559,7,0.062500
5,16606,7,0.062500
5,16608,7,0.062500
5,16609,7,0.062500
5,16611,7,0.062500
5,16612,7,0.062500
5,1001795,7,0.062500
5,22101,8,0.062500
5,22632,8,0.062500
5,22631,8,0.062500
5,22629,8,0.062500
5,22626,8,0.062500
5,1000594,8,0.062500
5,6289,8,0.062500
5,6290,8,0.062500
5,6598,8,0.062500
5,10559,8,0.062500
5,16606,8,0.062500
5,16608,8,0.062500
5,16609,8,0.062500
5,16611,8,0.062500
5,16612,8,0.062500
5,1001795,8,0.062500
5,22101,9,0.062500
5,22632,9,0.062500
5,22631,9,0.062500
5,22629,9,0.062500
5,22626,9,0.062500
5,1000594,9,0.062500
5,6289,9,0.062500
5,6290,9,0.062500
5,6598,9,0.062500
5,10559,9,0.062500
5,16606,9,0.062500
5,16608,9,0.062500
5,16609,9,0.062500
5,16611,9,0.062500
5,16612,9,0.062500
5,1001795,9,0.062500
5,22101,10,0.062500
5,22632,10,0.062500
5,22631,10,0.062500
5,22629,10,0.062500
5,22626,10,0.062500
5,1000594,10,0.062500
5,6289,10,0.062500
5,6290,10,0.062500
5,6598,10,0.062500
5,10559,10,0.062500
5,16606,10,0.062500
5,16608,10,0.062500
5,16609,10,0.062500
5,16611,10,0.062500
5,16612,10,0.062500
5,1001795,10,0.062500
5,22101,11,0.062500
5,22632,11,0.062500
5,22631,11,0.062500
5,22629,11,0.062500
5,22626,11,0.062500
5,1000594,11,0.062500
5,6289,11,0.062500
5,6290,11,0.062500
5,6598,11,0.062500
5,10559,11,0.062500
5,16606,11,0.062500
5,16608,11,0.062500
5,16609,11,0.062500
5,16611,11,0.062500
5,16612,11,0.062500
5,1001795,11,0.062500
5,22101,12,0.062500
5,22632,12,0.062500
5,22631,12,0.062500
5,22629,12,0.062500
5,22626,12,0.062500
5,1000594,12,0.062500
5,6289,12,0.062500
5,6290,12,0.062500
5,6598,12,0.062500
5,10559,12,0.062500
5,16606,12,0.062500
5,16608,12,0.062500
5,16609,12,0.062500
5,16611,12,0.062500
5,16612,12,0.062500
5,1001795,12,0.062500
5,22101,13,0.062500
5,22632,13,0.062500
5,22631,13,0.062500
5,22629,13,0.062500
5,22626,13,0.062500
5,1000594,13,0.062500
5,6289,13,0.062500
5,6290,13,0.062500
5,6598,13,0.062500
5,10559,13,0.062500
5,16606,13,0.062500
5,16608,13,0.062500
5,16609,13,0.062500
5,16611,13,0.062500
5,16612,13,0.062500
5,1001795,13,0.062500
5,22101,14,0.062500
5,22632,14,0.062500
5,22631,14,0.062500
5,22629,14,0.062500
5,22626,14,0.062500
5,1000594,14,0.062500
5,6289,14,0.062500
5,6290,14,0.062500
5,6598,14,0.062500
5,10559,14,0.062500
5,16606,14,0.062500
5,16608,14,0.062500
5,16609,14,0.062500
5,16611,14,0.062500
5,16612,14,0.062500
5,1001795,14,0.062500
5,22101,15,0.062500
5,22632,15,0.062500
5,22631,15,0.062500
5,22629,15,0.062500
5,22626,15,0.062500
5,1000594,15,0.062500
5,6289,15,0.062500
5,6290,15,0.062500
5,6598,15,0.062500
5,10559,15,0.062500
5,16606,15,0.062500
5,16608,15,0.062500
5,16609,15,0.062500
5,16611,15,0.062500
5,16612,15,0.062500
5,1001795,15,0.062500
5,22101,16,0.062500
5,22632,16,0.062500
5,22631,16,0.062500
5,22629,16,0.062500
5,22626,16,0.062500
5,1000594,16,0.062500
5,6289,16,0.062500
5,6290,16,0.062500
5,6598,16,0.062500
5,10559,16,0.062500
5,16606,16,0.062500
5,16608,16,0.062500
5,16609,16,0.062500
5,16611,16,0.062500
5,16612,16,0.062500
5,1001795,16,0.062500
5,22101,17,0.062500
5,22632,17,0.062500
5,22631,17,0.062500
5,22629,17,0.062500
5,22626,17,0.062500
5,1000594,17,0.062500
5,6289,17,0.062500
5,6290,17,0.062500
5,6598,17,0.062500
5,10559,17,0.062500
5,16606,17,0.062500
5,16608,17,0.062500
5,16609,17,0.062500
5,16611,17,0.062500
5,16612,17,0.062500
5,1001795,17,0.062500
5,22101,18,0.062500
5,22632,18,0.062500
5,22631,18,0.062500
5,22629,18,0.062500
5,22626,18,0.062500
5,1000594,18,0.062500
5,6289,18,0.062500
5,6290,18,0.062500
5,6598,18,0.062500
5,10559,18,0.062500
5,16606,18,0.062500
5,16608,18,0.062500
5,16609,18,0.062500
5,16611,18,0.062500
5,16612,18,0.062500
5,1001795,18,0.062500
5,22101,19,0.062500
5,22632,19,0.062500
5,22631,19,0.062500
5,22629,19,0.062500
5,22626,19,0.062500
5,1000594,19,0.062500
5,6289,19,0.062500
5,6290,19,0.062500
5,6598,19,0.062500
5,10559,19,0.062500
5,16606,19,0.062500
5,16608,19,0.062500
5,16609,19,0.062500
5,16611,19,0.062500
5,16612,19,0.062500
5,1001795,19,0.062500
5,22101,20,0.062500
5,22632,20,0.062500
5,22631,20,0.062500
5,22629,20,0.062500
5,22626,20,0.062500
5,1000594,20,0.062500
5,6289,20,0.062500
5,6290,20,0.062500
5,6598,20,0.062500
5,10559,20,0.062500
5,16606,20,0.062500
5,16608,20,0.062500
5,16609,20,0.062500
5,16611,20,0.062500
5,16612,20,0.062500
5,1001795,20,0.062500
5,22101,21,0.062500
5,22632,21,0.062500
5,22631,21,0.062500
5,22629,21,0.062500
5,22626,21,0.062500
5,1000594,21,0.062500
5,6289,21,0.062500
5,6290,21,0.062500
5,6598,21,0.062500
5,10559,21,0.062500
5,16606,21,0.062500
5,16608,21,0.062500
5,16609,21,0.062500
5,16611,21,0.062500
5,16612,21,0.062500
5,1001795,21,0.062500
5,22101,22,0.062500
5,22632,22,0.062500
5,22631,22,0.062500
5,22629,22,0.062500
5,22626,22,0.062500
5,1000594,22,0.062500
5,6289,22,0.062500
5,6290,22,0.062500
5,6598,22,0.062500
5,10559,22,0.062500
5,16606,22,0.062500
5,16608,22,0.062500
5,16609,22,0.062500
5,16611,22,0.062500
5,16612,22,0.062500
5,1001795,22,0.062500
5,22101,23,0.062500
5,22632,23,0.062500
5,22631,23,0.062500
5,22629,23,0.062500
5,22626,23,0.062500
5,1000594,23,0.062500
5,6289,23,0.062500
5,6290,23,0.062500
5,6598,23,0.062500
5,10559,23,0.062500
5,16606,23,0.062500
5,16608,23,0.062500
5,16609,23,0.062500
5,16611,23,0.062500
5,16612,23,0.062500
5,1001795,23,0.062500
7,8605,0,0.153059
7,8604,0,0.044487
7,3693,0,0.026215
7,3694,0,0.019392
7,3695,0,0.014364
7,3696,0,0.012329
7,3697,0,0.014723
7,3698,0,0.015322
7,6162,0,0.011851
7,3614,0,0.011013
7,3615,0,0.011970
7,3616,0,0.016758
7,3617,0,0.014364
7,3618,0,0.010534
7,8630,0,0.012886
7,6242,0,0.014245
7,3445,0,0.012210
7,6365,0,0.008499
7,6366,0,0.014005
7,1002188,0,0.010252
7,6164,0,0.008978
7,6165,0,0.015280
7,6166,0,0.028926
7,13919,0,0.015280
7,22638,0,0.013245
7,3450,0,0.005985
7,21551,0,0.014005
7,7258,0,0.008499
7,13134,0,0.012210
7,4173,0,0.018512
7,16514,0,0.012886
7,14133,0,0.014801
7,4174,0,0.018631
7,1002615,0,0.016758
7,4176,0,0.016237
7,4177,0,0.015280
7,4178,0,0.011851
7,4179,0,0.019589
7,22368,0,0.014604
7,16606,0,0.012449
7,16608,0,0.014364
7,16609,0,0.019392
7,16611,0,0.026215
7,16612,0,0.044487
7,1001795,0,0.153058
7,8605,1,0.213404
7,8604,1,0.048816
7,3693,1,0.012448
7,3694,1,0.015214
7,3695,1,0.006916
7,3696,1,0.002075
7,3697,1,0.006916
7,3698,1,0.004149
7,6162,1,0.007607
7,3614,1,0.013140
7,3615,1,0.008299
7,3616,1,0.005533
7,3617,1,0.007607
7,3618,1,0.014523
7,8630,1,0.011472
7,6242,1,0.010373
7,3445,1,0.007607
7,6365,1,0.005533
7,6366,1,0.008299
7,1002188,1,0.019079
7,6164,1,0.011757
7,6165,1,0.010089
7,6166,1,0.070946
7,13919,1,0.010089
7,22638,1,0.016313
7,3450,1,0.014523
7,21551,1,0.008299
7,7258,1,0.005533
7,13134,1,0.007607
7,4173,1,0.014930
7,16514,1,0.011472
7,14133,1,0.019079
7,4174,1,0.012163
7,1002615,1,0.005533
7,4176,1,0.012855
7,4177,1,0.017696
7,4178,1,0.007607
7,4179,1,0.008706
7,22368,1,0.006916
7,16606,1,0.002075
7,16608,1,0.006916
7,16609,1,0.015214
7,16611,1,0.012448
7,16612,1,0.048816
7,1001795,1,0.213408
7,8605,2,0.179739
7,8604,2,0.068627
7,3693,2,0.000000
7,3694,2,0.000000
7,3695,2,0.000000
7,3696,2,0.000000
7,3697,2,0.000000
7,3698,2,0.000000
7,6162,2,0.000000
7,3614,2,0.000000
7,3615,2,0.000000
7,3616,2,0.000000
7,3617,2,0.000000
7,3618,2,0.000000
7,8630,2,0.013072
7,6242,2,0.000000
7,3445,2,0.000000
7,6365,2,0.000000
7,6366,2,0.000000
7,1002188,2,0.013072
7,6164,2,0.055556
7,6165,2,0.013072
7,6166,2,0.235293
7,13919,2,0.013072
7,22638,2,0.068627
7,3450,2,0.000000
7,21551,2,0.000000
7,7258,2,0.000000
7,13134,2,0.000000
7,4173,2,0.013072
7,16514,2,0.013072
7,14133,2,0.013072
7,4174,2,0.013072
7,1002615,2,0.000000
7,4176,2,0.013072
7,4177,2,0.013072
7,4178,2,0.000000
7,4179,2,0.013072
7,22368,2,0.000000
7,16606,2,0.000000
7,16608,2,0.000000
7,16609,2,0.000000
7,16611,2,0.000000
7,16612,2,0.068627
7,1001795,2,0.179739
7,8605,3,0.022222
7,8604,3,0.022222
7,3693,3,0.022222
7,3694,3,0.022222
7,3695,3,0.022222
7,3696,3,0.022222
7,3697,3,0.022222
7,3698,3,0.022222
7,6162,3,0.022222
7,3614,3,0.022222
7,3615,3,0.022222
7,3616,3,0.022222
7,3617,3,0.022222
7,3618,3,0.022222
7,8630,3,0.022222
7,6242,3,0.022222
7,3445,3,0.022222
7,6365,3,0.022222
7,6366,3,0.022222
7,1002188,3,0.022222
7,6164,3,0.022222
7,6165,3,0.022222
7,6166,3,0.022222
7,13919,3,0.022222
7,22638,3,0.022222
7,3450,3,0.022222
7,21551,3,0.022222
7,7258,3,0.022222
7,13134,3,0.022222
7,4173,3,0.022222
7,16514,3,0.022222
7,14133,3,0.022222
7,4174,3,0.022222
7,1002615,3,0.022222
7,4176,3,0.022222
7,4177,3,0.022222
7,4178,3,0.022222
7,4179,3,0.022222
7,22368,3,0.022222
7,16606,3,0.022222
7,16608,3,0.022222
7,16609,3,0.022222
7,16611,3,0.022222
7,16612,3,0.022222
7,1001795,3,0.022222
7,8605,4,0.280488
7,8604,4,0.000000
7,3693,4,0.006098
7,3694,4,0.018293
7,3695,4,0.000000
7,3696,4,0.018293
7,3697,4,0.000000
7,3698,4,0.000000
7,6162,4,0.012195
7,3614,4,0.000000
7,3615,4,0.000000
7,3616,4,0.000000
7,3617,4,0.000000
7,3618,4,0.000000
7,8630,4,0.000000
7,6242,4,0.000000
7,3445,4,0.006098
7,6365,4,0.000000
7,6366,4,0.000000
7,1002188,4,0.000000
7,6164,4,0.000000
7,6165,4,0.000000
7,6166,4,0.317070
7,13919,4,0.000000
7,22638,4,0.000000
7,3450,4,0.000000
7,21551,4,0.000000
7,7258,4,0.000000
7,13134,4,0.006098
7,4173,4,0.000000
7,16514,4,0.000000
7,14133,4,0.000000
7,4174,4,0.000000
7,1002615,4,0.000000
7,4176,4,0.000000
7,4177,4,0.000000
7,4178,4,0.012195
7,4179,4,0.000000
7,22368,4,0.000000
7,16606,4,0.018293
7,16608,4,0.000000
7,16609,4,0.018293
7,16611,4,0.006098
7,16612,4,0.000000
7,1001795,4,0.280488
7,8605,5,0.086240
7,8604,5,0.187068
7,3693,5,0.056313
7,3694,5,0.035632
7,3695,5,0.029503
7,3696,5,0.019649
7,3697,5,0.008879
7,3698,5,0.007390
7,6162,5,0.008192
7,3614,5,0.006588
7,3615,5,0.006703
7,3616,5,0.004526
7,3617,5,0.005328
7,3618,5,0.004067
7,8630,5,0.003633
7,6242,5,0.003380
7,3445,5,0.002864
7,6365,5,0.004010
7,6366,5,0.005213
7,1002188,5,0.005695
7,6164,5,0.003323
7,6165,5,0.002601
7,6166,5,0.005924
7,13919,5,0.002601
7,22638,5,0.003404
7,3450,5,0.005614
7,21551,5,0.005213
7,7258,5,0.004010
7,13134,5,0.002807
7,4173,5,0.003518
7,16514,5,0.003633
7,14133,5,0.004148
7,4174,5,0.005409
7,1002615,5,0.004526
7,4176,5,0.006783
7,4177,5,0.006669
7,4178,5,0.008192
7,4179,5,0.007471
7,22368,5,0.008879
7,16606,5,0.019649
7,16608,5,0.029503
7,16609,5,0.035632
7,16611,5,0.056313
7,16612,5,0.187065
7,1001795,5,0.086240
7,8605,6,0.054614
7,8604,6,0.099185
7,3693,6,0.067626
7,3694,6,0.060428
7,3695,6,0.031153
7,3696,6,0.025385
7,3697,6,0.018602
7,3698,6,0.013898
7,6162,6,0.018153
7,3614,6,0.018636
7,3615,6,0.010191
7,3616,6,0.013382
7,3617,6,0.014263
7,3618,6,0.009193
7,8630,6,0.008781
7,6242,6,0.006999
7,3445,6,0.003425
7,6365,6,0.003142
7,6366,6,0.004372
7,1002188,6,0.006354
7,6164,6,0.004106
7,6165,6,0.003844
7,6166,6,0.003927
7,13919,6,0.003844
7,22638,6,0.004875
7,3450,6,0.005586
7,21551,6,0.004372
7,7258,6,0.003142
7,13134,6,0.003425
7,4173,6,0.007767
7,16514,6,0.008781
7,14133,6,0.009962
7,4174,6,0.015032
7,1002615,6,0.013382
7,4176,6,0.010959
7,4177,6,0.019404
7,4178,6,0.018153
7,4179,6,0.014666
7,22368,6,0.018536
7,16606,6,0.025451
7,16608,6,0.031153
7,16609,6,0.060428
7,16611,6,0.067626
7,16612,6,0.099183
7,1001795,6,0.054614
7,8605,7,0.021395
7,8604,7,0.030691
7,3693,7,0.048395
7,3694,7,0.048567
7,3695,7,0.050204
7,3696,7,0.037401
7,3697,7,0.027967
7,3698,7,0.017495
7,6162,7,0.012797
7,3614,7,0.010723
7,3615,7,0.011516
7,3616,7,0.012639
7,3617,7,0.014304
7,3618,7,0.014377
7,8630,7,0.018931
7,6242,7,0.016841
7,3445,7,0.013973
7,6365,7,0.023838
7,6366,7,0.011628
7,1002188,7,0.008776
7,6164,7,0.011635
7,6165,7,0.019016
7,6166,7,0.025319
7,13919,7,0.019023
7,22638,7,0.013044
7,3450,7,0.007367
7,21551,7,0.011615
7,7258,7,0.023851
7,13134,7,0.013967
7,4173,7,0.018257
7,16514,7,0.018931
7,14133,7,0.015786
7,4174,7,0.015713
7,1002615,7,0.012639
7,4176,7,0.012925
7,4177,7,0.012132
7,4178,7,0.012797
7,4179,7,0.018904
7,22368,7,0.027967
7,16606,7,0.037401
7,16608,7,0.050205
7,16609,7,0.048560
7,16611,7,0.048402
7,16612,7,0.030684
7,1001795,7,0.021402
7,8605,8,0.011213
7,8604,8,0.017730
7,3693,8,0.023837
7,3694,8,0.024428
7,3695,8,0.023044
7,3696,8,0.026424
7,3697,8,0.036241
7,3698,8,0.047803
7,6162,8,0.032832
7,3614,8,0.025007
7,3615,8,0.019492
7,3616,8,0.015424
7,3617,8,0.011772
7,3618,8,0.010786
7,8630,8,0.011666
7,6242,8,0.008698
7,3445,8,0.012770
7,6365,8,0.021752
7,6366,8,0.017735
7,1002188,8,0.018410
7,6164,8,0.021014
7,6165,8,0.030722
7,6166,8,0.050026
7,13919,8,0.030718
7,22638,8,0.023081
7,3450,8,0.016338
7,21551,8,0.017743
7,7258,8,0.021752
7,13134,8,0.012770
7,4173,8,0.010760
7,16514,8,0.011666
7,14133,8,0.012849
7,4174,8,0.013834
7,1002615,8,0.015424
7,4176,8,0.021555
7,4177,8,0.027069
7,4178,8,0.032832
7,4179,8,0.049866
7,22368,8,0.036233
7,16606,8,0.026428
7,16608,8,0.023040
7,16609,8,0.024432
7,16611,8,0.023841
7,16612,8,0.017730
7,1001795,8,0.011213
7,8605,9,0.009865
7,8604,9,0.015106
7,3693,9,0.008738
7,3694,9,0.007742
7,3695,9,0.011559
7,3696,9,0.014860
7,3697,9,0.019169
7,3698,9,0.025801
7,6162,9,0.037062
7,3614,9,0.043093
7,3615,9,0.042755
7,3616,9,0.043757
7,3617,9,0.029572
7,3618,9,0.024462
7,8630,9,0.030745
7,6242,9,0.017607
7,3445,9,0.017904
7,6365,9,0.020731
7,6366,9,0.019873
7,1002188,9,0.018597
7,6164,9,0.013029
7,6165,9,0.013098
7,6166,9,0.010941
7,13919,9,0.013098
7,22638,9,0.016165
7,3450,9,0.015455
7,21551,9,0.019878
7,7258,9,0.020714
7,13134,9,0.017916
7,4173,9,0.020748
7,16514,9,0.030745
7,14133,9,0.027598
7,4174,9,0.032707
7,1002615,9,0.043757
7,4176,9,0.045891
7,4177,9,0.046225
7,4178,9,0.037062
7,4179,9,0.028936
7,22368,9,0.019157
7,16606,9,0.014872
7,16608,9,0.011559
7,16609,9,0.007731
7,16611,9,0.008749
7,16612,9,0.015106
7,1001795,9,0.009865
7,8605,10,0.013340
7,8604,10,0.019182
7,3693,10,0.019863
7,3694,10,0.018524
7,3695,10,0.013187
7,3696,10,0.019200
7,3697,10,0.021656
7,3698,10,0.027107
7,6162,10,0.025591
7,3614,10,0.026861
7,3615,10,0.029709
7,3616,10,0.034427
7,3617,10,0.042201
7,3618,10,0.036454
7,8630,10,0.030127
7,6242,10,0.020336
7,3445,10,0.017709
7,6365,10,0.013939
7,6366,10,0.016200
7,1002188,10,0.015645
7,6164,10,0.012657
7,6165,10,0.013232
7,6166,10,0.013460
7,13919,10,0.013232
7,22638,10,0.014698
7,3450,10,0.013604
7,21551,10,0.016200
7,7258,10,0.013939
7,13134,10,0.017709
7,4173,10,0.022378
7,16514,10,0.030127
7,14133,10,0.038495
7,4174,10,0.044241
7,1002615,10,0.034427
7,4176,10,0.031750
7,4177,10,0.028902
7,4178,10,0.025591
7,4179,10,0.029148
7,22368,10,0.021650
7,16606,10,0.019206
7,16608,10,0.013187
7,16609,10,0.018524
7,16611,10,0.019863
7,16612,10,0.019182
7,1001795,10,0.013340
7,8605,11,0.014500
7,8604,11,0.020066
7,3693,11,0.018861
7,3694,11,0.022951
7,3695,11,0.020754
7,3696,11,0.022408
7,3697,11,0.016604
7,3698,11,0.012879
7,6162,11,0.008795
7,3614,11,0.012402
7,3615,11,0.019053
7,3616,11,0.020079
7,3617,11,0.023911
7,3618,11,0.027557
7,8630,11,0.029668
7,6242,11,0.040952
7,3445,11,0.041078
7,6365,11,0.028060
7,6366,11,0.022296
7,1002188,11,0.018517
7,6164,11,0.021661
7,6165,11,0.021363
7,6166,11,0.020767
7,13919,11,0.021363
7,22638,11,0.023394
7,3450,11,0.016783
7,21551,11,0.022296
7,7258,11,0.028060
7,13134,11,0.041078
7,4173,11,0.042680
7,16514,11,0.029675
7,14133,11,0.029291
7,4174,11,0.025645
7,1002615,11,0.020079
7,4176,11,0.020787
7,4177,11,0.014136
7,4178,11,0.008795
7,4179,11,0.014612
7,22368,11,0.016604
7,16606,11,0.022408
7,16608,11,0.020754
7,16609,11,0.022951
7,16611,11,0.018861
7,16612,11,0.020066
7,1001795,11,0.014500
7,8605,12,0.006809
7,8604,12,0.011979
7,3693,12,0.012467
7,3694,12,0.011035
7,3695,12,0.012093
7,3696,12,0.013478
7,3697,12,0.018683
7,3698,12,0.023431
7,6162,12,0.020395
7,3614,12,0.018885
7,3615,12,0.017887
7,3616,12,0.018731
7,3617,12,0.017531
7,3618,12,0.018731
7,8630,12,0.022699
7,6242,12,0.023218
7,3445,12,0.031353
7,6365,12,0.038323
7,6366,12,0.040790
7,1002188,12,0.052344
7,6164,12,0.034710
7,6165,12,0.021695
7,6166,12,0.017452
7,13919,12,0.021695
7,22638,12,0.036035
7,3450,12,0.051017
7,21551,12,0.040790
7,7258,12,0.038323
7,13134,12,0.031353
7,4173,12,0.024554
7,16514,12,0.022699
7,14133,12,0.020067
7,4174,12,0.018867
7,1002615,12,0.018731
7,4176,12,0.019223
7,4177,12,0.020221
7,4178,12,0.020395
7,4179,12,0.024767
7,22368,12,0.018677
7,16606,12,0.013478
7,16608,12,0.012099
7,16609,12,0.011035
7,16611,12,0.012467
7,16612,12,0.011979
7,1001795,12,0.006809
7,8605,13,0.009979
7,8604,13,0.012508
7,3693,13,0.010880
7,3694,13,0.009656
7,3695,13,0.011652
7,3696,13,0.008768
7,3697,13,0.010764
7,3698,13,0.012864
7,6162,13,0.016746
7,3614,13,0.019869
7,3615,13,0.018369
7,3616,13,0.019722
7,3617,13,0.020034
7,3618,13,0.017934
7,8630,13,0.024980
7,6242,13,0.023543
7,3445,13,0.024988
7,6365,13,0.026745
7,6366,13,0.029286
7,1002188,13,0.037667
7,6164,13,0.047686
7,6165,13,0.052931
7,6166,13,0.056564
7,13919,13,0.052931
7,22638,13,0.049068
7,3450,13,0.036285
7,21551,13,0.029286
7,7258,13,0.026745
7,13134,13,0.024988
7,4173,13,0.024925
7,16514,13,0.024980
7,14133,13,0.019316
7,4174,13,0.021417
7,1002615,13,0.019722
7,4176,13,0.019751
7,4177,13,0.021251
7,4178,13,0.016746
7,4179,13,0.014247
7,22368,13,0.010764
7,16606,13,0.008768
7,16608,13,0.011652
7,16609,13,0.009656
7,16611,13,0.010880
7,16612,13,0.012508
7,1001795,13,0.009979
7,8605,14,0.008007
7,8604,14,0.013348
7,3693,14,0.016602
7,3694,14,0.011151
7,3695,14,0.011482
7,3696,14,0.009224
7,3697,14,0.010182
7,3698,14,0.008876
7,6162,14,0.012028
7,3614,14,0.013642
7,3615,14,0.010170
7,3616,14,0.018971
7,3617,14,0.027173
7,3618,14,0.023684
7,8630,14,0.025306
7,6242,14,0.026900
7,3445,14,0.023435
7,6365,14,0.026151
7,6366,14,0.035410
7,1002188,14,0.048793
7,6164,14,0.052123
7,6165,14,0.045937
7,6166,14,0.034716
7,13919,14,0.045937
7,22638,14,0.053473
7,3450,14,0.047438
7,21551,14,0.035416
7,7258,14,0.026134
7,13134,14,0.023452
7,4173,14,0.028249
7,16514,14,0.025306
7,14133,14,0.025033
7,4174,14,0.028522
7,1002615,14,0.018971
7,4176,14,0.011519
7,4177,14,0.014990
7,4178,14,0.012028
7,4179,14,0.010225
7,22368,14,0.010182
7,16606,14,0.009224
7,16608,14,0.011482
7,16609,14,0.011151
7,16611,14,0.016602
7,16612,14,0.013348
7,1001795,14,0.008007
7,8605,15,0.010671
7,8604,15,0.010758
7,3693,15,0.013213
7,3694,15,0.010671
7,3695,15,0.011273
7,3696,15,0.009972
7,3697,15,0.012460
7,3698,15,0.016731
7,6162,15,0.023527
7,3614,15,0.019782
7,3615,15,0.011788
7,3616,15,0.013685
7,3617,15,0.012075
7,3618,15,0.009533
7,8630,15,0.016080
7,6242,15,0.032936
7,3445,15,0.045314
7,6365,15,0.044680
7,6366,15,0.036849
7,1002188,15,0.040512
7,6164,15,0.041005
7,6165,15,0.034171
7,6166,15,0.036301
7,13919,15,0.034166
7,22638,15,0.042398
7,3450,15,0.039125
7,21551,15,0.036849
7,7258,15,0.044675
7,13134,15,0.045321
7,4173,15,0.034323
7,16514,15,0.016080
7,14133,15,0.010921
7,4174,15,0.013463
7,1002615,15,0.013685
7,4176,15,0.013175
7,4177,15,0.021169
7,4178,15,0.023527
7,4179,15,0.018118
7,22368,15,0.012460
7,16606,15,0.009972
7,16608,15,0.011273
7,16609,15,0.010671
7,16611,15,0.013213
7,16612,15,0.010758
7,1001795,15,0.010671
7,8605,16,0.012979
7,8604,16,0.016057
7,3693,16,0.015423
7,3694,16,0.017325
7,3695,16,0.013983
7,3696,16,0.011910
7,3697,16,0.012511
7,3698,16,0.011233
7,6162,16,0.009933
7,3614,16,0.010642
7,3615,16,0.012232
7,3616,16,0.016723
7,3617,16,0.028052
7,3618,16,0.031872
7,8630,16,0.032275
7,6242,16,0.031098
7,3445,16,0.034821
7,6365,16,0.034176
7,6366,16,0.029669
7,1002188,16,0.033344
7,6164,16,0.035364
7,6165,16,0.032458
7,6166,16,0.023814
7,13919,16,0.032458
7,22638,16,0.036700
7,3450,16,0.032006
7,21551,16,0.029669
7,7258,16,0.034160
7,13134,16,0.034837
7,4173,16,0.032436
7,16514,16,0.032275
7,14133,16,0.033210
7,4174,16,0.029390
7,1002615,16,0.016723
7,4176,16,0.013565
7,4177,16,0.011985
7,4178,16,0.009933
7,4179,16,0.012571
7,22368,16,0.012506
7,16606,16,0.011915
7,16608,16,0.013983
7,16609,16,0.017325
7,16611,16,0.015423
7,16612,16,0.016057
7,1001795,16,0.012979
7,8605,17,0.016303
7,8604,17,0.016198
7,3693,17,0.017445
7,3694,17,0.016203
7,3695,17,0.014645
7,3696,17,0.016300
7,3697,17,0.017418
7,3698,17,0.016617
7,6162,17,0.017731
7,3614,17,0.024880
7,3615,17,0.025170
7,3616,17,0.033011
7,3617,17,0.028718
7,3618,17,0.027666
7,8630,17,0.028814
7,6242,17,0.027864
7,3445,17,0.026029
7,6365,17,0.026482
7,6366,17,0.021296
7,1002188,17,0.022801
7,6164,17,0.021354
7,6165,17,0.022594
7,6166,17,0.019239
7,13919,17,0.022594
7,22638,17,0.022968
7,3450,17,0.021186
7,21551,17,0.021296
7,7258,17,0.026478
7,13134,17,0.026033
7,4173,17,0.029478
7,16514,17,0.028814
7,14133,17,0.029280
7,4174,17,0.030332
7,1002615,17,0.033010
7,4176,17,0.026780
7,4177,17,0.026498
7,4178,17,0.017731
7,4179,17,0.018231
7,22368,17,0.017410
7,16606,17,0.016309
7,16608,17,0.014645
7,16609,17,0.016199
7,16611,17,0.017449
7,16612,17,0.016198
7,1001795,17,0.016303
7,8605,18,0.013550
7,8604,18,0.010062
7,3693,18,0.013342
7,3694,18,0.010606
7,3695,18,0.013001
7,3696,18,0.015096
7,3697,18,0.019372
7,3698,18,0.028906
7,6162,18,0.031978
7,3614,18,0.029785
7,3615,18,0.027928
7,3616,18,0.031847
7,3617,18,0.030040
7,3618,18,0.029345
7,8630,18,0.029705
7,6242,18,0.025102
7,3445,18,0.022687
7,6365,18,0.018998
7,6366,18,0.019610
7,1002188,18,0.023248
7,6164,18,0.021290
7,6165,18,0.019239
7,6166,18,0.017670
7,13919,18,0.019239
7,22638,18,0.023433
7,3450,18,0.021105
7,21551,18,0.019610
7,7258,18,0.018998
7,13134,18,0.022687
7,4173,18,0.027245
7,16514,18,0.029705
7,14133,18,0.031488
7,4174,18,0.032181
7,1002615,18,0.031847
7,4176,18,0.030071
7,4177,18,0.031928
7,4178,18,0.031978
7,4179,18,0.031049
7,22368,18,0.019364
7,16606,18,0.015104
7,16608,18,0.013001
7,16609,18,0.010606
7,16611,18,0.013342
7,16612,18,0.010062
7,1001795,18,0.013550
7,8605,19,0.014057
7,8604,19,0.014088
7,3693,19,0.014337
7,3694,19,0.018183
7,3695,19,0.021020
7,3696,19,0.020054
7,3697,19,0.022836
7,3698,19,0.026058
7,6162,19,0.026736
7,3614,19,0.027819
7,3615,19,0.023630
7,3616,19,0.022249
7,3617,19,0.025599
7,3618,19,0.023453
7,8630,19,0.026738
7,6242,19,0.024480
7,3445,19,0.025544
7,6365,19,0.023802
7,6366,19,0.023606
7,1002188,19,0.024537
7,6164,19,0.016942
7,6165,19,0.018233
7,6166,19,0.016583
7,13919,19,0.018233
7,22638,19,0.019511
7,3450,19,0.021967
7,21551,19,0.023606
7,7258,19,0.023783
7,13134,19,0.025562
7,4173,19,0.027044
7,16514,19,0.026744
7,14133,19,0.026022
7,4174,19,0.028168
7,1002615,19,0.022249
7,4176,19,0.026200
7,4177,19,0.030389
7,4178,19,0.026736
7,4179,19,0.028627
7,22368,19,0.022836
7,16606,19,0.020054
7,16608,19,0.021020
7,16609,19,0.018183
7,16611,19,0.014337
7,16612,19,0.014088
7,1001795,19,0.014057
7,8605,20,0.026198
7,8604,20,0.025951
7,3693,20,0.034345
7,3694,20,0.032375
7,3695,20,0.029940
7,3696,20,0.027623
7,3697,20,0.025462
7,3698,20,0.021892
7,6162,20,0.021571
7,3614,20,0.020637
7,3615,20,0.020335
7,3616,20,0.019392
7,3617,20,0.015922
7,3618,20,0.015254
7,8630,20,0.015641
7,6242,20,0.012855
7,3445,20,0.013532
7,6365,20,0.018119
7,6366,20,0.016581
7,1002188,20,0.020787
7,6164,20,0.020793
7,6165,20,0.023470
7,6166,20,0.025493
7,13919,20,0.023470
7,22638,20,0.023653
7,3450,20,0.017927
7,21551,20,0.016581
7,7258,20,0.018110
7,13134,20,0.013541
7,4173,20,0.015715
7,16514,20,0.015641
7,14133,20,0.018113
7,4174,20,0.018782
7,1002615,20,0.019392
7,4176,20,0.023195
7,4177,20,0.023497
7,4178,20,0.021571
7,4179,20,0.024751
7,22368,20,0.025444
7,16606,20,0.027641
7,16608,20,0.029940
7,16609,20,0.032375
7,16611,20,0.034344
7,16612,20,0.025951
7,1001795,20,0.026198
7,8605,21,0.036699
7,8604,21,0.038365
7,3693,21,0.030122
7,3694,21,0.030724
7,3695,21,0.029412
7,3696,21,0.026401
7,3697,21,0.028717
7,3698,21,0.026216
7,6162,21,0.027297
7,3614,21,0.020704
7,3615,21,0.019608
7,3616,21,0.018620
7,3617,21,0.016381
7,3618,21,0.015655
7,8630,21,0.021275
7,6242,21,0.017678
7,3445,21,0.017076
7,6365,21,0.015748
7,6366,21,0.014250
7,1002188,21,0.015331
7,6164,21,0.008152
7,6165,21,0.010931
7,6166,21,0.011857
7,13919,21,0.010931
7,22638,21,0.011055
7,3450,21,0.012429
7,21551,21,0.014250
7,7258,21,0.015733
7,13134,21,0.017091
7,4173,21,0.020581
7,16514,21,0.021275
7,14133,21,0.018558
7,4174,21,0.019284
7,1002615,21,0.018620
7,4176,21,0.022510
7,4177,21,0.023607
7,4178,21,0.027297
7,4179,21,0.029118
7,22368,21,0.028686
7,16606,21,0.026432
7,16608,21,0.029412
7,16609,21,0.030724
7,16611,21,0.030122
7,16612,21,0.038367
7,1001795,21,0.036699
7,8605,22,0.051474
7,8604,22,0.036832
7,3693,22,0.041282
7,3694,22,0.034890
7,3695,22,0.035588
7,3696,22,0.032508
7,3697,22,0.023241
7,3698,22,0.025768
7,6162,22,0.025565
7,3614,22,0.022544
7,3615,22,0.019726
7,3616,22,0.017518
7,3617,22,0.013451
7,3618,22,0.013974
7,8630,22,0.013126
7,6242,22,0.009790
7,3445,22,0.011650
7,6365,22,0.009645
7,6366,22,0.010313
7,1002188,22,0.011732
7,6164,22,0.008251
7,6165,22,0.012952
7,6166,22,0.015305
7,13919,22,0.012952
7,22638,22,0.011761
7,3450,22,0.008221
7,21551,22,0.010313
7,7258,22,0.009645
7,13134,22,0.011650
7,4173,22,0.013300
7,16514,22,0.013126
7,14133,22,0.017484
7,4174,22,0.016961
7,1002615,22,0.017518
7,4176,22,0.023236
7,4177,22,0.026054
7,4178,22,0.025565
7,4179,22,0.029278
7,22368,22,0.023241
7,16606,22,0.032508
7,16608,22,0.035588
7,16609,22,0.034890
7,16611,22,0.041282
7,16612,22,0.036803
7,1001795,22,0.051499
7,8605,23,0.093657
7,8604,23,0.047199
7,3693,23,0.045247
7,3694,23,0.035471
7,3695,23,0.025605
7,3696,23,0.025157
7,3697,23,0.021435
7,3698,23,0.013946
7,6162,23,0.014170
7,3614,23,0.016188
7,3615,23,0.015919
7,3616,23,0.014350
7,3617,23,0.010359
7,3618,23,0.009058
7,8630,23,0.013611
7,6242,23,0.011166
7,3445,23,0.008700
7,6365,23,0.011345
7,6366,23,0.010717
7,1002188,23,0.012176
7,6164,23,0.011435
7,6165,23,0.015450
7,6166,23,0.011190
7,13919,23,0.015450
7,22638,23,0.015450
7,3450,23,0.008161
7,21551,23,0.010717
7,7258,23,0.011345
7,13134,23,0.008700
7,4173,23,0.015181
7,16514,23,0.013611
7,14133,23,0.013073
7,4174,23,0.014374
7,1002615,23,0.014350
7,4176,23,0.019934
7,4177,23,0.020203
7,4178,23,0.014170
7,4179,23,0.017961
7,22368,23,0.021435
7,16606,23,0.025157
7,16608,23,0.025605
7,16609,23,0.035471
7,16611,23,0.045202
7,16612,23,0.047243
7,1001795,23,0.093656
11,10463,0,0.145373
11,3707,0,0.051521
11,3636,0,0.041988
11,3637,0,0.030186
11,4070,0,0.023604
11,4073,0,0.023982
11,3638,0,0.018157
11,3639,0,0.021675
11,3640,0,0.010440
11,6257,0,0.009079
11,7896,0,0.009419
11,7897,0,0.010894
11,8843,0,0.019216
11,16917,0,0.011916
11,3644,0,0.009079
11,3645,0,0.009305
11,3646,0,0.018876
11,22812,0,0.015698
11,3648,0,0.006468
11,22817,0,0.008284
11,5854,0,0.005447
11,8595,0,0.027500
11,3650,0,0.015017
11,3651,0,0.008284
11,3652,0,0.006468
11,3653,0,0.006128
11,3654,0,0.009305
11,3655,0,0.009305
11,4531,0,0.009079
11,3656,0,0.011916
11,7120,0,0.009646
11,1233,0,0.010894
11,21896,0,0.009419
11,1235,0,0.009079
11,7164,0,0.010440
11,7165,0,0.021675
11,1238,0,0.018157
11,10149,0,0.014412
11,10150,0,0.023604
11,3657,0,0.030186
11,3658,0,0.041988
11,3659,0,0.051521
11,6152,0,0.145370
11,10463,1,0.199996
11,3707,1,0.022034
11,3636,1,0.013559
11,3637,1,0.006780
11,4070,1,0.033898
11,4073,1,0.068927
11,3638,1,0.025424
11,3639,1,0.006780
11,3640,1,0.040678
11,6257,1,0.006780
11,7896,1,0.001695
11,7897,1,0.001695
11,8843,1,0.018079
11,16917,1,0.001695
11,3644,1,0.005085
11,3645,1,0.005085
11,3646,1,0.014689
11,22812,1,0.014689
11,3648,1,0.001695
11,22817,1,0.005085
11,5854,1,0.003390
11,8595,1,0.048588
11,3650,1,0.018079
11,3651,1,0.005085
11,3652,1,0.001695
11,3653,1,0.000000
11,3654,1,0.000000
11,3655,1,0.005085
11,4531,1,0.005085
11,3656,1,0.001695
11,7120,1,0.003390
11,1233,1,0.000000
11,21896,1,0.003390
11,1235,1,0.006780
11,7164,1,0.038983
11,7165,1,0.008475
11,1238,1,0.025424
11,10149,1,0.054237
11,10150,1,0.033898
11,3657,1,0.006780
11,3658,1,0.013559
11,3659,1,0.022034
11,6152,1,0.200000
11,10463,2,0.333333
11,3707,2,0.041667
11,3636,2,0.000000
11,3637,2,0.041667
11,4070,2,0.083333
11,4073,2,0.000000
11,3638,2,0.000000
11,3639,2,0.000000
11,3640,2,0.000000
11,6257,2,0.000000
11,7896,2,0.000000
11,7897,2,0.000000
11,8843,2,0.000000
11,16917,2,0.000000
11,3644,2,0.000000
11,3645,2,0.000000
11,3646,2,0.000000
11,22812,2,0.000000
11,3648,2,0.000000
11,22817,2,0.000000
11,5854,2,0.000000
11,8595,2,0.000000
11,3650,2,0.000000
11,3651,2,0.000000
11,3652,2,0.000000
11,3653,2,0.000000
11,3654,2,0.000000
11,3655,2,0.000000
11,4531,2,0.000000
11,3656,2,0.000000
11,7120,2,0.000000
11,1233,2,0.000000
11,21896,2,0.000000
11,1235,2,0.000000
11,7164,2,0.000000
11,7165,2,0.000000
11,1238,2,0.000000
11,10149,2,0.000000
11,10150,2,0.083333
11,3657,2,0.041667
11,3658,2,0.000000
11,3659,2,0.041667
11,6152,2,0.333333
11,10463,3,0.023256
11,3707,3,0.023256
11,3636,3,0.023256
11,3637,3,0.023256
11,4070,3,0.023256
11,4073,3,0.023256
11,3638,3,0.023256
11,3639,3,0.023256
11,3640,3,0.023256
11,6257,3,0.023256
11,7896,3,0.023256
11,7897,3,0.023256
11,8843,3,0.023256
11,16917,3,0.023256
11,3644,3,0.023256
11,3645,3,0.023256
11,3646,3,0.023256
11,22812,3,0.023256
11,3648,3,0.023256
11,22817,3,0.023256
11,5854,3,0.023256
11,8595,3,0.023256
11,3650,3,0.023256
11,3651,3,0.023256
11,3652,3,0.023256
11,3653,3,0.023256
11,3654,3,0.023256
11,3655,3,0.023256
11,4531,3,0.023256
11,3656,3,0.023256
11,7120,3,0.023256
11,1233,3,0.023256
11,21896,3,0.023256
11,1235,3,0.023256
11,7164,3,0.023256
11,7165,3,0.023256
11,1238,3,0.023256
11,10149,3,0.023256
11,10150,3,0.023256
11,3657,3,0.023256
11,3658,3,0.023256
11,3659,3,0.023256
11,6152,3,0.023256
11,10463,4,0.250000
11,3707,4,0.000000
11,3636,4,0.000000
11,3637,4,0.000000
11,4070,4,0.000000
11,4073,4,0.000000
11,3638,4,0.000000
11,3639,4,0.000000
11,3640,4,0.000000
11,6257,4,0.000000
11,7896,4,0.000000
11,7897,4,0.000000
11,8843,4,0.000000
11,16917,4,0.000000
11,3644,4,0.000000
11,3645,4,0.000000
11,3646,4,0.000000
11,22812,4,0.000000
11,3648,4,0.000000
11,22817,4,0.000000
11,5854,4,0.000000
11,8595,4,0.500000
11,3650,4,0.000000
11,3651,4,0.000000
11,3652,4,0.000000
11,3653,4,0.000000
11,3654,4,0.000000
11,3655,4,0.000000
11,4531,4,0.000000
11,3656,4,0.000000
11,7120,4,0.000000
11,1233,4,0.000000
11,21896,4,0.000000
11,1235,4,0.000000
11,7164,4,0.000000
11,7165,4,0.000000
11,1238,4,0.000000
11,10149,4,0.000000
11,10150,4,0.000000
11,3657,4,0.000000
11,3658,4,0.000000
11,3659,4,0.000000
11,6152,4,0.250000
11,10463,5,0.148691
11,3707,5,0.107685
11,3636,5,0.045988
11,3637,5,0.064906
11,4070,5,0.051483
11,4073,5,0.016534
11,3638,5,0.007376
11,3639,5,0.017370
11,3640,5,0.007044
11,6257,5,0.003024
11,7896,5,0.004315
11,7897,5,0.001844
11,8843,5,0.003184
11,16917,5,0.003467
11,3644,5,0.001696
11,3645,5,0.003614
11,3646,5,0.001561
11,22812,5,0.001045
11,3648,5,0.001918
11,22817,5,0.001844
11,5854,5,0.002840
11,8595,5,0.005175
11,3650,5,0.002852
11,3651,5,0.001844
11,3652,5,0.001918
11,3653,5,0.001033
11,3654,5,0.001549
11,3655,5,0.003614
11,4531,5,0.001696
11,3656,5,0.003467
11,7120,5,0.003172
11,1233,5,0.001807
11,21896,5,0.004352
11,1235,5,0.003024
11,7164,5,0.007044
11,7165,5,0.017370
11,1238,5,0.007376
11,10149,5,0.016522
11,10150,5,0.051483
11,3657,5,0.064906
11,3658,5,0.045988
11,3659,5,0.107685
11,6152,5,0.148694
11,10463,6,0.044854
11,3707,6,0.086188
11,3636,6,0.061245
11,3637,6,0.050977
11,4070,6,0.064557
11,4073,6,0.025768
11,3638,6,0.031129
11,3639,6,0.023016
11,3640,6,0.012500
11,6257,6,0.006363
11,7896,6,0.009848
11,7897,6,0.021432
11,8843,6,0.012580
11,16917,6,0.011542
11,3644,6,0.007300
11,3645,6,0.010847
11,3646,6,0.006926
11,22812,6,0.004805
11,3648,6,0.004270
11,22817,6,0.002824
11,5854,6,0.000861
11,8595,6,0.003572
11,3650,6,0.001940
11,3651,6,0.002824
11,3652,6,0.004270
11,3653,6,0.003726
11,3654,6,0.005847
11,3655,6,0.010847
11,4531,6,0.007300
11,3656,6,0.011542
11,7120,6,0.011501
11,1233,6,0.021418
11,21896,6,0.009862
11,1235,6,0.006363
11,7164,6,0.012500
11,7165,6,0.023016
11,1238,6,0.031129
11,10149,6,0.024689
11,10150,6,0.064537
11,3657,6,0.050990
11,3658,6,0.061252
11,3659,6,0.086189
11,6152,6,0.044854
11,10463,7,0.012620
11,3707,7,0.035274
11,3636,7,0.046428
11,3637,7,0.054948
11,4070,7,0.062384
11,4073,7,0.045786
11,3638,7,0.022403
11,3639,7,0.016774
11,3640,7,0.009196
11,6257,7,0.007664
11,7896,7,0.007041
11,7897,7,0.012769
11,8843,7,0.018386
11,16917,7,0.019355
11,3644,7,0.017662
11,3645,7,0.020887
11,3646,7,0.027046
11,22812,7,0.023742
11,3648,7,0.013446
11,22817,7,0.011398
11,5854,7,0.011063
11,8595,7,0.017073
11,3650,7,0.014269
11,3651,7,0.011398
11,3652,7,0.013446
11,3653,7,0.020536
11,3654,7,0.023840
11,3655,7,0.020887
11,4531,7,0.017654
11,3656,7,0.019363
11,7120,7,0.015180
11,1233,7,0.012764
11,21896,7,0.007045
11,1235,7,0.007660
11,7164,7,0.009201
11,7165,7,0.016774
11,1238,7,0.022403
11,10149,7,0.042580
11,10150,7,0.062381
11,3657,7,0.054952
11,3658,7,0.046428
11,3659,7,0.035274
11,6152,7,0.012620
11,10463,8,0.006296
11,3707,8,0.012806
11,3636,8,0.023336
11,3637,8,0.026079
11,4070,8,0.040780
11,4073,8,0.048462
11,3638,8,0.037588
11,3639,8,0.045011
11,3640,8,0.038459
11,6257,8,0.019458
11,7896,8,0.016371
11,7897,8,0.014290
11,8843,8,0.017665
11,16917,8,0.013223
11,3644,8,0.014454
11,3645,8,0.021034
11,3646,8,0.028586
11,22812,8,0.023039
11,3648,8,0.014874
11,22817,8,0.014606
11,5854,8,0.017646
11,8595,8,0.024251
11,3650,8,0.021770
11,3651,8,0.014606
11,3652,8,0.014874
11,3653,8,0.018915
11,3654,8,0.024456
11,3655,8,0.021037
11,4531,8,0.014454
11,3656,8,0.013223
11,7120,8,0.013539
11,1233,8,0.014268
11,21896,8,0.016393
11,1235,8,0.019458
11,7164,8,0.038456
11,7165,8,0.045014
11,1238,8,0.037585
11,10149,8,0.044338
11,10150,8,0.040783
11,3657,8,0.026079
11,3658,8,0.023336
11,3659,8,0.012806
11,6152,8,0.006296
11,10463,9,0.006054
11,3707,9,0.010275
11,3636,9,0.014383
11,3637,9,0.013165
11,4070,9,0.019215
11,4073,9,0.033252
11,3638,9,0.033901
11,3639,9,0.039595
11,3640,9,0.048691
11,6257,9,0.047123
11,7896,9,0.047195
11,7897,9,0.038782
11,8843,9,0.030177
11,16917,9,0.019980
11,3644,9,0.014136
11,3645,9,0.013618
11,3646,9,0.018165
11,22812,9,0.020262
11,3648,9,0.014986
11,22817,9,0.010304
11,5854,9,0.008098
11,8595,9,0.014398
11,3650,9,0.013803
11,3651,9,0.010304
11,3652,9,0.014982
11,3653,9,0.014561
11,3654,9,0.012456
11,3655,9,0.013622
11,4531,9,0.014136
11,3656,9,0.019980
11,7120,9,0.024472
11,1233,9,0.038749
11,21896,9,0.047228
11,1235,9,0.047123
11,7164,9,0.048689
11,7165,9,0.039599
11,1238,9,0.033901
11,10149,9,0.027548
11,10150,9,0.019211
11,3657,9,0.013169
11,3658,9,0.014383
11,3659,9,0.010275
11,6152,9,0.006054
11,10463,10,0.014889
11,3707,10,0.013042
11,3636,10,0.014569
11,3637,10,0.012754
11,4070,10,0.010694
11,4073,10,0.021065
11,3638,10,0.018042
11,3639,10,0.022247
11,3640,10,0.032178
11,6257,10,0.035373
11,7896,10,0.037131
11,7897,10,0.046944
11,8843,10,0.056971
11,16917,10,0.031009
11,3644,10,0.026555
11,3645,10,0.021497
11,3646,10,0.020749
11,22812,10,0.018628
11,3648,10,0.013650
11,22817,10,0.014182
11,5854,10,0.014074
11,8595,10,0.021254
11,3650,10,0.018652
11,3651,10,0.014182
11,3652,10,0.013650
11,3653,10,0.014050
11,3654,10,0.016171
11,3655,10,0.021497
11,4531,10,0.026555
11,3656,10,0.031009
11,7120,10,0.052388
11,1233,10,0.046944
11,21896,10,0.037131
11,1235,10,0.035373
11,7164,10,0.032173
11,7165,10,0.022251
11,1238,10,0.018042
11,10149,10,0.016482
11,10150,10,0.010699
11,3657,10,0.012754
11,3658,10,0.014569
11,3659,10,0.013042
11,6152,10,0.014889
11,10463,11,0.013231
11,3707,11,0.014788
11,3636,11,0.015829
11,3637,11,0.013656
11,4070,11,0.010501
11,4073,11,0.011673
11,3638,11,0.015108
11,3639,11,0.016222
11,3640,11,0.014455
11,6257,11,0.019678
11,7896,11,0.023869
11,7897,11,0.036064
11,8843,11,0.041902
11,16917,11,0.033699
11,3644,11,0.039904
11,3645,11,0.052510
11,3646,11,0.046427
11,22812,11,0.032876
11,3648,11,0.020883
11,22817,11,0.014094
11,5854,11,0.011483
11,8595,11,0.012234
11,3650,11,0.014796
11,3651,11,0.014094
11,3652,11,0.020883
11,3653,11,0.029563
11,3654,11,0.043109
11,3655,11,0.052517
11,4531,11,0.039904
11,3656,11,0.033699
11,7120,11,0.038584
11,1233,11,0.036064
11,21896,11,0.023874
11,1235,11,0.019678
11,7164,11,0.014450
11,7165,11,0.016226
11,1238,11,0.015108
11,10149,11,0.008360
11,10150,11,0.010501
11,3657,11,0.013656
11,3658,11,0.015829
11,3659,11,0.014788
11,6152,11,0.013231
11,10463,12,0.013127
11,3707,12,0.013932
11,3636,12,0.013773
11,3637,12,0.011226
11,4070,12,0.011513
11,4073,12,0.015598
11,3638,12,0.014923
11,3639,12,0.016091
11,3640,12,0.012561
11,6257,12,0.012831
11,7896,12,0.016078
11,7897,12,0.023406
11,8843,12,0.025988
11,16917,12,0.026272
11,3644,12,0.025016
11,3645,12,0.031354
11,3646,12,0.042096
11,22812,12,0.044454
11,3648,12,0.045830
11,22817,12,0.042293
11,5854,12,0.028369
11,8595,12,0.035599
11,3650,12,0.031388
11,3651,12,0.042293
11,3652,12,0.045826
11,3653,12,0.041434
11,3654,12,0.039077
11,3655,12,0.031354
11,4531,12,0.025016
11,3656,12,0.026272
11,7120,12,0.022969
11,1233,12,0.023406
11,21896,12,0.016078
11,1235,12,0.012831
11,7164,12,0.012561
11,7165,12,0.016091
11,1238,12,0.014923
11,10149,12,0.012579
11,10150,12,0.011513
11,3657,12,0.011226
11,3658,12,0.013769
11,3659,12,0.013937
11,6152,12,0.013127
11,10463,13,0.004366
11,3707,13,0.006372
11,3636,13,0.008405
11,3637,13,0.009258
11,4070,13,0.007352
11,4073,13,0.010172
11,3638,13,0.011809
11,3639,13,0.013437
11,3640,13,0.016192
11,6257,13,0.016458
11,7896,13,0.011282
11,7897,13,0.014542
11,8843,13,0.018508
11,16917,13,0.022617
11,3644,13,0.024884
11,3645,13,0.026151
11,3646,13,0.036528
11,22812,13,0.041756
11,3648,13,0.044210
11,22817,13,0.057308
11,5854,13,0.065761
11,8595,13,0.074275
11,3650,13,0.068764
11,3651,13,0.057308
11,3652,13,0.044210
11,3653,13,0.038752
11,3654,13,0.033525
11,3655,13,0.026151
11,4531,13,0.024884
11,3656,13,0.022617
11,7120,13,0.015504
11,1233,13,0.014542
11,21896,13,0.011282
11,1235,13,0.016458
11,7164,13,0.016192
11,7165,13,0.013437
11,1238,13,0.011809
11,10149,13,0.007169
11,10150,13,0.007343
11,3657,13,0.009267
11,3658,13,0.008405
11,3659,13,0.006372
11,6152,13,0.004366
11,10463,14,0.002770
11,3707,14,0.005254
11,3636,14,0.004525
11,3637,14,0.006528
11,4070,14,0.006230
11,4073,14,0.008905
11,3638,14,0.006673
11,3639,14,0.006060
11,3640,14,0.006660
11,6257,14,0.008139
11,7896,14,0.010317
11,7897,14,0.018021
11,8843,14,0.022012
11,16917,14,0.023918
11,3644,14,0.018788
11,3645,14,0.021451
11,3646,14,0.036641
11,22812,14,0.056056
11,3648,14,0.067835
11,22817,14,0.071824
11,5854,14,0.070315
11,8595,14,0.051291
11,3650,14,0.073358
11,3651,14,0.071828
11,3652,14,0.067831
11,3653,14,0.053006
11,3654,14,0.033604
11,3655,14,0.021451
11,4531,14,0.018788
11,3656,14,0.023918
11,7120,14,0.018967
11,1233,14,0.018017
11,21896,14,0.010321
11,1235,14,0.008139
11,7164,14,0.006660
11,7165,14,0.006060
11,1238,14,0.006673
11,10149,14,0.005859
11,10150,14,0.006230
11,3657,14,0.006528
11,3658,14,0.004525
11,3659,14,0.005254
11,6152,14,0.002770
11,10463,15,0.002520
11,3707,15,0.004519
11,3636,15,0.005656
11,3637,15,0.006534
11,4070,15,0.006979
11,4073,15,0.009842
11,3638,15,0.007522
11,3639,15,0.012928
11,3640,15,0.010531
11,6257,15,0.013148
11,7896,15,0.015232
11,7897,15,0.018363
11,8843,15,0.022379
11,16917,15,0.024129
11,3644,15,0.028970
11,3645,15,0.034647
11,3646,15,0.058715
11,22812,15,0.062711
11,3648,15,0.047146
11,22817,15,0.047252
11,5854,15,0.045453
11,8595,15,0.039300
11,3650,15,0.048672
11,3651,15,0.047252
11,3652,15,0.047146
11,3653,15,0.059497
11,3654,15,0.055496
11,3655,15,0.034647
11,4531,15,0.028970
11,3656,15,0.024129
11,7120,15,0.019160
11,1233,15,0.018363
11,21896,15,0.015227
11,1235,15,0.013153
11,7164,15,0.010531
11,7165,15,0.012928
11,1238,15,0.007518
11,10149,15,0.006627
11,10150,15,0.006979
11,3657,15,0.006534
11,3658,15,0.005656
11,3659,15,0.004519
11,6152,15,0.002520
11,10463,16,0.007651
11,3707,16,0.013936
11,3636,16,0.013216
11,3637,16,0.011814
11,4070,16,0.012310
11,4073,16,0.014600
11,3638,16,0.012062
11,3639,16,0.013917
11,3640,16,0.013342
11,6257,16,0.013239
11,7896,16,0.018103
11,7897,16,0.020300
11,8843,16,0.034896
11,16917,16,0.048665
11,3644,16,0.044652
11,3645,16,0.033571
11,3646,16,0.036420
11,22812,16,0.034952
11,3648,16,0.032649
11,22817,16,0.026581
11,5854,16,0.030054
11,8595,16,0.036440
11,3650,16,0.033487
11,3651,16,0.026581
11,3652,16,0.032649
11,3653,16,0.031519
11,3654,16,0.032988
11,3655,16,0.033571
11,4531,16,0.044648
11,3656,16,0.048666
11,7120,16,0.031464
11,1233,16,0.020292
11,21896,16,0.018110
11,1235,16,0.013239
11,7164,16,0.013338
11,7165,16,0.013921
11,1238,16,0.012062
11,10149,16,0.011168
11,10150,16,0.012310
11,3657,16,0.011814
11,3658,16,0.013216
11,3659,16,0.013936
11,6152,16,0.007651
11,10463,17,0.007029
11,3707,17,0.011155
11,3636,17,0.018696
11,3637,17,0.019236
11,4070,17,0.019091
11,4073,17,0.024737
11,3638,17,0.023389
11,3639,17,0.025764
11,3640,17,0.026237
11,6257,17,0.038860
11,7896,17,0.037405
11,7897,17,0.032619
11,8843,17,0.034893
11,16917,17,0.025534
11,3644,17,0.022547
11,3645,17,0.022864
11,3646,17,0.024957
11,22812,17,0.027821
11,3648,17,0.022936
11,22817,17,0.017143
11,5854,17,0.015036
11,8595,17,0.016229
11,3650,17,0.019070
11,3651,17,0.017149
11,3652,17,0.022932
11,3653,17,0.023783
11,3654,17,0.020916
11,3655,17,0.022864
11,4531,17,0.022547
11,3656,17,0.025534
11,7120,17,0.030852
11,1233,17,0.032602
11,21896,17,0.037421
11,1235,17,0.038855
11,7164,17,0.026240
11,7165,17,0.025764
11,1238,17,0.023389
11,10149,17,0.020696
11,10150,17,0.019088
11,3657,17,0.019240
11,3658,17,0.018696
11,3659,17,0.011155
11,6152,17,0.007029
11,10463,18,0.007564
11,3707,18,0.011969
11,3636,18,0.013664
11,3637,18,0.012872
11,4070,18,0.018842
11,4073,18,0.026690
11,3638,18,0.025924
11,3639,18,0.036691
11,3640,18,0.035868
11,6257,18,0.044968
11,7896,18,0.031894
11,7897,18,0.029026
11,8843,18,0.038566
11,16917,18,0.028180
11,3644,18,0.029137
11,3645,18,0.023522
11,3646,18,0.024544
11,22812,18,0.021959
11,3648,18,0.014424
11,22817,18,0.013059
11,5854,18,0.011477
11,8595,18,0.014797
11,3650,18,0.016971
11,3651,18,0.013059
11,3652,18,0.014424
11,3653,18,0.016465
11,3654,18,0.019051
11,3655,18,0.023522
11,4531,18,0.029131
11,3656,18,0.028186
11,7120,18,0.033073
11,1233,18,0.029023
11,21896,18,0.031897
11,1235,18,0.044971
11,7164,18,0.035868
11,7165,18,0.036691
11,1238,18,0.025924
11,10149,18,0.021196
11,10150,18,0.018842
11,3657,18,0.012872
11,3658,18,0.013664
11,3659,18,0.011969
11,6152,18,0.007564
11,10463,19,0.011816
11,3707,19,0.017280
11,3636,19,0.021172
11,3637,19,0.019363
11,4070,19,0.031814
11,4073,19,0.045123
11,3638,19,0.032872
11,3639,19,0.025349
11,3640,19,0.025265
11,6257,19,0.025989
11,7896,19,0.020867
11,7897,19,0.020360
11,8843,19,0.034014
11,16917,19,0.027303
11,3644,19,0.021228
11,3645,19,0.022792
11,3646,19,0.025249
11,22812,19,0.022342
11,3648,19,0.015495
11,22817,19,0.016199
11,5854,19,0.015487
11,8595,19,0.022696
11,3650,19,0.021305
11,3651,19,0.016199
11,3652,19,0.015495
11,3653,19,0.016524
11,3654,19,0.019427
11,3655,19,0.022796
11,4531,19,0.021228
11,3656,19,0.027303
11,7120,19,0.028192
11,1233,19,0.020352
11,21896,19,0.020879
11,1235,19,0.025989
11,7164,19,0.025265
11,7165,19,0.025349
11,1238,19,0.032872
11,10149,19,0.039305
11,10150,19,0.031806
11,3657,19,0.019371
11,3658,19,0.021172
11,3659,19,0.017276
11,6152,19,0.011820
11,10463,20,0.013579
11,3707,20,0.020325
11,3636,20,0.042808
11,3637,20,0.035735
11,4070,20,0.035302
11,4073,20,0.034572
11,3638,20,0.027232
11,3639,20,0.026954
11,3640,20,0.023466
11,6257,20,0.023194
11,7896,20,0.024431
11,7897,20,0.024048
11,8843,20,0.025408
11,16917,20,0.013894
11,3644,20,0.012565
11,3645,20,0.011644
11,3646,20,0.019367
11,22812,20,0.020418
11,3648,20,0.016133
11,22817,20,0.018755
11,5854,20,0.023003
11,8595,20,0.032068
11,3650,20,0.028914
11,3651,20,0.018755
11,3652,20,0.016133
11,3653,20,0.014507
11,3654,20,0.013455
11,3655,20,0.011644
11,4531,20,0.012565
11,3656,20,0.013894
11,7120,20,0.019497
11,1233,20,0.024042
11,21896,20,0.024437
11,1235,20,0.023194
11,7164,20,0.023466
11,7165,20,0.026954
11,1238,20,0.027232
11,10149,20,0.028661
11,10150,20,0.035289
11,3657,20,0.035747
11,3658,20,0.042809
11,3659,20,0.020325
11,6152,20,0.013579
11,10463,21,0.029114
11,3707,21,0.030608
11,3636,21,0.038822
11,3637,21,0.032666
11,4070,21,0.033669
11,4073,21,0.032635
11,3638,21,0.032410
11,3639,21,0.027793
11,3640,21,0.022972
11,6257,21,0.017863
11,7896,21,0.013298
11,7897,21,0.013840
11,8843,21,0.018508
11,16917,21,0.014884
11,3644,21,0.015693
11,3645,21,0.023289
11,3646,21,0.028049
11,22812,21,0.029769
11,3648,21,0.015099
11,22817,21,0.015734
11,5854,21,0.014065
11,8595,21,0.017730
11,3650,21,0.020494
11,3651,21,0.015734
11,3652,21,0.015099
11,3653,21,0.023299
11,3654,21,0.021661
11,3655,21,0.023289
11,4531,21,0.015693
11,3656,21,0.014884
11,7120,21,0.012080
11,1233,21,0.013840
11,21896,21,0.013298
11,1235,21,0.017863
11,7164,21,0.022972
11,7165,21,0.027793
11,1238,21,0.032410
11,10149,21,0.026206
11,10150,21,0.033669
11,3657,21,0.032666
11,3658,21,0.038818
11,3659,21,0.030608
11,6152,21,0.029114
11,10463,22,0.037437
11,3707,22,0.032420
11,3636,22,0.033154
11,3637,22,0.032182
11,4070,22,0.029961
11,4073,22,0.035797
11,3638,22,0.024211
11,3639,22,0.020126
11,3640,22,0.027602
11,6257,22,0.022862
11,7896,22,0.024270
11,7897,22,0.024270
11,8843,22,0.031019
11,16917,22,0.020344
11,3644,22,0.017489
11,3645,22,0.013325
11,3646,22,0.019201
11,22812,22,0.021699
11,3648,22,0.013761
11,22817,22,0.010826
11,5854,22,0.010390
11,8595,22,0.018229
11,3650,22,0.018031
11,3651,22,0.010826
11,3652,22,0.013761
11,3653,22,0.014059
11,3654,22,0.011560
11,3655,22,0.013325
11,4531,22,0.017489
11,3656,22,0.020344
11,7120,22,0.023358
11,1233,22,0.024270
11,21896,22,0.024290
11,1235,22,0.022862
11,7164,22,0.027602
11,7165,22,0.020126
11,1238,22,0.024211
11,10149,22,0.028157
11,10150,22,0.029921
11,3657,22,0.032222
11,3658,22,0.033154
11,3659,22,0.032420
11,6152,22,0.037437
11,10463,23,0.038914
11,3707,23,0.035814
11,3636,23,0.040686
11,3637,23,0.041218
11,4070,23,0.037933
11,4073,23,0.034316
11,3638,23,0.025089
11,3639,23,0.025183
11,3640,23,0.029486
11,6257,23,0.016673
11,7896,23,0.016452
11,7897,23,0.014237
11,8843,23,0.019004
11,16917,23,0.012244
11,3644,23,0.012054
11,3645,23,0.015756
11,3646,23,0.024603
11,22812,23,0.025300
11,3648,23,0.012434
11,22817,23,0.013383
11,5854,23,0.012054
11,8595,23,0.019067
11,3650,23,0.020301
11,3651,23,0.013383
11,3652,23,0.012434
11,3653,23,0.017053
11,3654,23,0.016357
11,3655,23,0.015756
11,4531,23,0.012054
11,3656,23,0.012244
11,7120,23,0.010757
11,1233,23,0.014237
11,21896,23,0.016452
11,1235,23,0.016673
11,7164,23,0.029486
11,7165,23,0.025183
11,1238,23,0.025089
11,10149,23,0.026038
11,10150,23,0.037965
11,3657,23,0.041224
11,3658,23,0.040686
11,3659,23,0.035814
11,6152,23,0.038914
12,10463,0,0.147079
12,3707,0,0.046716
12,3636,0,0.049547
12,3637,0,0.028737
12,4070,0,0.020810
12,4073,0,0.020931
12,3638,0,0.014581
12,3639,0,0.015289
12,3640,0,0.010334
12,6257,0,0.009485
12,7896,0,0.011608
12,7897,0,0.008494
12,8843,0,0.012579
12,16917,0,0.008352
12,3644,0,0.008777
12,3645,0,0.009060
12,3646,0,0.011022
12,21450,0,0.008190
12,4659,0,0.010193
12,22816,0,0.005946
12,4074,0,0.005663
12,3927,0,0.005946
12,4657,0,0.004672
12,10406,0,0.005096
12,4661,0,0.005663
12,16114,0,0.017554
12,3941,0,0.005096
12,6090,0,0.004672
12,6264,0,0.009040
12,1009094,0,0.008757
12,14572,0,0.009040
12,22095,0,0.010193
12,6009,0,0.005096
12,15496,0,0.007928
12,7606,0,0.012154
12,14922,0,0.011871
12,6011,0,0.011446
12,6012,0,0.009485
12,6013,0,0.008494
12,22949,0,0.011608
12,6014,0,0.012579
12,6023,0,0.013428
12,8610,0,0.015289
12,8611,0,0.014581
12,1000509,0,0.017837
12,6016,0,0.020810
12,6020,0,0.031831
12,5387,0,0.052641
12,10737,0,0.046716
12,8439,0,0.147084
12,10463,1,0.279071
12,3707,1,0.011628
12,3636,1,0.003876
12,3637,1,0.003876
12,4070,1,0.007752
12,4073,1,0.011074
12,3638,1,0.000000
12,3639,1,0.027132
12,3640,1,0.019380
12,6257,1,0.000000
12,7896,1,0.003876
12,7897,1,0.003876
12,8843,1,0.003322
12,16917,1,0.003876
12,3644,1,0.003876
12,3645,1,0.003876
12,3646,1,0.003322
12,21450,1,0.003322
12,4659,1,0.007752
12,22816,1,0.003876
12,4074,1,0.000000
12,3927,1,0.003876
12,4657,1,0.003876
12,10406,1,0.003876
12,4661,1,0.003876
12,16114,1,0.143411
12,3941,1,0.003876
12,6090,1,0.003876
12,6264,1,0.007198
12,1009094,1,0.003322
12,14572,1,0.007198
12,22095,1,0.007752
12,6009,1,0.000000
12,15496,1,0.000000
12,7606,1,0.007198
12,14922,1,0.007198
12,6011,1,0.007198
12,6012,1,0.000000
12,6013,1,0.003876
12,22949,1,0.003876
12,6014,1,0.003322
12,6023,1,0.022702
12,8610,1,0.027132
12,8611,1,0.000000
12,1000509,1,0.007752
12,6016,1,0.007752
12,6020,1,0.007198
12,5387,1,0.007198
12,10737,1,0.011628
12,8439,1,0.279070
12,10463,2,0.020000
12,3707,2,0.020000
12,3636,2,0.020000
12,3637,2,0.020000
12,4070,2,0.020000
12,4073,2,0.020000
12,3638,2,0.020000
12,3639,2,0.020000
12,3640,2,0.020000
12,6257,2,0.020000
12,7896,2,0.020000
12,7897,2,0.020000
12,8843,2,0.020000
12,16917,2,0.020000
12,3644,2,0.020000
12,3645,2,0.020000
12,3646,2,0.020000
12,21450,2,0.020000
12,4659,2,0.020000
12,22816,2,0.020000
12,4074,2,0.020000
12,3927,2,0.020000
12,4657,2,0.020000
12,10406,2,0.020000
12,4661,2,0.020000
12,16114,2,0.020000
12,3941,2,0.020000
12,6090,2,0.020000
12,6264,2,0.020000
12,1009094,2,0.020000
12,14572,2,0.020000
12,22095,2,0.020000
12,6009,2,0.020000
12,15496,2,0.020000
12,7606,2,0.020000
12,14922,2,0.020000
12,6011,2,0.020000
12,6012,2,0.020000
12,6013,2,0.020000
12,22949,2,0.020000
12,6014,2,0.020000
12,6023,2,0.020000
12,8610,2,0.020000
12,8611,2,0.020000
12,1000509,2,0.020000
12,6016,2,0.020000
12,6020,2,0.020000
12,5387,2,0.020000
12,10737,2,0.020000
12,8439,2,0.020000
12,10463,3,0.020000
12,3707,3,0.020000
12,3636,3,0.020000
12,3637,3,0.020000
12,4070,3,0.020000
12,4073,3,0.020000
12,3638,3,0.020000
12,3639,3,0.020000
12,3640,3,0.020000
12,6257,3,0.020000
12,7896,3,0.020000
12,7897,3,0.020000
12,8843,3,0.020000
12,16917,3,0.020000
12,3644,3,0.020000
12,3645,3,0.020000
12,3646,3,0.020000
12,21450,3,0.020000
12,4659,3,0.020000
12,22816,3,0.020000
12,4074,3,0.020000
12,3927,3,0.020000
12,4657,3,0.020000
12,10406,3,0.020000
12,4661,3,0.020000
12,16114,3,0.020000
12,3941,3,0.020000
12,6090,3,0.020000
12,6264,3,0.020000
12,1009094,3,0.020000
12,14572,3,0.020000
12,22095,3,0.020000
12,6009,3,0.020000
12,15496,3,0.020000
12,7606,3,0.020000
12,14922,3,0.020000
12,6011,3,0.020000
12,6012,3,0.020000
12,6013,3,0.020000
12,22949,3,0.020000
12,6014,3,0.020000
12,6023,3,0.020000
12,8610,3,0.020000
12,8611,3,0.020000
12,1000509,3,0.020000
12,6016,3,0.020000
12,6020,3,0.020000
12,5387,3,0.020000
12,10737,3,0.020000
12,8439,3,0.020000
12,10463,4,0.267345
12,3707,4,0.027457
12,3636,4,0.027457
12,3637,4,0.020231
12,4070,4,0.008671
12,4073,4,0.007225
12,3638,4,0.008671
12,3639,4,0.005780
12,3640,4,0.010116
12,6257,4,0.010116
12,7896,4,0.013006
12,7897,4,0.007225
12,8843,4,0.007225
12,16917,4,0.013006
12,3644,4,0.005780
12,3645,4,0.000000
12,3646,4,0.002890
12,21450,4,0.002890
12,4659,4,0.004335
12,22816,4,0.004335
12,4074,4,0.007225
12,3927,4,0.005780
12,4657,4,0.005780
12,10406,4,0.005780
12,4661,4,0.005780
12,16114,4,0.037572
12,3941,4,0.005780
12,6090,4,0.005780
12,6264,4,0.005780
12,1009094,4,0.007225
12,14572,4,0.004335
12,22095,4,0.004335
12,6009,4,0.002890
12,15496,4,0.002890
12,7606,4,0.000000
12,14922,4,0.005780
12,6011,4,0.013006
12,6012,4,0.007225
12,6013,4,0.007225
12,22949,4,0.013006
12,6014,4,0.010116
12,6023,4,0.010116
12,8610,4,0.005780
12,8611,4,0.008671
12,1000509,4,0.007225
12,6016,4,0.008671
12,6020,4,0.020231
12,5387,4,0.027457
12,10737,4,0.027457
12,8439,4,0.267341
12,10463,5,0.188679
12,3707,5,0.095876
12,3636,5,0.044501
12,3637,5,0.050831
12,4070,5,0.022088
12,4073,5,0.014970
12,3638,5,0.010677
12,3639,5,0.013068
12,3640,5,0.005597
12,6257,5,0.004130
12,7896,5,0.004184
12,7897,5,0.003450
12,8843,5,0.002907
12,16917,5,0.002798
12,3644,5,0.002581
12,3645,5,0.002744
12,3646,5,0.002391
12,21450,5,0.003124
12,4659,5,0.002364
12,22816,5,0.003206
12,4074,5,0.002418
12,3927,5,0.001875
12,4657,5,0.004238
12,10406,5,0.005461
12,4661,5,0.005298
12,16114,5,0.006058
12,3941,5,0.005461
12,6090,5,0.004238
12,6264,5,0.001929
12,1009094,5,0.002472
12,14572,5,0.003260
12,22095,5,0.002364
12,6009,5,0.003070
12,15496,5,0.002336
12,7606,5,0.002798
12,14922,5,0.002635
12,6011,5,0.002853
12,6012,5,0.002853
12,6013,5,0.003450
12,22949,5,0.004184
12,6014,5,0.004184
12,6023,5,0.005651
12,8610,5,0.013068
12,8611,5,0.010677
12,1000509,5,0.014915
12,6016,5,0.022088
12,6020,5,0.050886
12,5387,5,0.044556
12,10737,5,0.095876
12,8439,5,0.188682
12,10463,6,0.062272
12,3707,6,0.061111
12,3636,6,0.048464
12,3637,6,0.056713
12,4070,6,0.041109
12,4073,6,0.031905
12,3638,6,0.028315
12,3639,6,0.022614
12,3640,6,0.013573
12,6257,6,0.011326
12,7896,6,0.012750
12,7897,6,0.012922
12,8843,6,0.011838
12,16917,6,0.010426
12,3644,6,0.008683
12,3645,6,0.009328
12,3646,6,0.007804
12,21450,6,0.008736
12,4659,6,0.006946
12,22816,6,0.007649
12,4074,6,0.005286
12,3927,6,0.004999
12,4657,6,0.004163
12,10406,6,0.004022
12,4661,6,0.003690
12,16114,6,0.003767
12,3941,6,0.004022
12,6090,6,0.004163
12,6264,6,0.006105
12,1009094,6,0.006386
12,14572,6,0.008761
12,22095,6,0.006946
12,6009,6,0.007629
12,15496,6,0.006697
12,7606,6,0.010434
12,14922,6,0.009789
12,6011,6,0.011532
12,6012,6,0.010732
12,6013,6,0.012916
12,22949,6,0.012756
12,6014,6,0.012432
12,6023,6,0.014680
12,8610,6,0.022614
12,8611,6,0.028315
12,1000509,6,0.030798
12,6016,6,0.041109
12,6020,6,0.057819
12,5387,6,0.049570
12,10737,6,0.061111
12,8439,6,0.062273
12,10463,7,0.033905
12,3707,7,0.037140
12,3636,7,0.033645
12,3637,7,0.032522
12,4070,7,0.041417
12,4073,7,0.039721
12,3638,7,0.029277
12,3639,7,0.026469
12,3640,7,0.024677
12,6257,7,0.018147
12,7896,7,0.012915
12,7897,7,0.016955
12,8843,7,0.017614
12,16917,7,0.012860
12,3644,7,0.014125
12,3645,7,0.015459
12,3646,7,0.017422
12,21450,7,0.013563
12,4659,7,0.010230
12,22816,7,0.009269
12,4074,7,0.006233
12,3927,7,0.006306
12,4657,7,0.007332
12,10406,7,0.007982
12,4661,7,0.008835
12,16114,7,0.008857
12,3941,7,0.007982
12,6090,7,0.007332
12,6264,7,0.008295
12,1009094,7,0.008222
12,14572,7,0.011258
12,22095,7,0.010230
12,6009,7,0.011574
12,15496,7,0.015433
12,7606,7,0.017448
12,14922,7,0.016114
12,6011,7,0.014849
12,6012,7,0.015625
12,6013,7,0.016955
12,22949,7,0.012915
12,6014,7,0.020136
12,6023,7,0.026666
12,8610,7,0.026469
12,8611,7,0.029277
12,1000509,7,0.037732
12,6016,7,0.041414
12,6020,7,0.034518
12,5387,7,0.035634
12,10737,7,0.037140
12,8439,7,0.033905
12,10463,8,0.014337
12,3707,8,0.012158
12,3636,8,0.015444
12,3637,8,0.020550
12,4070,8,0.022516
12,4073,8,0.033217
12,3638,8,0.027943
12,3639,8,0.028175
12,3640,8,0.034703
12,6257,8,0.030928
12,7896,8,0.023950
12,7897,8,0.021060
12,8843,8,0.019204
12,16917,8,0.014817
12,3644,8,0.015121
12,3645,8,0.017053
12,3646,8,0.019839
12,21450,8,0.016553
12,4659,8,0.013872
12,22816,8,0.014933
12,4074,8,0.014491
12,3927,8,0.015728
12,4657,8,0.016823
12,10406,8,0.015345
12,4661,8,0.014547
12,16114,8,0.014570
12,3941,8,0.015345
12,6090,8,0.016823
12,6264,8,0.017955
12,1009094,8,0.016718
12,14572,8,0.017160
12,22095,8,0.013872
12,6009,8,0.014326
12,15496,8,0.017612
12,7606,8,0.019280
12,14922,8,0.017348
12,6011,8,0.017044
12,6012,8,0.016977
12,6013,8,0.021058
12,22949,8,0.023952
12,6014,8,0.033152
12,6023,8,0.036933
12,8610,8,0.028175
12,8611,8,0.027943
12,1000509,8,0.030991
12,6016,8,0.022516
12,6020,8,0.022777
12,5387,8,0.017671
12,10737,8,0.012158
12,8439,8,0.014337
12,10463,9,0.012284
12,3707,9,0.008277
12,3636,9,0.006130
12,3637,9,0.006440
12,4070,9,0.005789
12,4073,9,0.011490
12,3638,9,0.015593
12,3639,9,0.021138
12,3640,9,0.029070
12,6257,9,0.032398
12,7896,9,0.030389
12,7897,9,0.028607
12,8843,9,0.031420
12,16917,9,0.024412
12,3644,9,0.020173
12,3645,9,0.018258
12,3646,9,0.022204
12,21450,9,0.019555
12,4659,9,0.017347
12,22816,9,0.021229
12,4074,9,0.025856
12,3927,9,0.024188
12,4657,9,0.022779
12,10406,9,0.017802
12,4661,9,0.018980
12,16114,9,0.019003
12,3941,9,0.017802
12,6090,9,0.022779
12,6264,9,0.026914
12,1009094,9,0.028578
12,14572,9,0.023959
12,22095,9,0.017347
12,6009,9,0.016829
12,15496,9,0.019478
12,7606,9,0.020984
12,14922,9,0.022899
12,6011,9,0.027138
12,6012,9,0.028694
12,6013,9,0.028607
12,22949,9,0.030389
12,6014,9,0.035129
12,6023,9,0.031796
12,8610,9,0.021138
12,8611,9,0.015593
12,1000509,9,0.008764
12,6016,9,0.005789
12,6020,9,0.009166
12,5387,9,0.008856
12,10737,9,0.008277
12,8439,9,0.012284
12,10463,10,0.010942
12,3707,10,0.010684
12,3636,10,0.009610
12,3637,10,0.009643
12,4070,10,0.007744
12,4073,10,0.010941
12,3638,10,0.006808
12,3639,10,0.010140
12,3640,10,0.011731
12,6257,10,0.018709
12,7896,10,0.032233
12,7897,10,0.032417
12,8843,10,0.036703
12,16917,10,0.032827
12,3644,10,0.033970
12,3645,10,0.029066
12,3646,10,0.028544
12,21450,10,0.026032
12,4659,10,0.020548
12,22816,10,0.018161
12,4074,10,0.020557
12,3927,10,0.018520
12,4657,10,0.017967
12,10406,10,0.018253
12,4661,10,0.020792
12,16114,10,0.020829
12,3941,10,0.018253
12,6090,10,0.017967
12,6264,10,0.020667
12,1009094,10,0.022704
12,14572,10,0.020307
12,22095,10,0.020548
12,6009,10,0.023885
12,15496,10,0.026393
12,7606,10,0.031217
12,14922,10,0.036117
12,6011,10,0.034974
12,6012,10,0.034556
12,6013,10,0.032417
12,22949,10,0.032233
12,6014,10,0.020856
12,6023,10,0.013877
12,8610,10,0.010140
12,8611,10,0.006808
12,1000509,10,0.008794
12,6016,10,0.007739
12,6020,10,0.011794
12,5387,10,0.011757
12,10737,10,0.010684
12,8439,10,0.010942
12,10463,11,0.008035
12,3707,11,0.010169
12,3636,11,0.012776
12,3637,11,0.016955
12,4070,11,0.020503
12,4073,11,0.018285
12,3638,11,0.015649
12,3639,11,0.017087
12,3640,11,0.014986
12,6257,11,0.014234
12,7896,11,0.014702
12,7897,11,0.017082
12,8843,11,0.023902
12,16917,11,0.027176
12,3644,11,0.026508
12,3645,11,0.031822
12,3646,11,0.031548
12,21450,11,0.030432
12,4659,11,0.029740
12,22816,11,0.026125
12,4074,11,0.019656
12,3927,11,0.018067
12,4657,11,0.017532
12,10406,11,0.016022
12,4661,11,0.016448
12,16114,11,0.016477
12,3941,11,0.016022
12,6090,11,0.017532
12,6264,11,0.019581
12,1009094,11,0.021171
12,14572,11,0.027640
12,22095,11,0.029740
12,6009,11,0.028917
12,15496,11,0.030034
12,7606,11,0.033338
12,14922,11,0.028023
12,6011,11,0.028690
12,6012,11,0.022387
12,6013,11,0.017082
12,22949,11,0.014702
12,6014,11,0.015749
12,6023,11,0.016501
12,8610,11,0.017087
12,8611,11,0.015649
12,1000509,11,0.016770
12,6016,11,0.020503
12,6020,11,0.018469
12,5387,11,0.014291
12,10737,11,0.010169
12,8439,11,0.008035
12,10463,12,0.013939
12,3707,12,0.014674
12,3636,12,0.012633
12,3637,12,0.011017
12,4070,12,0.010200
12,4073,12,0.011165
12,3638,12,0.010026
12,3639,12,0.011081
12,3640,12,0.010634
12,6257,12,0.011857
12,7896,12,0.014364
12,7897,12,0.013035
12,8843,12,0.014370
12,16917,12,0.016729
12,3644,12,0.016428
12,3645,12,0.023372
12,3646,12,0.039143
12,21450,12,0.039760
12,4659,12,0.042432
12,22816,12,0.032586
12,4074,12,0.029782
12,3927,12,0.030595
12,4657,12,0.026961
12,10406,12,0.020153
12,4661,12,0.018984
12,16114,12,0.019003
12,3941,12,0.020153
12,6090,12,0.026961
12,6264,12,0.031948
12,1009094,12,0.031144
12,14572,12,0.033943
12,22095,12,0.042430
12,6009,12,0.038403
12,15496,12,0.037786
12,7606,12,0.024729
12,14922,12,0.017785
12,6011,12,0.018086
12,6012,12,0.013012
12,6013,12,0.013035
12,22949,12,0.014364
12,6014,12,0.013215
12,6023,12,0.011991
12,8610,12,0.011081
12,8611,12,0.010026
12,1000509,12,0.009807
12,6016,12,0.010200
12,6020,12,0.012374
12,5387,12,0.013991
12,10737,12,0.014674
12,8439,12,0.013939
12,10463,13,0.010389
12,3707,13,0.013133
12,3636,13,0.012217
12,3637,13,0.012869
12,4070,13,0.013098
12,4073,13,0.013316
12,3638,13,0.010486
12,3639,13,0.010345
12,3640,13,0.010204
12,6257,13,0.012248
12,7896,13,0.016647
12,7897,13,0.016929
12,8843,13,0.018024
12,16917,13,0.018383
12,3644,13,0.016533
12,3645,13,0.015643
12,3646,13,0.013893
12,21450,13,0.015791
12,4659,13,0.022245
12,22816,13,0.031740
12,4074,13,0.039720
12,3927,13,0.038730
12,4657,13,0.038329
12,10406,13,0.038170
12,4661,13,0.036774
12,16114,13,0.036774
12,3941,13,0.038170
12,6090,13,0.038329
12,6264,13,0.040111
12,1009094,13,0.041102
12,14572,13,0.033121
12,22095,13,0.022245
12,6009,13,0.014410
12,15496,13,0.012512
12,7606,13,0.017024
12,14922,13,0.017914
12,6011,13,0.019764
12,6012,13,0.016643
12,6013,13,0.016925
12,22949,13,0.016652
12,6014,13,0.013629
12,6023,13,0.011585
12,8610,13,0.010345
12,8611,13,0.010486
12,1000509,13,0.011935
12,6016,13,0.013098
12,6020,13,0.014250
12,5387,13,0.013598
12,10737,13,0.013133
12,8439,13,0.010389
12,10463,14,0.014515
12,3707,14,0.015915
12,3636,14,0.011853
12,3637,14,0.013193
12,4070,14,0.012914
12,4073,14,0.013881
12,3638,14,0.012667
12,3639,14,0.012791
12,3640,14,0.013221
12,6257,14,0.014964
12,7896,14,0.013408
12,7897,14,0.011341
12,8843,14,0.010884
12,16917,14,0.012233
12,3644,14,0.014996
12,3645,14,0.015842
12,3646,14,0.018858
12,21450,14,0.016328
12,4659,14,0.014721
12,22816,14,0.019177
12,4074,14,0.023958
12,3927,14,0.036049
12,4657,14,0.049919
12,10406,14,0.051692
12,4661,14,0.050015
12,16114,14,0.050033
12,3941,14,0.051689
12,6090,14,0.049919
12,6264,14,0.037601
12,1009094,14,0.025510
12,14572,14,0.020729
12,22095,14,0.014721
12,6009,14,0.014772
12,15496,14,0.017311
12,7606,14,0.017394
12,14922,14,0.016548
12,6011,14,0.013785
12,6012,14,0.009328
12,6013,14,0.011336
12,22949,14,0.013418
12,6014,14,0.016516
12,6023,14,0.014773
12,8610,14,0.012791
12,8611,14,0.012663
12,1000509,14,0.012333
12,6016,14,0.012914
12,6020,14,0.014741
12,5387,14,0.013410
12,10737,14,0.015915
12,8439,14,0.014515
12,10463,15,0.017705
12,3707,15,0.019858
12,3636,15,0.019447
12,3637,15,0.018970
12,4070,15,0.017001
12,4073,15,0.017614
12,3638,15,0.011706
12,3639,15,0.009902
12,3640,15,0.010064
12,6257,15,0.008791
12,7896,15,0.011013
12,7897,15,0.012734
12,8843,15,0.013712
12,16917,15,0.012937
12,3644,15,0.013219
12,3645,15,0.015433
12,3646,15,0.016859
12,21450,15,0.021246
12,4659,15,0.026608
12,22816,15,0.026674
12,4074,15,0.027906
12,3927,15,0.033077
12,4657,15,0.035502
12,10406,15,0.040084
12,4661,15,0.037352
12,16114,15,0.037393
12,3941,15,0.040088
12,6090,15,0.035502
12,6264,15,0.034598
12,1009094,15,0.029423
12,14572,15,0.028200
12,22095,15,0.026608
12,6009,15,0.019725
12,15496,15,0.015334
12,7606,15,0.016959
12,14922,15,0.014740
12,6011,15,0.014458
12,6012,15,0.012191
12,6013,15,0.012734
12,22949,15,0.011013
12,6014,15,0.010312
12,6023,15,0.011585
12,8610,15,0.009894
12,8611,15,0.011714
12,1000509,15,0.016093
12,6016,15,0.016996
12,6020,15,0.020495
12,5387,15,0.020968
12,10737,15,0.019858
12,8439,15,0.017705
12,10463,16,0.016566
12,3707,16,0.018363
12,3636,16,0.016819
12,3637,16,0.017593
12,4070,16,0.018141
12,4073,16,0.018762
12,3638,16,0.013972
12,3639,16,0.014219
12,3640,16,0.014655
12,6257,16,0.012592
12,7896,16,0.015620
12,7897,16,0.015946
12,8843,16,0.019150
12,16917,16,0.017836
12,3644,16,0.019403
12,3645,16,0.022663
12,3646,16,0.025385
12,21450,16,0.028160
12,4659,16,0.030584
12,22816,16,0.028226
12,4074,16,0.031496
12,3927,16,0.022465
12,4657,16,0.023797
12,10406,16,0.018938
12,4661,16,0.014610
12,16114,16,0.014617
12,3941,16,0.018938
12,6090,16,0.023797
12,6264,16,0.023811
12,1009094,16,0.032839
12,14572,16,0.029571
12,22095,16,0.030584
12,6009,16,0.026814
12,15496,16,0.024040
12,7606,16,0.024009
12,14922,16,0.020749
12,6011,16,0.019181
12,6012,16,0.017804
12,6013,16,0.015946
12,22949,16,0.015620
12,6014,16,0.013938
12,6023,16,0.016001
12,8610,16,0.014219
12,8611,16,0.013972
12,1000509,16,0.017416
12,6016,16,0.018141
12,6020,16,0.018938
12,5387,16,0.018165
12,10737,16,0.018363
12,8439,16,0.016566
12,10463,17,0.007526
12,3707,17,0.008677
12,3636,17,0.008655
12,3637,17,0.010640
12,4070,17,0.013574
12,4073,17,0.014941
12,3638,17,0.015629
12,3639,17,0.016466
12,3640,17,0.019415
12,6257,17,0.021537
12,7896,17,0.022158
12,7897,17,0.023379
12,8843,17,0.031176
12,16917,17,0.031555
12,3644,17,0.031092
12,3645,17,0.028549
12,3646,17,0.029850
12,21450,17,0.032270
12,4659,17,0.026186
12,22816,17,0.022035
12,4074,17,0.019761
12,3927,17,0.016231
12,4657,17,0.015102
12,10406,17,0.014871
12,4661,17,0.013494
12,16114,17,0.013507
12,3941,17,0.014871
12,6090,17,0.015102
12,6264,17,0.017973
12,1009094,17,0.021503
12,14572,17,0.023777
12,22095,17,0.026186
12,6009,17,0.030528
12,15496,17,0.028108
12,7606,17,0.030291
12,14922,17,0.032834
12,6011,17,0.033294
12,6012,17,0.029434
12,6013,17,0.023376
12,22949,17,0.022162
12,6014,17,0.023279
12,6023,17,0.021157
12,8610,17,0.016463
12,8611,17,0.015632
12,1000509,17,0.013199
12,6016,17,0.013570
12,6020,17,0.012385
12,5387,17,0.010397
12,10737,17,0.008677
12,8439,17,0.007526
12,10463,18,0.005314
12,3707,18,0.007136
12,3636,18,0.006910
12,3637,18,0.007799
12,4070,18,0.008493
12,4073,18,0.011163
12,3638,18,0.010086
12,3639,18,0.012821
12,3640,18,0.016386
12,6257,18,0.017727
12,7896,18,0.024996
12,7897,18,0.028881
12,8843,18,0.032311
12,16917,18,0.029757
12,3644,18,0.031987
12,3645,18,0.035540
12,3646,18,0.032405
12,21450,18,0.028539
12,4659,18,0.022555
12,22816,18,0.022615
12,4074,18,0.021864
12,3927,18,0.021657
12,4657,18,0.021079
12,10406,18,0.017674
12,4661,18,0.017492
12,16114,18,0.017508
12,3941,18,0.017677
12,6090,18,0.021076
12,6264,18,0.023928
12,1009094,18,0.024132
12,14572,18,0.024883
12,22095,18,0.022555
12,6009,18,0.026271
12,15496,18,0.030134
12,7606,18,0.037808
12,14922,18,0.034258
12,6011,18,0.032025
12,6012,18,0.030043
12,6013,18,0.028868
12,22949,18,0.025008
12,6014,18,0.019995
12,6023,18,0.018654
12,8610,18,0.012821
12,8611,18,0.010086
12,1000509,18,0.008895
12,6016,18,0.008493
12,6020,18,0.010067
12,5387,18,0.009178
12,10737,18,0.007136
12,8439,18,0.005314
12,10463,19,0.007444
12,3707,19,0.009105
12,3636,19,0.010112
12,3637,19,0.010273
12,4070,19,0.009923
12,4073,19,0.013677
12,3638,19,0.015064
12,3639,19,0.020950
12,3640,19,0.023546
12,6257,19,0.019855
12,7896,19,0.022823
12,7897,19,0.021769
12,8843,19,0.022778
12,16917,19,0.020885
12,3644,19,0.021681
12,3645,19,0.019743
12,3646,19,0.022228
12,21450,19,0.026342
12,4659,19,0.022746
12,22816,19,0.024207
12,4074,19,0.024938
12,3927,19,0.028313
12,4657,19,0.025660
12,10406,19,0.024711
12,4661,19,0.023115
12,16114,19,0.023157
12,3941,19,0.024715
12,6090,19,0.025660
12,6264,19,0.031001
12,1009094,19,0.027642
12,14572,19,0.026899
12,22095,19,0.022750
12,6009,19,0.023646
12,15496,19,0.019532
12,7606,19,0.022439
12,14922,19,0.024377
12,6011,19,0.023581
12,6012,19,0.020082
12,6013,19,0.021769
12,22949,19,0.022823
12,6014,19,0.022551
12,6023,19,0.026242
12,8610,19,0.020950
12,8611,19,0.015064
12,1000509,19,0.010981
12,6016,19,0.009920
12,6020,19,0.012974
12,5387,19,0.012808
12,10737,19,0.009105
12,8439,19,0.007444
12,10463,20,0.010877
12,3707,20,0.012647
12,3636,20,0.012198
12,3637,20,0.017658
12,4070,20,0.019385
12,4073,20,0.026343
12,3638,20,0.024978
12,3639,20,0.023088
12,3640,20,0.023863
12,6257,20,0.025566
12,7896,20,0.027305
12,7897,20,0.024681
12,8843,20,0.023895
12,16917,20,0.021621
12,3644,20,0.017307
12,3645,20,0.017010
12,3646,20,0.017448
12,21450,20,0.016018
12,4659,20,0.016204
12,22816,20,0.016555
12,4074,20,0.014446
12,3927,20,0.018397
12,4657,20,0.020839
12,10406,20,0.021361
12,4661,20,0.022488
12,16114,20,0.022524
12,3941,20,0.021361
12,6090,20,0.020839
12,6264,20,0.020999
12,1009094,20,0.017048
12,14572,20,0.019157
12,22095,20,0.016204
12,6009,20,0.013410
12,15496,20,0.014852
12,7606,20,0.019611
12,14922,20,0.019908
12,6011,20,0.024222
12,6012,20,0.021294
12,6013,20,0.024675
12,22949,20,0.027311
12,6014,20,0.028166
12,6023,20,0.026465
12,8610,20,0.023088
12,8611,20,0.024978
12,1000509,20,0.023742
12,6016,20,0.019385
12,6020,20,0.020259
12,5387,20,0.014800
12,10737,20,0.012647
12,8439,20,0.010877
12,10463,21,0.021827
12,3707,21,0.028392
12,3636,21,0.028436
12,3637,21,0.032896
12,4070,21,0.025029
12,4073,21,0.027334
12,3638,21,0.029810
12,3639,21,0.032192
12,3640,21,0.025760
12,6257,21,0.021845
12,7896,21,0.018518
12,7897,21,0.018330
12,8843,21,0.019172
12,16917,21,0.016145
12,3644,21,0.016136
12,3645,21,0.018491
12,3646,21,0.021768
12,21450,21,0.019645
12,4659,21,0.015770
12,22816,21,0.016832
12,4074,21,0.011078
12,3927,21,0.008197
12,4657,21,0.008064
12,10406,21,0.005566
12,4661,21,0.004835
12,16114,21,0.004888
12,3941,21,0.005566
12,6090,21,0.008064
12,6264,21,0.010832
12,1009094,21,0.013714
12,14572,21,0.019467
12,22095,21,0.015770
12,6009,21,0.017010
12,15496,21,0.019133
12,7606,21,0.021126
12,14922,21,0.018771
12,6011,21,0.018780
12,6012,21,0.016537
12,6013,21,0.018330
12,22949,21,0.018509
12,6014,21,0.024489
12,6023,21,0.028396
12,8610,21,0.032192
12,8611,21,0.029810
12,1000509,21,0.024699
12,6016,21,0.025029
12,6020,21,0.035529
12,5387,21,0.031072
12,10737,21,0.028392
12,8439,21,0.021827
12,10463,22,0.037850
12,3707,22,0.029072
12,3636,22,0.036525
12,3637,22,0.042177
12,4070,22,0.035872
12,4073,22,0.032471
12,3638,22,0.031562
12,3639,22,0.028083
12,3640,22,0.019658
12,6257,22,0.017768
12,7896,22,0.021301
12,7897,22,0.018121
12,8843,22,0.020143
12,16917,22,0.017662
12,3644,22,0.012346
12,3645,22,0.013017
12,3646,22,0.012512
12,21450,22,0.011082
12,4659,22,0.009608
12,22816,22,0.007930
12,4074,22,0.007047
12,3927,22,0.009114
12,4657,22,0.008178
12,10406,22,0.006146
12,4661,22,0.006164
12,16114,22,0.006641
12,3941,22,0.006164
12,6090,22,0.008178
12,6264,22,0.011894
12,1009094,22,0.009828
12,14572,22,0.010711
12,22095,22,0.009608
12,6009,22,0.008301
12,15496,22,0.009732
12,7606,22,0.015798
12,14922,22,0.015126
12,6011,22,0.020443
12,6012,22,0.017362
12,6013,22,0.018121
12,22949,22,0.021301
12,6014,22,0.020549
12,6023,22,0.022439
12,8610,22,0.028083
12,8611,22,0.031562
12,1000509,22,0.029690
12,6016,22,0.035872
12,6020,22,0.044960
12,5387,22,0.039306
12,10737,22,0.029072
12,8439,22,0.037850
12,10463,23,0.057290
12,3707,23,0.043112
12,3636,23,0.041406
12,3637,23,0.035816
12,4070,23,0.033131
12,4073,23,0.025285
12,3638,23,0.026088
12,3639,23,0.019898
12,3640,23,0.018224
12,6257,23,0.016076
12,7896,23,0.011023
12,7897,23,0.011623
12,8843,23,0.014578
12,16917,23,0.011560
12,3644,23,0.011591
12,3645,23,0.011591
12,3646,23,0.015273
12,21450,23,0.013378
12,4659,23,0.010675
12,22816,23,0.009728
12,4074,23,0.011844
12,3927,23,0.011496
12,4657,23,0.010423
12,10406,23,0.009949
12,4661,23,0.008654
12,16114,23,0.009980
12,3941,23,0.009949
12,6090,23,0.010423
12,6264,23,0.014704
12,1009094,23,0.015052
12,14572,23,0.012936
12,22095,23,0.010675
12,6009,23,0.010170
12,15496,23,0.012065
12,7606,23,0.014799
12,14922,23,0.014799
12,6011,23,0.014768
12,6012,23,0.011370
12,6013,23,0.011591
12,22949,23,0.011054
12,6014,23,0.019284
12,6023,23,0.021432
12,8610,23,0.019898
12,8611,23,0.026056
12,1000509,23,0.022109
12,6016,23,0.033131
12,6020,23,0.039024
12,5387,23,0.044614
12,10737,23,0.043112
12,8439,23,0.057293
17,444863659,0,0.155100
17,535844745,0,0.117781
17,639572174,0,0.052806
17,535844754,0,0.038600
17,535844761,0,0.021775
17,243894862,0,0.010072
17,535844764,0,0.010946
17,535844768,0,0.012343
17,273091182,0,0.010422
17,243896132,0,0.009606
17,535844771,0,0.006171
17,535844774,0,0.006404
17,535844813,0,0.004425
17,535844810,0,0.005706
17,535844779,0,0.006404
17,535844816,0,0.006113
17,535844818,0,0.052515
17,535844784,0,0.053388
17,535844788,0,0.012343
17,535844782,0,0.010946
17,534957374,0,0.010072
17,535844777,0,0.021775
17,535844790,0,0.038600
17,1098654108,0,0.052806
17,679923004,0,0.117781
17,535844808,0,0.155100
17,444863659,1,0.294850
17,535844745,1,0.049554
17,639572174,1,0.022299
17,535844754,1,0.015857
17,535844761,1,0.011397
17,243894862,1,0.004955
17,535844764,1,0.003964
17,535844768,1,0.006442
17,273091182,1,0.006442
17,243896132,1,0.004955
17,535844771,1,0.004955
17,535844774,1,0.001487
17,535844813,1,0.000000
17,535844810,1,0.009911
17,535844779,1,0.001487
17,535844816,1,0.004955
17,535844818,1,0.072844
17,535844784,1,0.074331
17,535844788,1,0.006442
17,535844782,1,0.003964
17,534957374,1,0.004955
17,535844777,1,0.011397
17,535844790,1,0.015362
17,1098654108,1,0.022795
17,679923004,1,0.049554
17,535844808,1,0.294846
17,444863659,2,0.350000
17,535844745,2,0.000000
17,639572174,2,0.000000
17,535844754,2,0.000000
17,535844761,2,0.000000
17,243894862,2,0.000000
17,535844764,2,0.100000
17,535844768,2,0.000000
17,273091182,2,0.000000
17,243896132,2,0.000000
17,535844771,2,0.000000
17,535844774,2,0.000000
17,535844813,2,0.000000
17,535844810,2,0.000000
17,535844779,2,0.000000
17,535844816,2,0.000000
17,535844818,2,0.050000
17,535844784,2,0.050000
17,535844788,2,0.000000
17,535844782,2,0.100000
17,534957374,2,0.000000
17,535844777,2,0.000000
17,535844790,2,0.000000
17,1098654108,2,0.000000
17,679923004,2,0.000000
17,535844808,2,0.350000
17,444863659,3,0.038462
17,535844745,3,0.038462
17,639572174,3,0.038462
17,535844754,3,0.038462
17,535844761,3,0.038462
17,243894862,3,0.038462
17,535844764,3,0.038462
17,535844768,3,0.038462
17,273091182,3,0.038462
17,243896132,3,0.038462
17,535844771,3,0.038462
17,535844774,3,0.038462
17,535844813,3,0.038462
17,535844810,3,0.038462
17,535844779,3,0.038462
17,535844816,3,0.038462
17,535844818,3,0.038462
17,535844784,3,0.038462
17,535844788,3,0.038462
17,535844782,3,0.038462
17,534957374,3,0.038462
17,535844777,3,0.038462
17,535844790,3,0.038462
17,1098654108,3,0.038462
17,679923004,3,0.038462
17,535844808,3,0.038462
17,444863659,4,0.311309
17,535844745,4,0.157599
17,639572174,4,0.005613
17,535844754,4,0.002591
17,535844761,4,0.007772
17,243894862,4,0.002159
17,535844764,4,0.002591
17,535844768,4,0.000864
17,273091182,4,0.001295
17,243896132,4,0.000864
17,535844771,4,0.000864
17,535844774,4,0.002159
17,535844813,4,0.002591
17,535844810,4,0.006045
17,535844779,4,0.002159
17,535844816,4,0.000864
17,535844818,4,0.000864
17,535844784,4,0.001295
17,535844788,4,0.000864
17,535844782,4,0.002591
17,534957374,4,0.002159
17,535844777,4,0.007772
17,535844790,4,0.002591
17,1098654108,4,0.005613
17,679923004,4,0.157599
17,535844808,4,0.311313
17,444863659,5,0.150799
17,535844745,5,0.246605
17,639572174,5,0.048015
17,535844754,5,0.010212
17,535844761,5,0.016491
17,243894862,5,0.009070
17,535844764,5,0.008182
17,535844768,5,0.002125
17,273091182,5,0.001332
17,243896132,5,0.001713
17,535844771,5,0.001364
17,535844774,5,0.001300
17,535844813,5,0.001364
17,535844810,5,0.001935
17,535844779,5,0.001300
17,535844816,5,0.001364
17,535844818,5,0.002854
17,535844784,5,0.002474
17,535844788,5,0.002125
17,535844782,5,0.008182
17,534957374,5,0.009070
17,535844777,5,0.016491
17,535844790,5,0.010212
17,1098654108,5,0.048015
17,679923004,5,0.246607
17,535844808,5,0.150799
17,444863659,6,0.073204
17,535844745,6,0.170197
17,639572174,6,0.051421
17,535844754,6,0.059361
17,535844761,6,0.023787
17,243894862,6,0.019166
17,535844764,6,0.017871
17,535844768,6,0.008359
17,273091182,6,0.048031
17,243896132,6,0.013063
17,535844771,6,0.006503
17,535844774,6,0.001779
17,535844813,6,0.001785
17,535844810,6,0.001850
17,535844779,6,0.001779
17,535844816,6,0.006503
17,535844818,6,0.018502
17,535844784,6,0.053470
17,535844788,6,0.008359
17,535844782,6,0.017871
17,534957374,6,0.019166
17,535844777,6,0.023787
17,535844790,6,0.059361
17,1098654108,6,0.051421
17,679923004,6,0.170200
17,535844808,6,0.073204
17,444863659,7,0.005607
17,535844745,7,0.075213
17,639572174,7,0.066014
17,535844754,7,0.096638
17,535844761,7,0.035306
17,243894862,7,0.035380
17,535844764,7,0.011145
17,535844768,7,0.016158
17,273091182,7,0.042205
17,243896132,7,0.036910
17,535844771,7,0.035354
17,535844774,7,0.013877
17,535844813,7,0.022691
17,535844810,7,0.022710
17,535844779,7,0.013877
17,535844816,7,0.035354
17,535844818,7,0.044403
17,535844784,7,0.049691
17,535844788,7,0.016165
17,535844782,7,0.011145
17,534957374,7,0.035380
17,535844777,7,0.035306
17,535844790,7,0.096632
17,1098654108,7,0.066019
17,679923004,7,0.075213
17,535844808,7,0.005607
17,444863659,8,0.002867
17,535844745,8,0.009102
17,639572174,8,0.036668
17,535844754,8,0.130618
17,535844761,8,0.057173
17,243894862,8,0.073819
17,535844764,8,0.033971
17,535844768,8,0.017677
17,273091182,8,0.018968
17,243896132,8,0.038176
17,535844771,8,0.028903
17,535844774,8,0.019722
17,535844813,8,0.023563
17,535844810,8,0.023578
17,535844779,8,0.019726
17,535844816,8,0.028903
17,535844818,8,0.046940
17,535844784,8,0.027730
17,535844788,8,0.017679
17,535844782,8,0.033971
17,534957374,8,0.073819
17,535844777,8,0.057171
17,535844790,8,0.130619
17,1098654108,8,0.036668
17,679923004,8,0.009102
17,535844808,8,0.002867
17,444863659,9,0.005140
17,535844745,9,0.021571
17,639572174,9,0.031575
17,535844754,9,0.018923
17,535844761,9,0.075567
17,243894862,9,0.139064
17,535844764,9,0.049596
17,535844768,9,0.060338
17,273091182,9,0.032010
17,243896132,9,0.016465
17,535844771,9,0.010416
17,535844774,9,0.011153
17,535844813,9,0.013887
17,535844810,9,0.013903
17,535844779,9,0.011153
17,535844816,9,0.010416
17,535844818,9,0.030751
17,535844784,9,0.046294
17,535844788,9,0.060341
17,535844782,9,0.049596
17,534957374,9,0.139064
17,535844777,9,0.075567
17,535844790,9,0.018916
17,1098654108,9,0.031583
17,679923004,9,0.021571
17,535844808,9,0.005140
17,444863659,10,0.004774
17,535844745,10,0.010964
17,639572174,10,0.020192
17,535844754,10,0.023694
17,535844761,10,0.017858
17,243894862,10,0.043643
17,535844764,10,0.097410
17,535844768,10,0.115365
17,273091182,10,0.049005
17,243896132,10,0.058562
17,535844771,10,0.025119
17,535844774,10,0.011561
17,535844813,10,0.011594
17,535844810,10,0.011606
17,535844779,10,0.011561
17,535844816,10,0.025119
17,535844818,10,0.068816
17,535844784,10,0.059255
17,535844788,10,0.115367
17,535844782,10,0.097410
17,534957374,10,0.043643
17,535844777,10,0.017858
17,535844790,10,0.023694
17,1098654108,10,0.020192
17,679923004,10,0.010964
17,535844808,10,0.004774
17,444863659,11,0.001662
17,535844745,11,0.002023
17,639572174,11,0.004517
17,535844754,11,0.004092
17,535844761,11,0.013083
17,243894862,11,0.026206
17,535844764,11,0.030379
17,535844768,11,0.101782
17,273091182,11,0.084024
17,243896132,11,0.090821
17,535844771,11,0.056205
17,535844774,11,0.054396
17,535844813,11,0.021663
17,535844810,11,0.021663
17,535844779,11,0.054396
17,535844816,11,0.056205
17,535844818,11,0.099970
17,535844784,11,0.093170
17,535844788,11,0.101781
17,535844782,11,0.030379
17,534957374,11,0.026206
17,535844777,11,0.013083
17,535844790,11,0.004092
17,1098654108,11,0.004517
17,679923004,11,0.002023
17,535844808,11,0.001662
17,444863659,12,0.003377
17,535844745,12,0.009380
17,639572174,12,0.014558
17,535844754,12,0.009916
17,535844761,12,0.008617
17,243894862,12,0.005463
17,535844764,12,0.018765
17,535844768,12,0.020027
17,273091182,12,0.054995
17,243896132,12,0.108786
17,535844771,12,0.066201
17,535844774,12,0.077209
17,535844813,12,0.093764
17,535844810,12,0.093798
17,535844779,12,0.077209
17,535844816,12,0.066201
17,535844818,12,0.117713
17,535844784,12,0.063919
17,535844788,12,0.020024
17,535844782,12,0.018767
17,534957374,12,0.005463
17,535844777,12,0.008617
17,535844790,12,0.009916
17,1098654108,12,0.014558
17,679923004,12,0.009380
17,535844808,12,0.003377
17,444863659,13,0.003896
17,535844745,13,0.008434
17,639572174,13,0.010251
17,535844754,13,0.011419
17,535844761,13,0.008252
17,243894862,13,0.006015
17,535844764,13,0.005763
17,535844768,13,0.013619
17,273091182,13,0.021868
17,243896132,13,0.034871
17,535844771,13,0.114748
17,535844774,13,0.148136
17,535844813,13,0.102525
17,535844810,13,0.102552
17,535844779,13,0.148137
17,535844816,13,0.114748
17,535844818,13,0.045060
17,535844784,13,0.032047
17,535844788,13,0.013629
17,535844782,13,0.005763
17,534957374,13,0.006015
17,535844777,13,0.008252
17,535844790,13,0.011419
17,1098654108,13,0.010251
17,679923004,13,0.008434
17,535844808,13,0.003896
17,444863659,14,0.002718
17,535844745,14,0.005591
17,639572174,14,0.008608
17,535844754,14,0.007599
17,535844761,14,0.009027
17,243894862,14,0.009366
17,535844764,14,0.011276
17,535844768,14,0.016414
17,273091182,14,0.022660
17,243896132,14,0.056495
17,535844771,14,0.061331
17,535844774,14,0.103401
17,535844813,14,0.174747
17,535844810,14,0.174777
17,535844779,14,0.103401
17,535844816,14,0.061331
17,535844818,14,0.067247
17,535844784,14,0.033412
17,535844788,14,0.016414
17,535844782,14,0.011276
17,534957374,14,0.009366
17,535844777,14,0.009027
17,535844790,14,0.007599
17,1098654108,14,0.008608
17,679923004,14,0.005591
17,535844808,14,0.002718
17,444863659,15,0.010544
17,535844745,15,0.017976
17,639572174,15,0.012422
17,535844754,15,0.012144
17,535844761,15,0.007472
17,243894862,15,0.009166
17,535844764,15,0.013969
17,535844768,15,0.030825
17,273091182,15,0.041518
17,243896132,15,0.058242
17,535844771,15,0.063727
17,535844774,15,0.093536
17,535844813,15,0.117121
17,535844810,15,0.117138
17,535844779,15,0.093536
17,535844816,15,0.063727
17,535844818,15,0.069572
17,535844784,15,0.052847
17,535844788,15,0.030825
17,535844782,15,0.013969
17,534957374,15,0.009166
17,535844777,15,0.007472
17,535844790,15,0.012144
17,1098654108,15,0.012422
17,679923004,15,0.017976
17,535844808,15,0.010544
17,444863659,16,0.011946
17,535844745,16,0.029411
17,639572174,16,0.035788
17,535844754,16,0.027860
17,535844761,16,0.025605
17,243894862,16,0.022034
17,535844764,16,0.030104
17,535844768,16,0.035344
17,273091182,16,0.048820
17,243896132,16,0.052441
17,535844771,16,0.071321
17,535844774,16,0.060761
17,535844813,16,0.036532
17,535844810,16,0.036536
17,535844779,16,0.060761
17,535844816,16,0.071320
17,535844818,16,0.064473
17,535844784,16,0.060849
17,535844788,16,0.035346
17,535844782,16,0.030104
17,534957374,16,0.022034
17,535844777,16,0.025600
17,535844790,16,0.027858
17,1098654108,16,0.035795
17,679923004,16,0.029411
17,535844808,16,0.011946
17,444863659,17,0.001632
17,535844745,17,0.004860
17,639572174,17,0.015724
17,535844754,17,0.026246
17,535844761,17,0.044669
17,243894862,17,0.066096
17,535844764,17,0.067307
17,535844768,17,0.055980
17,273091182,17,0.066088
17,243896132,17,0.074411
17,535844771,17,0.036546
17,535844774,17,0.017646
17,535844813,17,0.007593
17,535844810,17,0.007595
17,535844779,17,0.017648
17,535844816,17,0.036546
17,535844818,17,0.089610
17,535844784,17,0.081283
17,535844788,17,0.055986
17,535844782,17,0.067307
17,534957374,17,0.066096
17,535844777,17,0.044667
17,535844790,17,0.026248
17,1098654108,17,0.015724
17,679923004,17,0.004860
17,535844808,17,0.001632
17,444863659,18,0.004236
17,535844745,18,0.011417
17,639572174,18,0.012369
17,535844754,18,0.034254
17,535844761,18,0.036487
17,243894862,18,0.048764
17,535844764,18,0.071280
17,535844768,18,0.093949
17,273091182,18,0.076387
17,243896132,18,0.040584
17,535844771,18,0.020573
17,535844774,18,0.012912
17,535844813,18,0.017941
17,535844810,18,0.017952
17,535844779,18,0.012912
17,535844816,18,0.020573
17,535844818,18,0.059424
17,535844784,18,0.095226
17,535844788,18,0.093945
17,535844782,18,0.071288
17,534957374,18,0.048764
17,535844777,18,0.036487
17,535844790,18,0.034252
17,1098654108,18,0.012371
17,679923004,18,0.011417
17,535844808,18,0.004236
17,444863659,19,0.007631
17,535844745,19,0.024868
17,639572174,19,0.033185
17,535844754,19,0.045260
17,535844761,19,0.042196
17,243894862,19,0.059733
17,535844764,19,0.059599
17,535844768,19,0.042055
17,273091182,19,0.033021
17,243896132,19,0.028446
17,535844771,19,0.036797
17,535844774,19,0.025808
17,535844813,19,0.037739
17,535844810,19,0.037765
17,535844779,19,0.025808
17,535844816,19,0.036797
17,535844818,19,0.052094
17,535844784,19,0.056670
17,535844788,19,0.042055
17,535844782,19,0.059599
17,534957374,19,0.059733
17,535844777,19,0.042196
17,535844790,19,0.045260
17,1098654108,19,0.033185
17,679923004,19,0.024863
17,535844808,19,0.007637
17,444863659,20,0.015036
17,535844745,20,0.041424
17,639572174,20,0.044995
17,535844754,20,0.041216
17,535844761,20,0.068215
17,243894862,20,0.063368
17,535844764,20,0.040955
17,535844768,20,0.023947
17,273091182,20,0.009908
17,243896132,20,0.012115
17,535844771,20,0.022541
17,535844774,20,0.038824
17,535844813,20,0.056638
17,535844810,20,0.056653
17,535844779,20,0.038824
17,535844816,20,0.022541
17,535844818,20,0.032925
17,535844784,20,0.030718
17,535844788,20,0.023947
17,535844782,20,0.040955
17,534957374,20,0.063368
17,535844777,20,0.068208
17,535844790,20,0.041224
17,1098654108,20,0.044995
17,679923004,20,0.041424
17,535844808,20,0.015036
17,444863659,21,0.019460
17,535844745,21,0.050877
17,639572174,21,0.063072
17,535844754,21,0.089368
17,535844761,21,0.051809
17,243894862,21,0.030548
17,535844764,21,0.020352
17,535844768,21,0.017369
17,273091182,21,0.035180
17,243896132,21,0.045388
17,535844771,21,0.027524
17,535844774,21,0.016984
17,535844813,21,0.009713
17,535844810,21,0.009713
17,535844779,21,0.016984
17,535844816,21,0.027524
17,535844818,21,0.067745
17,535844784,21,0.057525
17,535844788,21,0.017380
17,535844782,21,0.020352
17,534957374,21,0.030548
17,535844777,21,0.051809
17,535844790,21,0.089367
17,1098654108,21,0.063066
17,679923004,21,0.050883
17,535844808,21,0.019460
17,444863659,22,0.029281
17,535844745,22,0.096798
17,639572174,22,0.074326
17,535844754,22,0.044310
17,535844761,22,0.053112
17,243894862,22,0.041683
17,535844764,22,0.036860
17,535844768,22,0.036114
17,273091182,22,0.026307
17,243896132,22,0.016749
17,535844771,22,0.007504
17,535844774,22,0.006379
17,535844813,22,0.004855
17,535844810,22,0.005006
17,535844779,22,0.006379
17,535844816,22,0.007504
17,535844818,22,0.042397
17,535844784,22,0.051955
17,535844788,22,0.036114
17,535844782,22,0.036860
17,534957374,22,0.041661
17,535844777,22,0.053134
17,535844790,22,0.044310
17,1098654108,22,0.074326
17,679923004,22,0.096795
17,535844808,22,0.029281
17,444863659,23,0.065128
17,535844745,23,0.096249
17,639572174,23,0.060523
17,535844754,23,0.051870
17,535844761,23,0.063364
17,243894862,23,0.033985
17,535844764,23,0.014442
17,535844768,23,0.012139
17,273091182,23,0.011838
17,243896132,23,0.011838
17,535844771,23,0.017175
17,535844774,23,0.015583
17,535844813,23,0.007641
17,535844810,23,0.008071
17,535844779,23,0.015583
17,535844816,23,0.017175
17,535844818,23,0.049847
17,535844784,23,0.049847
17,535844788,23,0.012139
17,535844782,23,0.014442
17,534957374,23,0.033985
17,535844777,23,0.063364
17,535844790,23,0.051870
17,1098654108,23,0.060523
17,679923004,23,0.096251
17,535844808,23,0.065128
25,444863659,0,0.240196
25,535844745,0,0.088235
25,639572174,0,0.029412
25,535844754,0,0.026144
25,535844761,0,0.006536
25,243894862,0,0.022876
25,1677617756,0,0.017974
25,1677617737,0,0.009804
25,1677617709,0,0.003268
25,2447720025,0,0.008170
25,287393729,0,0.027778
25,287393738,0,0.003268
25,1992955354,0,0.009804
25,1992955357,0,0.017974
25,1992955352,0,0.022876
25,1992955358,0,0.006536
25,1992955363,0,0.026144
25,1992955361,0,0.029412
25,826381884,0,0.125817
25,473133164,0,0.277776
25,444863659,1,0.333333
25,535844745,1,0.000000
25,639572174,1,0.000000
25,535844754,1,0.000000
25,535844761,1,0.000000
25,243894862,1,0.000000
25,1677617756,1,0.000000
25,1677617737,1,0.000000
25,1677617709,1,0.000000
25,2447720025,1,0.000000
25,287393729,1,0.111111
25,287393738,1,0.000000
25,1992955354,1,0.000000
25,1992955357,1,0.000000
25,1992955352,1,0.000000
25,1992955358,1,0.000000
25,1992955363,1,0.000000
25,1992955361,1,0.000000
25,826381884,1,0.111111
25,473133164,1,0.444445
25,444863659,2,0.050000
25,535844745,2,0.050000
25,639572174,2,0.050000
25,535844754,2,0.050000
25,535844761,2,0.050000
25,243894862,2,0.050000
25,1677617756,2,0.050000
25,1677617737,2,0.050000
25,1677617709,2,0.050000
25,2447720025,2,0.050000
25,287393729,2,0.050000
25,287393738,2,0.050000
25,1992955354,2,0.050000
25,1992955357,2,0.050000
25,1992955352,2,0.050000
25,1992955358,2,0.050000
25,1992955363,2,0.050000
25,1992955361,2,0.050000
25,826381884,2,0.050000
25,473133164,2,0.050000
25,444863659,3,0.050000
25,535844745,3,0.050000
25,639572174,3,0.050000
25,535844754,3,0.050000
25,535844761,3,0.050000
25,243894862,3,0.050000
25,1677617756,3,0.050000
25,1677617737,3,0.050000
25,1677617709,3,0.050000
25,2447720025,3,0.050000
25,287393729,3,0.050000
25,287393738,3,0.050000
25,1992955354,3,0.050000
25,1992955357,3,0.050000
25,1992955352,3,0.050000
25,1992955358,3,0.050000
25,1992955363,3,0.050000
25,1992955361,3,0.050000
25,826381884,3,0.050000
25,473133164,3,0.050000
25,444863659,4,0.050000
25,535844745,4,0.050000
25,639572174,4,0.050000
25,535844754,4,0.050000
25,535844761,4,0.050000
25,243894862,4,0.050000
25,1677617756,4,0.050000
25,1677617737,4,0.050000
25,1677617709,4,0.050000
25,2447720025,4,0.050000
25,287393729,4,0.050000
25,287393738,4,0.050000
25,1992955354,4,0.050000
25,1992955357,4,0.050000
25,1992955352,4,0.050000
25,1992955358,4,0.050000
25,1992955363,4,0.050000
25,1992955361,4,0.050000
25,826381884,4,0.050000
25,473133164,4,0.050000
25,444863659,5,0.390223
25,535844745,5,0.043609
25,639572174,5,0.014286
25,535844754,5,0.007519
25,535844761,5,0.001504
25,243894862,5,0.003008
25,1677617756,5,0.009023
25,1677617737,5,0.016541
25,1677617709,5,0.003759
25,2447720025,5,0.000752
25,287393729,5,0.020301
25,287393738,5,0.003759
25,1992955354,5,0.016541
25,1992955357,5,0.009023
25,1992955352,5,0.003008
25,1992955358,5,0.001504
25,1992955363,5,0.007519
25,1992955361,5,0.014286
25,826381884,5,0.043609
25,473133164,5,0.390226
25,444863659,6,0.248122
25,535844745,6,0.151710
25,639572174,6,0.021398
25,535844754,6,0.022435
25,535844761,6,0.008500
25,243894862,6,0.022386
25,1677617756,6,0.003360
25,1677617737,6,0.001977
25,1677617709,6,0.001730
25,2447720025,6,0.000988
25,287393729,6,0.001581
25,287393738,6,0.001730
25,1992955354,6,0.001977
25,1992955357,6,0.003360
25,1992955352,6,0.022386
25,1992955358,6,0.008500
25,1992955363,6,0.022435
25,1992955361,6,0.021398
25,826381884,6,0.168808
25,473133164,6,0.265219
25,444863659,7,0.018056
25,535844745,7,0.172065
25,639572174,7,0.194783
25,535844754,7,0.018938
25,535844761,7,0.007834
25,243894862,7,0.005954
25,1677617756,7,0.010145
25,1677617737,7,0.012808
25,1677617709,7,0.016764
25,2447720025,7,0.016333
25,287393729,7,0.016490
25,287393738,7,0.016764
25,1992955354,7,0.012808
25,1992955357,7,0.010125
25,1992955352,7,0.005973
25,1992955358,7,0.007834
25,1992955363,7,0.018938
25,1992955361,7,0.194783
25,826381884,7,0.198306
25,473133164,7,0.044299
25,444863659,8,0.004351
25,535844745,8,0.022584
25,639572174,8,0.162225
25,535844754,8,0.165607
25,535844761,8,0.036320
25,243894862,8,0.008371
25,1677617756,8,0.012414
25,1677617737,8,0.016935
25,1677617709,8,0.028063
25,2447720025,8,0.020067
25,287393729,8,0.020113
25,287393738,8,0.028051
25,1992955354,8,0.016947
25,1992955357,8,0.012414
25,1992955352,8,0.008371
25,1992955358,8,0.036320
25,1992955363,8,0.165607
25,1992955361,8,0.162225
25,826381884,8,0.045624
25,473133164,8,0.027391
25,444863659,9,0.002310
25,535844745,9,0.014802
25,639572174,9,0.039459
25,535844754,9,0.125756
25,535844761,9,0.203020
25,243894862,9,0.057225
25,1677617756,9,0.013657
25,1677617737,9,0.007585
25,1677617709,9,0.006890
25,2447720025,9,0.005806
25,287393729,9,0.005806
25,287393738,9,0.006890
25,1992955354,9,0.007585
25,1992955357,9,0.013657
25,1992955352,9,0.057225
25,1992955358,9,0.203018
25,1992955363,9,0.125756
25,1992955361,9,0.039459
25,826381884,9,0.038293
25,473133164,9,0.025801
25,444863659,10,0.011697
25,535844745,10,0.005711
25,639572174,10,0.007464
25,535844754,10,0.026450
25,535844761,10,0.093979
25,243894862,10,0.231565
25,1677617756,10,0.072337
25,1677617737,10,0.010946
25,1677617709,10,0.007815
25,2447720025,10,0.011923
25,287393729,10,0.011923
25,287393738,10,0.007815
25,1992955354,10,0.010946
25,1992955357,10,0.072337
25,1992955352,10,0.231565
25,1992955358,10,0.093979
25,1992955363,10,0.026450
25,1992955361,10,0.007464
25,826381884,10,0.025824
25,473133164,10,0.031810
25,444863659,11,0.002294
25,535844745,11,0.004862
25,639572174,11,0.006673
25,535844754,11,0.005473
25,535844761,11,0.022333
25,243894862,11,0.058180
25,1677617756,11,0.227960
25,1677617737,11,0.115286
25,1677617709,11,0.027974
25,2447720025,11,0.012651
25,287393729,11,0.012651
25,287393738,11,0.027974
25,1992955354,11,0.115286
25,1992955357,11,0.227941
25,1992955352,11,0.058201
25,1992955358,11,0.022333
25,1992955363,11,0.005473
25,1992955361,11,0.006673
25,826381884,11,0.021175
25,473133164,11,0.018607
25,444863659,12,0.001492
25,535844745,12,0.005638
25,639572174,12,0.005037
25,535844754,12,0.007462
25,535844761,12,0.008188
25,243894862,12,0.021869
25,1677617756,12,0.048920
25,1677617737,12,0.205093
25,1677617709,12,0.140127
25,2447720025,12,0.040794
25,287393729,12,0.040794
25,287393738,12,0.140127
25,1992955354,12,0.205091
25,1992955357,12,0.048920
25,1992955352,12,0.021869
25,1992955358,12,0.008188
25,1992955363,12,0.007462
25,1992955361,12,0.005037
25,826381884,12,0.021019
25,473133164,12,0.016873
25,444863659,13,0.002604
25,535844745,13,0.005542
25,639572174,13,0.006608
25,535844754,13,0.007019
25,535844761,13,0.009775
25,243894862,13,0.008923
25,1677617756,13,0.016277
25,1677617737,13,0.040471
25,1677617709,13,0.177356
25,2447720025,13,0.210457
25,287393729,13,0.210519
25,287393738,13,0.177356
25,1992955354,13,0.040471
25,1992955357,13,0.016277
25,1992955352,13,0.008923
25,1992955358,13,0.009775
25,1992955363,13,0.007019
25,1992955361,13,0.006608
25,826381884,13,0.020479
25,473133164,13,0.017541
25,444863659,14,0.003914
25,535844745,14,0.006389
25,639572174,14,0.005067
25,535844754,14,0.005372
25,535844761,14,0.003626
25,243894862,14,0.007049
25,1677617756,14,0.019149
25,1677617737,14,0.034179
25,1677617709,14,0.099641
25,2447720025,14,0.298888
25,287393729,14,0.298923
25,287393738,14,0.099641
25,1992955354,14,0.034179
25,1992955357,14,0.019149
25,1992955352,14,0.007049
25,1992955358,14,0.003626
25,1992955363,14,0.005372
25,1992955361,14,0.005067
25,826381884,14,0.023097
25,473133164,14,0.020623
25,444863659,15,0.003365
25,535844745,15,0.005843
25,639572174,15,0.007152
25,535844754,15,0.005054
25,535844761,15,0.010574
25,243894862,15,0.015882
25,1677617756,15,0.023850
25,1677617737,15,0.073058
25,1677617709,15,0.188313
25,2447720025,15,0.151930
25,287393729,15,0.151930
25,287393738,15,0.188311
25,1992955354,15,0.073058
25,1992955357,15,0.023850
25,1992955352,15,0.015882
25,1992955358,15,0.010574
25,1992955363,15,0.005054
25,1992955361,15,0.007152
25,826381884,15,0.020823
25,473133164,15,0.018345
25,444863659,16,0.002778
25,535844745,16,0.006548
25,639572174,16,0.008182
25,535844754,16,0.012908
25,535844761,16,0.022109
25,243894862,16,0.032126
25,1677617756,16,0.085669
25,1677617737,16,0.199117
25,1677617709,16,0.085191
25,2447720025,16,0.033483
25,287393729,16,0.033483
25,287393738,16,0.085191
25,1992955354,16,0.199115
25,1992955357,16,0.085669
25,1992955352,16,0.032126
25,1992955358,16,0.022109
25,1992955363,16,0.012908
25,1992955361,16,0.008182
25,826381884,16,0.018438
25,473133164,16,0.014668
25,444863659,17,0.005899
25,535844745,17,0.021252
25,639572174,17,0.024399
25,535844754,17,0.027929
25,535844761,17,0.035600
25,243894862,17,0.104921
25,1677617756,17,0.165088
25,1677617737,17,0.064941
25,1677617709,17,0.027391
25,2447720025,17,0.010602
25,287393729,17,0.010626
25,287393738,17,0.027391
25,1992955354,17,0.064941
25,1992955357,17,0.165087
25,1992955352,17,0.104921
25,1992955358,17,0.035600
25,1992955363,17,0.027929
25,1992955361,17,0.024399
25,826381884,17,0.033218
25,473133164,17,0.017866
25,444863659,18,0.005082
25,535844745,18,0.013884
25,639572174,18,0.017945
25,535844754,18,0.041218
25,535844761,18,0.123242
25,243894862,18,0.180762
25,1677617756,18,0.057179
25,1677617737,18,0.023672
25,1677617709,18,0.010105
25,2447720025,18,0.011842
25,287393729,18,0.011842
25,287393738,18,0.010105
25,1992955354,18,0.023672
25,1992955357,18,0.057179
25,1992955352,18,0.180762
25,1992955358,18,0.123242
25,1992955363,18,0.041218
25,1992955361,18,0.017945
25,826381884,18,0.028953
25,473133164,18,0.020151
25,444863659,19,0.010599
25,535844745,19,0.018131
25,639572174,19,0.056560
25,535844754,19,0.120668
25,535844761,19,0.149046
25,243894862,19,0.034142
25,1677617756,19,0.031283
25,1677617737,19,0.025389
25,1677617709,19,0.020395
25,2447720025,19,0.018179
25,287393729,19,0.018179
25,287393738,19,0.020395
25,1992955354,19,0.025389
25,1992955357,19,0.031283
25,1992955352,19,0.034142
25,1992955358,19,0.149044
25,1992955363,19,0.120668
25,1992955361,19,0.056560
25,826381884,19,0.033740
25,473133164,19,0.026208
25,444863659,20,0.014742
25,535844745,20,0.071950
25,639572174,20,0.120233
25,535844754,20,0.135108
25,535844761,20,0.029592
25,243894862,20,0.024155
25,1677617756,20,0.017852
25,1677617737,20,0.021260
25,1677617709,20,0.019881
25,2447720025,20,0.030160
25,287393729,20,0.030214
25,287393738,20,0.019881
25,1992955354,20,0.021260
25,1992955357,20,0.017852
25,1992955352,20,0.024155
25,1992955358,20,0.029592
25,1992955363,20,0.135110
25,1992955361,20,0.120233
25,826381884,20,0.086989
25,473133164,20,0.029781
25,444863659,21,0.049496
25,535844745,21,0.164098
25,639572174,21,0.119171
25,535844754,21,0.034917
25,535844761,21,0.027806
25,243894862,21,0.020378
25,1677617756,21,0.024152
25,1677617737,21,0.015691
25,1677617709,21,0.018710
25,2447720025,21,0.011917
25,287393729,21,0.011997
25,287393738,21,0.018710
25,1992955354,21,0.015691
25,1992955357,21,0.024152
25,1992955352,21,0.020378
25,1992955358,21,0.027806
25,1992955363,21,0.034917
25,1992955361,21,0.119171
25,826381884,21,0.177721
25,473133164,21,0.063121
25,444863659,22,0.134202
25,535844745,22,0.140837
25,639572174,22,0.078594
25,535844754,22,0.055450
25,535844761,22,0.021643
25,243894862,22,0.015087
25,1677617756,22,0.013349
25,1677617737,22,0.009163
25,1677617709,22,0.007583
25,2447720025,22,0.009084
25,287393729,22,0.010032
25,287393738,22,0.007425
25,1992955354,22,0.009321
25,1992955357,22,0.013349
25,1992955352,22,0.015087
25,1992955358,22,0.021643
25,1992955363,22,0.055450
25,1992955361,22,0.078594
25,826381884,22,0.155371
25,473133164,22,0.148736
25,444863659,23,0.170485
25,535844745,23,0.146696
25,639572174,23,0.048458
25,535844754,23,0.025551
25,535844761,23,0.015419
25,243894862,23,0.013656
25,1677617756,23,0.009692
25,1677617737,23,0.021145
25,1677617709,23,0.025110
25,2447720025,23,0.002203
25,287393729,23,0.003965
25,287393738,23,0.025110
25,1992955354,23,0.021145
25,1992955357,23,0.009692
25,1992955352,23,0.013656
25,1992955358,23,0.015419
25,1992955363,23,0.025551
25,1992955361,23,0.048458
25,826381884,23,0.167401
25,473133164,23,0.191188
26,1376510974,0,0.206181
26,1376510981,0,0.097940
26,1376510978,0,0.049675
26,1376510976,0,0.019898
26,1376500848,0,0.020745
26,1376500850,0,0.015876
26,1376500695,0,0.013971
26,1376500709,0,0.015665
26,1376500648,0,0.011854
26,1376500704,0,0.010796
26,1376500698,0,0.011219
26,1376500846,0,0.016723
26,1376500684,0,0.032176
26,1376500692,0,0.016723
26,1376492012,0,0.011219
26,1376488531,0,0.010796
26,1376488525,0,0.011854
26,1376488527,0,0.015665
26,1376488759,0,0.013971
26,1376488530,0,0.015876
26,1376488537,0,0.020745
26,1376488520,0,0.019898
26,1376488522,0,0.036410
26,1376488518,0,0.084674
26,1376495190,0,0.219450
26,1376510974,1,0.291262
26,1376510981,1,0.043689
26,1376510978,1,0.033981
26,1376510976,1,0.004854
26,1376500848,1,0.014563
26,1376500850,1,0.000000
26,1376500695,1,0.000000
26,1376500709,1,0.004854
26,1376500648,1,0.004854
26,1376500704,1,0.004854
26,1376500698,1,0.000000
26,1376500846,1,0.004854
26,1376500684,1,0.203883
26,1376500692,1,0.004854
26,1376492012,1,0.000000
26,1376488531,1,0.004854
26,1376488525,1,0.004854
26,1376488527,1,0.004854
26,1376488759,1,0.000000
26,1376488530,1,0.000000
26,1376488537,1,0.014563
26,1376488520,1,0.004854
26,1376488522,1,0.014563
26,1376488518,1,0.024272
26,1376495190,1,0.310684
26,1376510974,2,0.333334
26,1376510981,2,0.000000
26,1376510978,2,0.000000
26,1376510976,2,0.000000
26,1376500848,2,0.000000
26,1376500850,2,0.000000
26,1376500695,2,0.000000
26,1376500709,2,0.000000
26,1376500648,2,0.000000
26,1376500704,2,0.000000
26,1376500698,2,0.000000
26,1376500846,2,0.000000
26,1376500684,2,0.333333
26,1376500692,2,0.000000
26,1376492012,2,0.000000
26,1376488531,2,0.000000
26,1376488525,2,0.000000
26,1376488527,2,0.000000
26,1376488759,2,0.000000
26,1376488530,2,0.000000
26,1376488537,2,0.000000
26,1376488520,2,0.000000
26,1376488522,2,0.000000
26,1376488518,2,0.000000
26,1376495190,2,0.333333
26,1376510974,3,0.000000
26,1376510981,3,0.083333
26,1376510978,3,0.083333
26,1376510976,3,0.000000
26,1376500848,3,0.125001
26,1376500850,3,0.000000
26,1376500695,3,0.000000
26,1376500709,3,0.000000
26,1376500648,3,0.000000
26,1376500704,3,0.000000
26,1376500698,3,0.125000
26,1376500846,3,0.125000
26,1376500684,3,0.000000
26,1376500692,3,0.125000
26,1376492012,3,0.125000
26,1376488531,3,0.000000
26,1376488525,3,0.000000
26,1376488527,3,0.000000
26,1376488759,3,0.000000
26,1376488530,3,0.000000
26,1376488537,3,0.125000
26,1376488520,3,0.000000
26,1376488522,3,0.000000
26,1376488518,3,0.000000
26,1376495190,3,0.083333
26,1376510974,4,0.315476
26,1376510981,4,0.011905
26,1376510978,4,0.000000
26,1376510976,4,0.017857
26,1376500848,4,0.011905
26,1376500850,4,0.011905
26,1376500695,4,0.023810
26,1376500709,4,0.011905
26,1376500648,4,0.005952
26,1376500704,4,0.005952
26,1376500698,4,0.005952
26,1376500846,4,0.011905
26,1376500684,4,0.130952
26,1376500692,4,0.011905
26,1376492012,4,0.005952
26,1376488531,4,0.005952
26,1376488525,4,0.005952
26,1376488527,4,0.011905
26,1376488759,4,0.023810
26,1376488530,4,0.011905
26,1376488537,4,0.011905
26,1376488520,4,0.017857
26,1376488522,4,0.000000
26,1376488518,4,0.011905
26,1376495190,4,0.315476
26,1376510974,5,0.189299
26,1376510981,5,0.178459
26,1376510978,5,0.051344
26,1376510976,5,0.025379
26,1376500848,5,0.010327
26,1376500850,5,0.007031
26,1376500695,5,0.005383
26,1376500709,5,0.004724
26,1376500648,5,0.008240
26,1376500704,5,0.005493
26,1376500698,5,0.004944
26,1376500846,5,0.004505
26,1376500684,5,0.009888
26,1376500692,5,0.004505
26,1376492012,5,0.004944
26,1376488531,5,0.005493
26,1376488525,5,0.008240
26,1376488527,5,0.004724
26,1376488759,5,0.005383
26,1376488530,5,0.006922
26,1376488537,5,0.010437
26,1376488520,5,0.025379
26,1376488522,5,0.051198
26,1376488518,5,0.178312
26,1376495190,5,0.189447
26,1376510974,6,0.087249
26,1376510981,6,0.192634
26,1376510978,6,0.118663
26,1376510976,6,0.031867
26,1376500848,6,0.019461
26,1376500850,6,0.013825
26,1376500695,6,0.024306
26,1376500709,6,0.006000
26,1376500648,6,0.004379
26,1376500704,6,0.001541
26,1376500698,6,0.001946
26,1376500846,6,0.001115
26,1376500684,6,0.001622
26,1376500692,6,0.001115
26,1376492012,6,0.001946
26,1376488531,6,0.001541
26,1376488525,6,0.004379
26,1376488527,6,0.006000
26,1376488759,6,0.024306
26,1376488530,6,0.013825
26,1376488537,6,0.019461
26,1376488520,6,0.031867
26,1376488522,6,0.111068
26,1376488518,6,0.185040
26,1376495190,6,0.094844
26,1376510974,7,0.007718
26,1376510981,7,0.078147
26,1376510978,7,0.144153
26,1376510976,7,0.097861
26,1376500848,7,0.045786
26,1376500850,7,0.022137
26,1376500695,7,0.019277
26,1376500709,7,0.012439
26,1376500648,7,0.013429
26,1376500704,7,0.016701
26,1376500698,7,0.019937
26,1376500846,7,0.017398
26,1376500684,7,0.020844
26,1376500692,7,0.017398
26,1376492012,7,0.019937
26,1376488531,7,0.016701
26,1376488525,7,0.013429
26,1376488527,7,0.012439
26,1376488759,7,0.019277
26,1376488530,7,0.022128
26,1376488537,7,0.045795
26,1376488520,7,0.097861
26,1376488522,7,0.133344
26,1376488518,7,0.067336
26,1376495190,7,0.018528
26,1376510974,8,0.004312
26,1376510981,8,0.020916
26,1376510978,8,0.048953
26,1376510976,8,0.141351
26,1376500848,8,0.096726
26,1376500850,8,0.053368
26,1376500695,8,0.016559
26,1376500709,8,0.013537
26,1376500648,8,0.013528
26,1376500704,8,0.019624
26,1376500698,8,0.035669
26,1376500846,8,0.030900
26,1376500684,8,0.022627
26,1376500692,8,0.030900
26,1376492012,8,0.035669
26,1376488531,8,0.019624
26,1376488525,8,0.013528
26,1376488527,8,0.013537
26,1376488759,8,0.016559
26,1376488530,8,0.053364
26,1376488537,8,0.096731
26,1376488520,8,0.141350
26,1376488522,8,0.035440
26,1376488518,8,0.007404
26,1376495190,8,0.017824
26,1376510974,9,0.003698
26,1376510981,9,0.024609
26,1376510978,9,0.028062
26,1376510976,9,0.026704
26,1376500848,9,0.102302
26,1376500850,9,0.130347
26,1376500695,9,0.082572
26,1376500709,9,0.040523
26,1376500648,9,0.017456
26,1376500704,9,0.015910
26,1376500698,9,0.016441
26,1376500846,9,0.014983
26,1376500684,9,0.008704
26,1376500692,9,0.014983
26,1376492012,9,0.016441
26,1376488531,9,0.015910
26,1376488525,9,0.017456
26,1376488527,9,0.040523
26,1376488759,9,0.082572
26,1376488530,9,0.130348
26,1376488537,9,0.102302
26,1376488520,9,0.026704
26,1376488522,9,0.012143
26,1376488518,9,0.008690
26,1376495190,9,0.019617
26,1376510974,10,0.005755
26,1376510981,10,0.022874
26,1376510978,10,0.023831
26,1376510976,10,0.018734
26,1376500848,10,0.021246
26,1376500850,10,0.080256
26,1376500695,10,0.134328
26,1376500709,10,0.098298
26,1376500648,10,0.062580
26,1376500704,10,0.017132
26,1376500698,10,0.006789
26,1376500846,10,0.009285
26,1376500684,10,0.008819
26,1376500692,10,0.009285
26,1376492012,10,0.006789
26,1376488531,10,0.017132
26,1376488525,10,0.062580
26,1376488527,10,0.098291
26,1376488759,10,0.134338
26,1376488530,10,0.080256
26,1376488537,10,0.021246
26,1376488520,10,0.018734
26,1376488522,10,0.012793
26,1376488518,10,0.011836
26,1376495190,10,0.016793
26,1376510974,11,0.004168
26,1376510981,11,0.018738
26,1376510978,11,0.021256
26,1376510976,11,0.007938
26,1376500848,11,0.010180
26,1376500850,11,0.012585
26,1376500695,11,0.033969
26,1376500709,11,0.120544
26,1376500648,11,0.120552
26,1376500704,11,0.082626
26,1376500698,11,0.051453
26,1376500846,11,0.014575
26,1376500684,11,0.010724
26,1376500692,11,0.014575
26,1376492012,11,0.051453
26,1376488531,11,0.082626
26,1376488525,11,0.120527
26,1376488527,11,0.120568
26,1376488759,11,0.033969
26,1376488530,11,0.012585
26,1376488537,11,0.010180
26,1376488520,11,0.007938
26,1376488522,11,0.013365
26,1376488518,11,0.010846
26,1376495190,11,0.012060
26,1376510974,12,0.002115
26,1376510981,12,0.010956
26,1376510978,12,0.012178
26,1376510976,12,0.006439
26,1376500848,12,0.007520
26,1376500850,12,0.008264
26,1376500695,12,0.016653
26,1376500709,12,0.026616
26,1376500648,12,0.094152
26,1376500704,12,0.125137
26,1376500698,12,0.096549
26,1376500846,12,0.074131
26,1376500684,12,0.045948
26,1376500692,12,0.074131
26,1376492012,12,0.096549
26,1376488531,12,0.125139
26,1376488525,12,0.094152
26,1376488527,12,0.026616
26,1376488759,12,0.016653
26,1376488530,12,0.008264
26,1376488537,12,0.007520
26,1376488520,12,0.006439
26,1376488522,12,0.004809
26,1376488518,12,0.003587
26,1376495190,12,0.009483
26,1376510974,13,0.002000
26,1376510981,13,0.011614
26,1376510978,13,0.013329
26,1376510976,13,0.009107
26,1376500848,13,0.008081
26,1376500850,13,0.010695
26,1376500695,13,0.007227
26,1376500709,13,0.008755
26,1376500648,13,0.016949
26,1376500704,13,0.055954
26,1376500698,13,0.133808
26,1376500846,13,0.139455
26,1376500684,13,0.172993
26,1376500692,13,0.139455
26,1376492012,13,0.133808
26,1376488531,13,0.055954
26,1376488525,13,0.016934
26,1376488527,13,0.008770
26,1376488759,13,0.007227
26,1376488530,13,0.010695
26,1376488537,13,0.008081
26,1376488520,13,0.009107
26,1376488522,13,0.006389
26,1376488518,13,0.004673
26,1376495190,13,0.008940
26,1376510974,14,0.002739
26,1376510981,14,0.010380
26,1376510978,14,0.009641
26,1376510976,14,0.005375
26,1376500848,14,0.007210
26,1376500850,14,0.008826
26,1376500695,14,0.008929
26,1376500709,14,0.011962
26,1376500648,14,0.017590
26,1376500704,14,0.028224
26,1376500698,14,0.093086
26,1376500846,14,0.191362
26,1376500684,14,0.216035
26,1376500692,14,0.191362
26,1376492012,14,0.093086
26,1376488531,14,0.028224
26,1376488525,14,0.017590
26,1376488527,14,0.011962
26,1376488759,14,0.008929
26,1376488530,14,0.008826
26,1376488537,14,0.007203
26,1376488520,14,0.005382
26,1376488522,14,0.002958
26,1376488518,14,0.003697
26,1376495190,14,0.009422
26,1376510974,15,0.004642
26,1376510981,15,0.016292
26,1376510978,15,0.014245
26,1376510976,15,0.005043
26,1376500848,15,0.003492
26,1376500850,15,0.003933
26,1376500695,15,0.012796
26,1376500709,15,0.023705
26,1376500648,15,0.055772
26,1376500704,15,0.096694
26,1376500698,15,0.087684
26,1376500846,15,0.111022
26,1376500684,15,0.135866
26,1376500692,15,0.111022
26,1376492012,15,0.087684
26,1376488531,15,0.096694
26,1376488525,15,0.055772
26,1376488527,15,0.023705
26,1376488759,15,0.012796
26,1376488530,15,0.003933
26,1376488537,15,0.003492
26,1376488520,15,0.005043
26,1376488522,15,0.007739
26,1376488518,15,0.009786
26,1376495190,15,0.011148
26,1376510974,16,0.004676
26,1376510981,16,0.019483
26,1376510978,16,0.016775
26,1376510976,16,0.022058
26,1376500848,16,0.017767
26,1376500850,16,0.020716
26,1376500695,16,0.027057
26,1376500709,16,0.054778
26,1376500648,16,0.077246
26,1376500704,16,0.083505
26,1376500698,16,0.100433
26,1376500846,16,0.048847
26,1376500684,16,0.020791
26,1376500692,16,0.048847
26,1376492012,16,0.100433
26,1376488531,16,0.083505
26,1376488525,16,0.077246
26,1376488527,16,0.054778
26,1376488759,16,0.027057
26,1376488530,16,0.020716
26,1376488537,16,0.017760
26,1376488520,16,0.022058
26,1376488522,16,0.009309
26,1376488518,16,0.012010
26,1376495190,16,0.012149
26,1376510974,17,0.002378
26,1376510981,17,0.013554
26,1376510978,17,0.018183
26,1376510976,17,0.018218
26,1376500848,17,0.031829
26,1376500850,17,0.046516
26,1376500695,17,0.084067
26,1376500709,17,0.076222
26,1376500648,17,0.084524
26,1376500704,17,0.075889
26,1376500698,17,0.031098
26,1376500846,17,0.015147
26,1376500684,17,0.013550
26,1376500692,17,0.015141
26,1376492012,17,0.031103
26,1376488531,17,0.075889
26,1376488525,17,0.084522
26,1376488527,17,0.076222
26,1376488759,17,0.084067
26,1376488530,17,0.046516
26,1376488537,17,0.031829
26,1376488520,17,0.018218
26,1376488522,17,0.009386
26,1376488518,17,0.004757
26,1376495190,17,0.011175
26,1376510974,18,0.003547
26,1376510981,18,0.018027
26,1376510978,18,0.024841
26,1376510976,18,0.026698
26,1376500848,18,0.051787
26,1376500850,18,0.066207
26,1376500695,18,0.072058
26,1376500709,18,0.092150
26,1376500648,18,0.072520
26,1376500704,18,0.031268
26,1376500698,18,0.023495
26,1376500846,18,0.015954
26,1376500684,18,0.013554
26,1376500692,18,0.015954
26,1376492012,18,0.023495
26,1376488531,18,0.031268
26,1376488525,18,0.072520
26,1376488527,18,0.092151
26,1376488759,18,0.072058
26,1376488530,18,0.066196
26,1376488537,18,0.051797
26,1376488520,18,0.026698
26,1376488522,18,0.014183
26,1376488518,18,0.007369
26,1376495190,18,0.014205
26,1376510974,19,0.010045
26,1376510981,19,0.025321
26,1376510978,19,0.049558
26,1376510976,19,0.061694
26,1376500848,19,0.061541
26,1376500850,19,0.067263
26,1376500695,19,0.075113
26,1376500709,19,0.045689
26,1376500648,19,0.020358
26,1376500704,19,0.021559
26,1376500698,19,0.023273
26,1376500846,19,0.030648
26,1376500684,19,0.028230
26,1376500692,19,0.030648
26,1376492012,19,0.023273
26,1376488531,19,0.021559
26,1376488525,19,0.020358
26,1376488527,19,0.045681
26,1376488759,19,0.075121
26,1376488530,19,0.067256
26,1376488537,19,0.061548
26,1376488520,19,0.061694
26,1376488522,19,0.037204
26,1376488518,19,0.012968
26,1376495190,19,0.022398
26,1376510974,20,0.022413
26,1376510981,20,0.059979
26,1376510978,20,0.086126
26,1376510976,20,0.065179
26,1376500848,20,0.074146
26,1376500850,20,0.064927
26,1376500695,20,0.031632
26,1376500709,20,0.012835
26,1376500648,20,0.015229
26,1376500704,20,0.019827
26,1376500698,20,0.018785
26,1376500846,20,0.024400
26,1376500684,20,0.020784
26,1376500692,20,0.024400
26,1376492012,20,0.018785
26,1376488531,20,0.019827
26,1376488525,20,0.015229
26,1376488527,20,0.012835
26,1376488759,20,0.031632
26,1376488530,20,0.064927
26,1376488537,20,0.074146
26,1376488520,20,0.065179
26,1376488522,20,0.074386
26,1376488518,20,0.048226
26,1376495190,20,0.034166
26,1376510974,21,0.054571
26,1376510981,21,0.082876
26,1376510978,21,0.075174
26,1376510976,21,0.086876
26,1376500848,21,0.064605
26,1376500850,21,0.028778
26,1376500695,21,0.027677
26,1376500709,21,0.019788
26,1376500648,21,0.023742
26,1376500704,21,0.015927
26,1376500698,21,0.010351
26,1376500846,21,0.010519
26,1376500684,21,0.008990
26,1376500692,21,0.010519
26,1376492012,21,0.010351
26,1376488531,21,0.015927
26,1376488525,21,0.023742
26,1376488527,21,0.019769
26,1376488759,21,0.027677
26,1376488530,21,0.028796
26,1376488537,21,0.064605
26,1376488520,21,0.086874
26,1376488522,21,0.064419
26,1376488518,21,0.072121
26,1376495190,21,0.065326
26,1376510974,22,0.067994
26,1376510981,22,0.103693
26,1376510978,22,0.105780
26,1376510976,22,0.063819
26,1376500848,22,0.036159
26,1376500850,22,0.025311
26,1376500695,22,0.026765
26,1376500709,22,0.016477
26,1376500648,22,0.013681
26,1376500704,22,0.011891
26,1376500698,22,0.012972
26,1376500846,22,0.015135
26,1376500684,22,0.016029
26,1376500692,22,0.015135
26,1376492012,22,0.012972
26,1376488531,22,0.011891
26,1376488525,22,0.013681
26,1376488527,22,0.016477
26,1376488759,22,0.026765
26,1376488530,22,0.025311
26,1376488537,22,0.036159
26,1376488520,22,0.063819
26,1376488522,22,0.090397
26,1376488518,22,0.088310
26,1376495190,22,0.083377
26,1376510974,23,0.120205
26,1376510981,23,0.129285
26,1376510978,23,0.077429
26,1376510976,23,0.034674
26,1376500848,23,0.024866
26,1376500850,23,0.022804
26,1376500695,23,0.015807
26,1376500709,23,0.015057
26,1376500648,23,0.015244
26,1376500704,23,0.015432
26,1376500698,23,0.013557
26,1376500846,23,0.015369
26,1376500684,23,0.016494
26,1376500692,23,0.015369
26,1376492012,23,0.013557
26,1376488531,23,0.015432
26,1376488525,23,0.015244
26,1376488527,23,0.015057
26,1376488759,23,0.015807
26,1376488530,23,0.022804
26,1376488537,23,0.024866
26,1376488520,23,0.034674
26,1376488522,23,0.061477
26,1376488518,23,0.113333
26,1376495190,23,0.136157
28,2424418056,0,0.149307
28,2424327579,0,0.069444
28,2424320147,0,0.048611
28,2424317942,0,0.006944
28,825877090,0,0.048611
28,798645928,0,0.090278
28,945438226,0,0.031250
28,303302468,0,0.111111
28,711057604,0,0.031250
28,943820342,0,0.090278
28,943820347,0,0.048611
28,943820345,0,0.006944
28,825976719,0,0.048611
28,943820332,0,0.069444
28,11126908381,0,0.149306
28,2424418056,1,0.243588
28,2424327579,1,0.076923
28,2424320147,1,0.051282
28,2424317942,1,0.012821
28,825877090,1,0.012821
28,798645928,1,0.000000
28,945438226,1,0.025641
28,303302468,1,0.153846
28,711057604,1,0.025641
28,943820342,1,0.000000
28,943820347,1,0.012821
28,943820345,1,0.012821
28,825976719,1,0.051282
28,943820332,1,0.076923
28,11126908381,1,0.243590
28,2424418056,2,0.249999
28,2424327579,2,0.166667
28,2424320147,2,0.000000
28,2424317942,2,0.041667
28,825877090,2,0.000000
28,798645928,2,0.000000
28,945438226,2,0.000000
28,303302468,2,0.083333
28,711057604,2,0.000000
28,943820342,2,0.000000
28,943820347,2,0.000000
28,943820345,2,0.041667
28,825976719,2,0.000000
28,943820332,2,0.166667
28,11126908381,2,0.250000
28,2424418056,3,0.066667
28,2424327579,3,0.066667
28,2424320147,3,0.066667
28,2424317942,3,0.066667
28,825877090,3,0.066667
28,798645928,3,0.066667
28,945438226,3,0.066667
28,303302468,3,0.066667
28,711057604,3,0.066667
28,943820342,3,0.066667
28,943820347,3,0.066667
28,943820345,3,0.066667
28,825976719,3,0.066667
28,943820332,3,0.066667
28,11126908381,3,0.066667
28,2424418056,4,0.447059
28,2424327579,4,0.011765
28,2424320147,4,0.000000
28,2424317942,4,0.000000
28,825877090,4,0.005882
28,798645928,4,0.000000
28,945438226,4,0.000000
28,303302468,4,0.070588
28,711057604,4,0.000000
28,943820342,4,0.000000
28,943820347,4,0.005882
28,943820345,4,0.000000
28,825976719,4,0.000000
28,943820332,4,0.011765
28,11126908381,4,0.447059
28,2424418056,5,0.224254
28,2424327579,5,0.134023
28,2424320147,5,0.072817
28,2424317942,5,0.030919
28,825877090,5,0.009844
28,798645928,5,0.009339
28,945438226,5,0.010979
28,303302468,5,0.015649
28,711057604,5,0.010979
28,943820342,5,0.009339
28,943820347,5,0.009844
28,943820345,5,0.030919
28,825976719,5,0.072817
28,943820332,5,0.134023
28,11126908381,5,0.224255
28,2424418056,6,0.073902
28,2424327579,6,0.166944
28,2424320147,6,0.104573
28,2424317942,6,0.057814
28,825877090,6,0.052821
28,798645928,6,0.029601
28,945438226,6,0.004240
28,303302468,6,0.020209
28,711057604,6,0.004240
28,943820342,6,0.029601
28,943820347,6,0.052782
28,943820345,6,0.057854
28,825976719,6,0.104573
28,943820332,6,0.166944
28,11126908381,6,0.073902
28,2424418056,7,0.010743
28,2424327579,7,0.091096
28,2424320147,7,0.121845
28,2424317942,7,0.058154
28,825877090,7,0.060837
28,798645928,7,0.035321
28,945438226,7,0.057216
28,303302468,7,0.129576
28,711057604,7,0.057216
28,943820342,7,0.035321
28,943820347,7,0.060837
28,943820345,7,0.058154
28,825976719,7,0.121845
28,943820332,7,0.091096
28,11126908381,7,0.010743
28,2424418056,8,0.005180
28,2424327579,8,0.016413
28,2424320147,8,0.085466
28,2424317942,8,0.096013
28,825877090,8,0.068343
28,798645928,8,0.112055
28,945438226,8,0.075385
28,303302468,8,0.082292
28,711057604,8,0.075385
28,943820342,8,0.112053
28,943820347,8,0.068343
28,943820345,8,0.096013
28,825976719,8,0.085466
28,943820332,8,0.016413
28,11126908381,8,0.005180
28,2424418056,9,0.011209
28,2424327579,9,0.021743
28,2424320147,9,0.060209
28,2424317942,9,0.129323
28,825877090,9,0.101185
28,798645928,9,0.020042
28,945438226,9,0.060692
28,303302468,9,0.191194
28,711057604,9,0.060692
28,943820342,9,0.020042
28,943820347,9,0.101173
28,943820345,9,0.129323
28,825976719,9,0.060221
28,943820332,9,0.021743
28,11126908381,9,0.011209
28,2424418056,10,0.018164
28,2424327579,10,0.050349
28,2424320147,10,0.025430
28,2424317942,10,0.055435
28,825877090,10,0.101997
28,798645928,10,0.120285
28,945438226,10,0.082195
28,303302468,10,0.092289
28,711057604,10,0.082179
28,943820342,10,0.120302
28,943820347,10,0.101997
28,943820345,10,0.055435
28,825976719,10,0.025430
28,943820332,10,0.050349
28,11126908381,10,0.018164
28,2424418056,11,0.005475
28,2424327579,11,0.005377
28,2424320147,11,0.014007
28,2424317942,11,0.081590
28,825877090,11,0.164587
28,798645928,11,0.148797
28,945438226,11,0.062745
28,303302468,11,0.034846
28,711057604,11,0.062745
28,943820342,11,0.148797
28,943820347,11,0.164569
28,943820345,11,0.081606
28,825976719,11,0.014007
28,943820332,11,0.005377
28,11126908381,11,0.005475
28,2424418056,12,0.020461
28,2424327579,12,0.029588
28,2424320147,12,0.103993
28,2424317942,12,0.059645
28,825877090,12,0.037671
28,798645928,12,0.089366
28,945438226,12,0.116653
28,303302468,12,0.085231
28,711057604,12,0.116668
28,943820342,12,0.089353
28,943820347,12,0.037671
28,943820345,12,0.059658
28,825976719,12,0.103993
28,943820332,12,0.029588
28,11126908381,12,0.020461
28,2424418056,13,0.028763
28,2424327579,13,0.124727
28,2424320147,13,0.064080
28,2424317942,13,0.010884
28,825877090,13,0.007477
28,798645928,13,0.017437
28,945438226,13,0.110319
28,303302468,13,0.272626
28,711057604,13,0.110319
28,943820342,13,0.017437
28,943820347,13,0.007477
28,943820345,13,0.010884
28,825976719,13,0.064080
28,943820332,13,0.124727
28,11126908381,13,0.028763
28,2424418056,14,0.008079
28,2424327579,14,0.014544
28,2424320147,14,0.066770
28,2424317942,14,0.100588
28,825877090,14,0.019139
28,798645928,14,0.028153
28,945438226,14,0.176385
28,303302468,14,0.172671
28,711057604,14,0.176398
28,943820342,14,0.028153
28,943820347,14,0.019139
28,943820345,14,0.100588
28,825976719,14,0.066770
28,943820332,14,0.014544
28,11126908381,14,0.008079
28,2424418056,15,0.009863
28,2424327579,15,0.004485
28,2424320147,15,0.003785
28,2424317942,15,0.043290
28,825877090,15,0.118516
28,798645928,15,0.181261
28,945438226,15,0.088576
28,303302468,15,0.100435
28,711057604,15,0.088589
28,943820342,15,0.181261
28,943820347,15,0.118516
28,943820345,15,0.043290
28,825976719,15,0.003785
28,943820332,15,0.004485
28,11126908381,15,0.009863
28,2424418056,16,0.014628
28,2424327579,16,0.025295
28,2424320147,16,0.046225
28,2424317942,16,0.016413
28,825877090,16,0.114056
28,798645928,16,0.137054
28,945438226,16,0.118638
28,303302468,16,0.055379
28,711057604,16,0.118627
28,943820342,16,0.137067
28,943820347,16,0.114056
28,943820345,16,0.016403
28,825976719,16,0.046236
28,943820332,16,0.025295
28,11126908381,16,0.014628
28,2424418056,17,0.007855
28,2424327579,17,0.015217
28,2424320147,17,0.044815
28,2424317942,17,0.132958
28,825877090,17,0.094945
28,798645928,17,0.061115
28,945438226,17,0.063723
28,303302468,17,0.158744
28,711057604,17,0.063723
28,943820342,17,0.061115
28,943820347,17,0.094945
28,943820345,17,0.132958
28,825976719,17,0.044815
28,943820332,17,0.015217
28,11126908381,17,0.007855
28,2424418056,18,0.002371
28,2424327579,18,0.003979
28,2424320147,18,0.056847
28,2424317942,18,0.085647
28,825877090,18,0.103562
28,798645928,18,0.124611
28,945438226,18,0.090585
28,303302468,18,0.064795
28,711057604,18,0.090585
28,943820342,18,0.124611
28,943820347,18,0.103552
28,943820345,18,0.085658
28,825976719,18,0.056847
28,943820332,18,0.003979
28,11126908381,18,0.002371
28,2424418056,19,0.003781
28,2424327579,19,0.041937
28,2424320147,19,0.099001
28,2424317942,19,0.060681
28,825877090,19,0.076885
28,798645928,19,0.060463
28,945438226,19,0.068066
28,303302468,19,0.178358
28,711057604,19,0.068080
28,943820342,19,0.060449
28,943820347,19,0.076899
28,943820345,19,0.060681
28,825976719,19,0.099001
28,943820332,19,0.041937
28,11126908381,19,0.003781
28,2424418056,20,0.028071
28,2424327579,20,0.110337
28,2424320147,20,0.085497
28,2424317942,20,0.106113
28,825877090,20,0.052073
28,798645928,20,0.056745
28,945438226,20,0.029005
28,303302468,20,0.064318
28,711057604,20,0.029005
28,943820342,20,0.056706
28,943820347,20,0.052112
28,943820345,20,0.106113
28,825976719,20,0.085497
28,943820332,20,0.110337
28,11126908381,20,0.028071
28,2424418056,21,0.048484
28,2424327579,21,0.136005
28,2424320147,21,0.160235
28,2424317942,21,0.056135
28,825877090,21,0.040051
28,798645928,21,0.015707
28,945438226,21,0.009042
28,303302468,21,0.068684
28,711057604,21,0.009042
28,943820342,21,0.015707
28,943820347,21,0.040051
28,943820345,21,0.056135
28,825976719,21,0.160233
28,943820332,21,0.136005
28,11126908381,21,0.048484
28,2424418056,22,0.208784
28,2424327579,22,0.156290
28,2424320147,22,0.044765
28,2424317942,22,0.020379
28,825877090,22,0.009487
28,798645928,22,0.005200
28,945438226,22,0.009136
28,303302468,22,0.091918
28,711057604,22,0.009136
28,943820342,22,0.005200
28,943820347,22,0.009487
28,943820345,22,0.020379
28,825976719,22,0.044765
28,943820332,22,0.156290
28,11126908381,22,0.208784
28,2424418056,23,0.291311
28,2424327579,23,0.074663
28,2424320147,23,0.064871
28,2424317942,23,0.011628
28,825877090,23,0.011628
28,798645928,23,0.004896
28,945438226,23,0.005508
28,303302468,23,0.070991
28,711057604,23,0.005508
28,943820342,23,0.004896
28,943820347,23,0.011628
28,943820345,23,0.011628
28,825976719,23,0.064871
28,943820332,23,0.074663
28,11126908381,23,0.291310
50,3016750433,0,0.172033
50,3016750453,0,0.038802
50,679350543,0,0.018076
50,2631470110,0,0.027017
50,2631470111,0,0.015544
50,4291992590,0,0.015544
50,2631470095,0,0.014434
50,2631470113,0,0.011843
50,13388798128,0,0.018875
50,2631470105,0,0.009993
50,12464935104,0,0.014434
50,3007312924,0,0.017706
50,3016721033,0,0.011103
50,473120396,0,0.014005
50,473120397,0,0.012895
50,3016214896,0,0.010363
50,473120399,0,0.015116
50,4656724435,0,0.009934
50,473120401,0,0.012525
50,473120402,0,0.009993
50,4291989484,0,0.011473
50,473120404,0,0.046262
50,11987259526,0,0.011785
50,13134322144,0,0.012525
50,471943151,0,0.009934
50,471943152,0,0.015116
50,2358271808,0,0.012155
50,2358271810,0,0.011103
50,2358271812,0,0.012213
50,2360708029,0,0.012895
50,2360708036,0,0.017706
50,2360708027,0,0.014434
50,13725188934,0,0.009993
50,2360708032,0,0.018875
50,2360761234,0,0.011843
50,1507754582,0,0.014434
50,1507754858,0,0.015544
50,1507754577,0,0.015544
50,1507754592,0,0.027017
50,250722843,0,0.018076
50,7618078828,0,0.038802
50,695081254,0,0.172036
50,3016750433,1,0.234543
50,3016750453,1,0.030659
50,679350543,1,0.001533
50,2631470110,1,0.000000
50,2631470111,1,0.014563
50,4291992590,1,0.000000
50,2631470095,1,0.004854
50,2631470113,1,0.004854
50,13388798128,1,0.000000
50,2631470105,1,0.004854
50,12464935104,1,0.004854
50,3007312924,1,0.011242
50,3016721033,1,0.009709
50,473120396,1,0.006387
50,473120397,1,0.020950
50,3016214896,1,0.014563
50,473120399,1,0.001533
50,4656724435,1,0.006387
50,473120401,1,0.001533
50,473120402,1,0.000000
50,4291989484,1,0.009709
50,473120404,1,0.242722
50,11987259526,1,0.001533
50,13134322144,1,0.001533
50,471943151,1,0.006387
50,471943152,1,0.001533
50,2358271808,1,0.016096
50,2358271810,1,0.019417
50,2358271812,1,0.004854
50,2360708029,1,0.011242
50,2360708036,1,0.011242
50,2360708027,1,0.004854
50,13725188934,1,0.004854
50,2360708032,1,0.000000
50,2360761234,1,0.004854
50,1507754582,1,0.004854
50,1507754858,1,0.000000
50,1507754577,1,0.014563
50,1507754592,1,0.000000
50,250722843,1,0.001533
50,7618078828,1,0.030659
50,695081254,1,0.234543
50,3016750433,2,0.000000
50,3016750453,2,0.000000
50,679350543,2,0.000000
50,2631470110,2,0.000000
50,2631470111,2,0.000000
50,4291992590,2,0.000000
50,2631470095,2,0.000000
50,2631470113,2,0.000000
50,13388798128,2,0.000000
50,2631470105,2,0.000000
50,12464935104,2,0.000000
50,3007312924,2,0.000000
50,3016721033,2,0.000000
50,473120396,2,0.500000
50,473120397,2,0.000000
50,3016214896,2,0.000000
50,473120399,2,0.000000
50,4656724435,2,0.000000
50,473120401,2,0.000000
50,473120402,2,0.000000
50,4291989484,2,0.000000
50,473120404,2,0.000000
50,11987259526,2,0.000000
50,13134322144,2,0.000000
50,471943151,2,0.000000
50,471943152,2,0.000000
50,2358271808,2,0.000000
50,2358271810,2,0.000000
50,2358271812,2,0.500000
50,2360708029,2,0.000000
50,2360708036,2,0.000000
50,2360708027,2,0.000000
50,13725188934,2,0.000000
50,2360708032,2,0.000000
50,2360761234,2,0.000000
50,1507754582,2,0.000000
50,1507754858,2,0.000000
50,1507754577,2,0.000000
50,1507754592,2,0.000000
50,250722843,2,0.000000
50,7618078828,2,0.000000
50,695081254,2,0.000000
50,3016750433,3,0.500000
50,3016750453,3,0.000000
50,679350543,3,0.000000
50,2631470110,3,0.000000
50,2631470111,3,0.000000
50,4291992590,3,0.000000
50,2631470095,3,0.000000
50,2631470113,3,0.000000
50,13388798128,3,0.000000
50,2631470105,3,0.000000
50,12464935104,3,0.000000
50,3007312924,3,0.000000
50,3016721033,3,0.000000
50,473120396,3,0.000000
50,473120397,3,0.000000
50,3016214896,3,0.000000
50,473120399,3,0.000000
50,4656724435,3,0.000000
50,473120401,3,0.000000
50,473120402,3,0.000000
50,4291989484,3,0.000000
50,473120404,3,0.000000
50,11987259526,3,0.000000
50,13134322144,3,0.000000
50,471943151,3,0.000000
50,471943152,3,0.000000
50,2358271808,3,0.000000
50,2358271810,3,0.000000
50,2358271812,3,0.000000
50,2360708029,3,0.000000
50,2360708036,3,0.000000
50,2360708027,3,0.000000
50,13725188934,3,0.000000
50,2360708032,3,0.000000
50,2360761234,3,0.000000
50,1507754582,3,0.000000
50,1507754858,3,0.000000
50,1507754577,3,0.000000
50,1507754592,3,0.000000
50,250722843,3,0.000000
50,7618078828,3,0.000000
50,695081254,3,0.500000
50,3016750433,4,0.253575
50,3016750453,4,0.032143
50,679350543,4,0.010714
50,2631470110,4,0.021429
50,2631470111,4,0.028571
50,4291992590,4,0.007143
50,2631470095,4,0.010714
50,2631470113,4,0.010714
50,13388798128,4,0.003571
50,2631470105,4,0.000000
50,12464935104,4,0.014286
50,3007312924,4,0.007143
50,3016721033,4,0.007143
50,473120396,4,0.007143
50,473120397,4,0.000000
50,3016214896,4,0.003571
50,473120399,4,0.000000
50,4656724435,4,0.003571
50,473120401,4,0.000000
50,473120402,4,0.003571
50,4291989484,4,0.000000
50,473120404,4,0.150000
50,11987259526,4,0.003571
50,13134322144,4,0.000000
50,471943151,4,0.003571
50,471943152,4,0.000000
50,2358271808,4,0.003571
50,2358271810,4,0.000000
50,2358271812,4,0.007143
50,2360708029,4,0.007143
50,2360708036,4,0.007143
50,2360708027,4,0.014286
50,13725188934,4,0.000000
50,2360708032,4,0.003571
50,2360761234,4,0.010714
50,1507754582,4,0.010714
50,1507754858,4,0.007143
50,1507754577,4,0.028571
50,1507754592,4,0.021429
50,250722843,4,0.010714
50,7618078828,4,0.032143
50,695081254,4,0.253571
50,3016750433,5,0.142234
50,3016750453,5,0.080360
50,679350543,5,0.041948
50,2631470110,5,0.030055
50,2631470111,5,0.025876
50,4291992590,5,0.022662
50,2631470095,5,0.021215
50,2631470113,5,0.021858
50,13388798128,5,0.009804
50,2631470105,5,0.017518
50,12464935104,5,0.008518
50,3007312924,5,0.009161
50,3016721033,5,0.006590
50,473120396,5,0.010608
50,473120397,5,0.009000
50,3016214896,5,0.005947
50,473120399,5,0.008197
50,4656724435,5,0.006429
50,473120401,5,0.005304
50,473120402,5,0.005625
50,4291989484,5,0.006750
50,473120404,5,0.014465
50,11987259526,5,0.006590
50,13134322144,5,0.005304
50,471943151,5,0.006429
50,471943152,5,0.008197
50,2358271808,5,0.006911
50,2358271810,5,0.008036
50,2358271812,5,0.009643
50,2360708029,5,0.007554
50,2360708036,5,0.009161
50,2360708027,5,0.008518
50,13725188934,5,0.017518
50,2360708032,5,0.009804
50,2360761234,5,0.021858
50,1507754582,5,0.021215
50,1507754858,5,0.022662
50,1507754577,5,0.025876
50,1507754592,5,0.030055
50,250722843,5,0.041948
50,7618078828,5,0.080360
50,695081254,5,0.142237
50,3016750433,6,0.061007
50,3016750453,6,0.043872
50,679350543,6,0.036265
50,2631470110,6,0.036088
50,2631470111,6,0.021739
50,4291992590,6,0.029389
50,2631470095,6,0.028373
50,2631470113,6,0.022387
50,13388798128,6,0.014716
50,2631470105,6,0.016294
50,12464935104,6,0.016358
50,3007312924,6,0.023926
50,3016721033,6,0.020443
50,473120396,6,0.017638
50,473120397,6,0.019345
50,3016214896,6,0.016337
50,473120399,6,0.014937
50,4656724435,6,0.015823
50,473120401,6,0.018200
50,473120402,6,0.013463
50,4291989484,6,0.012598
50,473120404,6,0.012944
50,11987259526,6,0.014721
50,13134322144,6,0.018200
50,471943151,6,0.015823
50,471943152,6,0.014937
50,2358271808,6,0.017595
50,2358271810,6,0.018087
50,2358271812,6,0.016380
50,2360708029,6,0.021700
50,2360708036,6,0.023926
50,2360708027,6,0.016358
50,13725188934,6,0.016294
50,2360708032,6,0.014716
50,2360761234,6,0.022387
50,1507754582,6,0.028373
50,1507754858,6,0.029389
50,1507754577,6,0.021739
50,1507754592,6,0.036066
50,250722843,6,0.036287
50,7618078828,6,0.043872
50,695081254,6,0.061008
50,3016750433,7,0.056276
50,3016750453,7,0.059547
50,679350543,7,0.030614
50,2631470110,7,0.030521
50,2631470111,7,0.023297
50,4291992590,7,0.024775
50,2631470095,7,0.034949
50,2631470113,7,0.023143
50,13388798128,7,0.022211
50,2631470105,7,0.025958
50,12464935104,7,0.019544
50,3007312924,7,0.021964
50,3016721033,7,0.020341
50,473120396,7,0.018963
50,473120397,7,0.015794
50,3016214896,7,0.012526
50,473120399,7,0.012388
50,4656724435,7,0.011900
50,473120401,7,0.012607
50,473120402,7,0.011819
50,4291989484,7,0.009602
50,473120404,7,0.009666
50,11987259526,7,0.014271
50,13134322144,7,0.012607
50,471943151,7,0.011900
50,471943152,7,0.012388
50,2358271808,7,0.014978
50,2358271810,7,0.013342
50,2358271812,7,0.016510
50,2360708029,7,0.022793
50,2360708036,7,0.021964
50,2360708027,7,0.019544
50,13725188934,7,0.025958
50,2360708032,7,0.022211
50,2360761234,7,0.023143
50,1507754582,7,0.034949
50,1507754858,7,0.024775
50,1507754577,7,0.023297
50,1507754592,7,0.030521
50,250722843,7,0.030614
50,7618078828,7,0.059541
50,695081254,7,0.056289
50,3016750433,8,0.042064
50,3016750453,8,0.043349
50,679350543,8,0.025011
50,2631470110,8,0.030241
50,2631470111,8,0.030144
50,4291992590,8,0.033227
50,2631470095,8,0.025779
50,2631470113,8,0.026612
50,13388798128,8,0.020427
50,2631470105,8,0.021503
50,12464935104,8,0.024189
50,3007312924,8,0.019845
50,3016721033,8,0.016146
50,473120396,8,0.023931
50,473120397,8,0.019177
50,3016214896,8,0.018084
50,473120399,8,0.018036
50,4656724435,8,0.017604
50,473120401,8,0.019529
50,473120402,8,0.012230
50,4291989484,8,0.011364
50,473120404,8,0.011372
50,11987259526,8,0.015241
50,13134322144,8,0.019529
50,471943151,8,0.017604
50,471943152,8,0.018036
50,2358271808,8,0.021095
50,2358271810,8,0.016166
50,2358271812,8,0.020920
50,2360708029,8,0.019157
50,2360708036,8,0.019845
50,2360708027,8,0.024189
50,13725188934,8,0.021503
50,2360708032,8,0.020427
50,2360761234,8,0.026612
50,1507754582,8,0.025779
50,1507754858,8,0.033227
50,1507754577,8,0.030144
50,1507754592,8,0.030241
50,250722843,8,0.025011
50,7618078828,8,0.043346
50,695081254,8,0.042064
50,3016750433,9,0.023270
50,3016750453,9,0.025672
50,679350543,9,0.020715
50,2631470110,9,0.013409
50,2631470111,9,0.021581
50,4291992590,9,0.024580
50,2631470095,9,0.028233
50,2631470113,9,0.027256
50,13388798128,9,0.025957
50,2631470105,9,0.022848
50,12464935104,9,0.020636
50,3007312924,9,0.025207
50,3016721033,9,0.018889
50,473120396,9,0.023191
50,473120397,9,0.023835
50,3016214896,9,0.020810
50,473120399,9,0.026828
50,4656724435,9,0.030038
50,473120401,9,0.032704
50,473120402,9,0.024030
50,4291989484,9,0.018472
50,473120404,9,0.018503
50,11987259526,9,0.027673
50,13134322144,9,0.032709
50,471943151,9,0.030038
50,471943152,9,0.026818
50,2358271808,9,0.024463
50,2358271810,9,0.020193
50,2358271812,9,0.019543
50,2360708029,9,0.022536
50,2360708036,9,0.025207
50,2360708027,9,0.020636
50,13725188934,9,0.022848
50,2360708032,9,0.025957
50,2360761234,9,0.027256
50,1507754582,9,0.028227
50,1507754858,9,0.024585
50,1507754577,9,0.021581
50,1507754592,9,0.013409
50,250722843,9,0.020715
50,7618078828,9,0.025672
50,695081254,9,0.023270
50,3016750433,10,0.027839
50,3016750453,10,0.030531
50,679350543,10,0.024586
50,2631470110,10,0.020381
50,2631470111,10,0.022665
50,4291992590,10,0.028256
50,2631470095,10,0.027232
50,2631470113,10,0.023405
50,13388798128,10,0.023910
50,2631470105,10,0.027682
50,12464935104,10,0.025571
50,3007312924,10,0.034829
50,3016721033,10,0.027260
50,473120396,10,0.031798
50,473120397,10,0.020330
50,3016214896,10,0.017543
50,473120399,10,0.018967
50,4656724435,10,0.020012
50,473120401,10,0.022303
50,473120402,10,0.012838
50,4291989484,10,0.010734
50,473120404,10,0.010761
50,11987259526,10,0.015465
50,13134322144,10,0.022303
50,471943151,10,0.020012
50,471943152,10,0.018967
50,2358271808,10,0.020171
50,2358271810,10,0.017703
50,2358271812,10,0.029170
50,2360708029,10,0.029888
50,2360708036,10,0.034829
50,2360708027,10,0.025571
50,13725188934,10,0.027682
50,2360708032,10,0.023910
50,2360761234,10,0.023405
50,1507754582,10,0.027232
50,1507754858,10,0.028256
50,1507754577,10,0.022665
50,1507754592,10,0.020381
50,250722843,10,0.024573
50,7618078828,10,0.030545
50,695081254,10,0.027839
50,3016750433,11,0.026802
50,3016750453,11,0.032193
50,679350543,11,0.033480
50,2631470110,11,0.028284
50,2631470111,11,0.026539
50,4291992590,11,0.028787
50,2631470095,11,0.027419
50,2631470113,11,0.020194
50,13388798128,11,0.021968
50,2631470105,11,0.020352
50,12464935104,11,0.022991
50,3007312924,11,0.027178
50,3016721033,11,0.027479
50,473120396,11,0.023667
50,473120397,11,0.020675
50,3016214896,11,0.017232
50,473120399,11,0.021637
50,4656724435,11,0.022562
50,473120401,11,0.022119
50,473120402,11,0.016533
50,4291989484,11,0.010932
50,473120404,11,0.010977
50,11987259526,11,0.018442
50,13134322144,11,0.022119
50,471943151,11,0.022562
50,471943152,11,0.021637
50,2358271808,11,0.019141
50,2358271810,11,0.018766
50,2358271812,11,0.021758
50,2360708029,11,0.029381
50,2360708036,11,0.027186
50,2360708027,11,0.022991
50,13725188934,11,0.020352
50,2360708032,11,0.021968
50,2360761234,11,0.020194
50,1507754582,11,0.027419
50,1507754858,11,0.028787
50,1507754577,11,0.026539
50,1507754592,11,0.028284
50,250722843,11,0.033479
50,7618078828,11,0.032193
50,695081254,11,0.026802
50,3016750433,12,0.021389
50,3016750453,12,0.027217
50,679350543,12,0.027138
50,2631470110,12,0.022358
50,2631470111,12,0.022350
50,4291992590,12,0.027089
50,2631470095,12,0.027495
50,2631470113,12,0.022446
50,13388798128,12,0.020744
50,2631470105,12,0.017500
50,12464935104,12,0.023225
50,3007312924,12,0.026343
50,3016721033,12,0.024783
50,473120396,12,0.025635
50,473120397,12,0.027989
50,3016214896,12,0.025396
50,473120399,12,0.025015
50,4656724435,12,0.024418
50,473120401,12,0.026438
50,473120402,12,0.020569
50,4291989484,12,0.013787
50,473120404,12,0.013819
50,11987259526,12,0.021890
50,13134322144,12,0.026438
50,471943151,12,0.024418
50,471943152,12,0.025015
50,2358271808,12,0.026716
50,2358271810,12,0.026668
50,2358271812,12,0.024314
50,2360708029,12,0.026104
50,2360708036,12,0.026343
50,2360708027,12,0.023225
50,13725188934,12,0.017500
50,2360708032,12,0.020744
50,2360761234,12,0.022446
50,1507754582,12,0.027495
50,1507754858,12,0.027089
50,1507754577,12,0.022350
50,1507754592,12,0.022358
50,250722843,12,0.027138
50,7618078828,12,0.027217
50,695081254,12,0.021389
50,3016750433,13,0.013676
50,3016750453,13,0.015986
50,679350543,13,0.017538
50,2631470110,13,0.015825
50,2631470111,13,0.018165
50,4291992590,13,0.023015
50,2631470095,13,0.022721
50,2631470113,13,0.018605
50,13388798128,13,0.021455
50,2631470105,13,0.014944
50,12464935104,13,0.018381
50,3007312924,13,0.028064
50,3016721033,13,0.024876
50,473120396,13,0.027030
50,473120397,13,0.025987
50,3016214896,13,0.031109
50,473120399,13,0.032413
50,4656724435,13,0.040854
50,473120401,13,0.042928
50,473120402,13,0.031495
50,4291989484,13,0.014334
50,473120404,13,0.014365
50,11987259526,13,0.032660
50,13134322144,13,0.042931
50,471943151,13,0.040846
50,471943152,13,0.032420
50,2358271808,13,0.032274
50,2358271810,13,0.024822
50,2358271812,13,0.025865
50,2360708029,13,0.026041
50,2360708036,13,0.028064
50,2360708027,13,0.018381
50,13725188934,13,0.014944
50,2360708032,13,0.021455
50,2360761234,13,0.018605
50,1507754582,13,0.022721
50,1507754858,13,0.023015
50,1507754577,13,0.018165
50,1507754592,13,0.015825
50,250722843,13,0.017538
50,7618078828,13,0.015978
50,695081254,13,0.013684
50,3016750433,14,0.011405
50,3016750453,14,0.019145
50,679350543,14,0.015068
50,2631470110,14,0.017175
50,2631470111,14,0.016089
50,4291992590,14,0.017659
50,2631470095,14,0.016136
50,2631470113,14,0.016370
50,13388798128,14,0.022189
50,2631470105,14,0.016956
50,12464935104,14,0.020588
50,3007312924,14,0.029033
50,3016721033,14,0.028922
50,473120396,14,0.029798
50,473120397,14,0.027142
50,3016214896,14,0.027563
50,473120399,14,0.031555
50,4656724435,14,0.033617
50,473120401,14,0.038944
50,473120402,14,0.032538
50,4291989484,14,0.031476
50,473120404,14,0.031507
50,11987259526,14,0.033766
50,13134322144,14,0.038950
50,471943151,14,0.033617
50,471943152,14,0.031555
50,2358271808,14,0.028798
50,2358271810,14,0.025907
50,2358271812,14,0.028562
50,2360708029,14,0.030157
50,2360708036,14,0.029033
50,2360708027,14,0.020588
50,13725188934,14,0.016956
50,2360708032,14,0.022189
50,2360761234,14,0.016370
50,1507754582,14,0.016120
50,1507754858,14,0.017675
50,1507754577,14,0.016089
50,1507754592,14,0.017175
50,250722843,14,0.015068
50,7618078828,14,0.019145
50,695081254,14,0.011405
50,3016750433,15,0.012472
50,3016750453,15,0.021099
50,679350543,15,0.020983
50,2631470110,15,0.016047
50,2631470111,15,0.016824
50,4291992590,15,0.018549
50,2631470095,15,0.014458
50,2631470113,15,0.018577
50,13388798128,15,0.019975
50,2631470105,15,0.013401
50,12464935104,15,0.018652
50,3007312924,15,0.032236
50,3016721033,15,0.023950
50,473120396,15,0.019149
50,473120397,15,0.021399
50,3016214896,15,0.024032
50,473120399,15,0.034745
50,4656724435,15,0.041012
50,473120401,15,0.044507
50,473120402,15,0.041647
50,4291989484,15,0.025751
50,473120404,15,0.025792
50,11987259526,15,0.042670
50,13134322144,15,0.044511
50,471943151,15,0.041012
50,471943152,15,0.034745
50,2358271808,15,0.025055
50,2358271810,15,0.020377
50,2358271812,15,0.018127
50,2360708029,15,0.024973
50,2360708036,15,0.032236
50,2360708027,15,0.018652
50,13725188934,15,0.013401
50,2360708032,15,0.019975
50,2360761234,15,0.018577
50,1507754582,15,0.014458
50,1507754858,15,0.018549
50,1507754577,15,0.016824
50,1507754592,15,0.016040
50,250722843,15,0.020990
50,7618078828,15,0.021092
50,695081254,15,0.012479
50,3016750433,16,0.020704
50,3016750453,16,0.027015
50,679350543,16,0.034585
50,2631470110,16,0.023830
50,2631470111,16,0.019880
50,4291992590,16,0.022920
50,2631470095,16,0.021263
50,2631470113,16,0.021525
50,13388798128,16,0.021207
50,2631470105,16,0.018135
50,12464935104,16,0.015868
50,3007312924,16,0.017863
50,3016721033,16,0.014584
50,473120396,16,0.015857
50,473120397,16,0.024860
50,3016214896,16,0.031717
50,473120399,16,0.035536
50,4656724435,16,0.028081
50,473120401,16,0.031314
50,473120402,16,0.030571
50,4291989484,16,0.022210
50,473120404,16,0.022235
50,11987259526,16,0.031495
50,13134322144,16,0.031314
50,471943151,16,0.028081
50,471943152,16,0.035538
50,2358271808,16,0.032641
50,2358271810,16,0.023936
50,2358271812,16,0.014933
50,2360708029,16,0.015508
50,2360708036,16,0.017863
50,2360708027,16,0.015868
50,13725188934,16,0.018129
50,2360708032,16,0.021213
50,2360761234,16,0.021518
50,1507754582,16,0.021269
50,1507754858,16,0.022920
50,1507754577,16,0.019880
50,1507754592,16,0.023830
50,250722843,16,0.034585
50,7618078828,16,0.027015
50,695081254,16,0.020704
50,3016750433,17,0.019214
50,3016750453,17,0.033444
50,679350543,17,0.044350
50,2631470110,17,0.033222
50,2631470111,17,0.024875
50,4291992590,17,0.023987
50,2631470095,17,0.019483
50,2631470113,17,0.015649
50,13388798128,17,0.016482
50,2631470105,17,0.017430
50,12464935104,17,0.018218
50,3007312924,17,0.027417
50,3016721033,17,0.030246
50,473120396,17,0.026331
50,473120397,17,0.022606
50,3016214896,17,0.026080
50,473120399,17,0.022388
50,4656724435,17,0.020816
50,473120401,17,0.022378
50,473120402,17,0.017479
50,4291989484,17,0.017444
50,473120404,17,0.017464
50,11987259526,17,0.018380
50,13134322144,17,0.022378
50,471943151,17,0.020816
50,471943152,17,0.022388
50,2358271808,17,0.026981
50,2358271810,17,0.021705
50,2358271812,17,0.025430
50,2360708029,17,0.031142
50,2360708036,17,0.027422
50,2360708027,17,0.018218
50,13725188934,17,0.017430
50,2360708032,17,0.016482
50,2360761234,17,0.015649
50,1507754582,17,0.019478
50,1507754858,17,0.023992
50,1507754577,17,0.024875
50,1507754592,17,0.033222
50,250722843,17,0.044351
50,7618078828,17,0.033444
50,695081254,17,0.019214
50,3016750433,18,0.011207
50,3016750453,18,0.017727
50,679350543,18,0.021680
50,2631470110,18,0.020185
50,2631470111,18,0.017253
50,4291992590,18,0.020165
50,2631470095,18,0.021271
50,2631470113,18,0.018884
50,13388798128,18,0.026955
50,2631470105,18,0.025253
50,12464935104,18,0.029141
50,3007312924,18,0.033441
50,3016721033,18,0.029572
50,473120396,18,0.029781
50,473120397,18,0.028635
50,3016214896,18,0.025369
50,473120399,18,0.028134
50,4656724435,18,0.029000
50,473120401,18,0.028165
50,473120402,18,0.019629
50,4291989484,18,0.017908
50,473120404,18,0.017923
50,11987259526,18,0.020899
50,13134322144,18,0.028170
50,471943151,18,0.029000
50,471943152,18,0.028134
50,2358271808,18,0.026633
50,2358271810,18,0.027370
50,2358271812,18,0.028511
50,2360708029,18,0.030841
50,2360708036,18,0.033443
50,2360708027,18,0.029141
50,13725188934,18,0.025253
50,2360708032,18,0.026955
50,2360761234,18,0.018884
50,1507754582,18,0.021271
50,1507754858,18,0.020160
50,1507754577,18,0.017258
50,1507754592,18,0.020185
50,250722843,18,0.021680
50,7618078828,18,0.017727
50,695081254,18,0.011207
50,3016750433,19,0.010967
50,3016750453,19,0.016065
50,679350543,19,0.012766
50,2631470110,19,0.015390
50,2631470111,19,0.018479
50,4291992590,19,0.021697
50,2631470095,19,0.023770
50,2631470113,19,0.026690
50,13388798128,19,0.030441
50,2631470105,19,0.025908
50,12464935104,19,0.026085
50,3007312924,19,0.026155
50,3016721033,19,0.025448
50,473120396,19,0.026994
50,473120397,19,0.025018
50,3016214896,19,0.027787
50,473120399,19,0.031705
50,4656724435,19,0.030906
50,473120401,19,0.033506
50,473120402,19,0.025496
50,4291989484,19,0.017931
50,473120404,19,0.017963
50,11987259526,19,0.027059
50,13134322144,19,0.033503
50,471943151,19,0.030906
50,471943152,19,0.031705
50,2358271808,19,0.029349
50,2358271810,19,0.023456
50,2358271812,19,0.025432
50,2360708029,19,0.027010
50,2360708036,19,0.026155
50,2360708027,19,0.026085
50,13725188934,19,0.025908
50,2360708032,19,0.030441
50,2360761234,19,0.026690
50,1507754582,19,0.023762
50,1507754858,19,0.021705
50,1507754577,19,0.018479
50,1507754592,19,0.015390
50,250722843,19,0.012766
50,7618078828,19,0.016065
50,695081254,19,0.010967
50,3016750433,20,0.025370
50,3016750453,20,0.034052
50,679350543,20,0.033309
50,2631470110,20,0.031433
50,2631470111,20,0.034270
50,4291992590,20,0.038617
50,2631470095,20,0.025476
50,2631470113,20,0.024386
50,13388798128,20,0.022479
50,2631470105,20,0.020510
50,12464935104,20,0.021414
50,3007312924,20,0.019239
50,3016721033,20,0.016670
50,473120396,20,0.020082
50,473120397,20,0.018893
50,3016214896,20,0.016039
50,473120399,20,0.018360
50,4656724435,20,0.019376
50,473120401,20,0.024292
50,473120402,20,0.018441
50,4291989484,20,0.016547
50,473120404,20,0.016670
50,11987259526,20,0.019809
50,13134322144,20,0.024292
50,471943151,20,0.019376
50,471943152,20,0.018360
50,2358271808,20,0.017406
50,2358271810,20,0.017525
50,2358271812,20,0.018714
50,2360708029,20,0.018038
50,2360708036,20,0.019239
50,2360708027,20,0.021414
50,13725188934,20,0.020510
50,2360708032,20,0.022479
50,2360761234,20,0.024386
50,1507754582,20,0.025476
50,1507754858,20,0.038617
50,1507754577,20,0.034270
50,1507754592,20,0.031433
50,250722843,20,0.033309
50,7618078828,20,0.034052
50,695081254,20,0.025370
50,3016750433,21,0.037412
50,3016750453,21,0.048035
50,679350543,21,0.048316
50,2631470110,21,0.035059
50,2631470111,21,0.036645
50,4291992590,21,0.038802
50,2631470095,21,0.033205
50,2631470113,21,0.024668
50,13388798128,21,0.018786
50,2631470105,21,0.017520
50,12464935104,21,0.018109
50,3007312924,21,0.018787
50,3016721033,21,0.017574
50,473120396,21,0.019001
50,473120397,21,0.016577
50,3016214896,21,0.012566
50,473120399,21,0.014616
50,4656724435,21,0.012228
50,473120401,21,0.013208
50,473120402,21,0.009322
50,4291989484,21,0.008840
50,473120404,21,0.008983
50,11987259526,21,0.010624
50,13134322144,21,0.013208
50,471943151,21,0.012228
50,471943152,21,0.014616
50,2358271808,21,0.013868
50,2358271810,21,0.015275
50,2358271812,21,0.017699
50,2360708029,21,0.018876
50,2360708036,21,0.018769
50,2360708027,21,0.018126
50,13725188934,21,0.017520
50,2360708032,21,0.018786
50,2360761234,21,0.024668
50,1507754582,21,0.033205
50,1507754858,21,0.038802
50,1507754577,21,0.036645
50,1507754592,21,0.035059
50,250722843,21,0.048302
50,7618078828,21,0.048035
50,695081254,21,0.037430
50,3016750433,22,0.061633
50,3016750453,22,0.047380
50,679350543,22,0.047465
50,2631470110,22,0.029814
50,2631470111,22,0.031627
50,4291992590,22,0.028127
50,2631470095,22,0.024585
50,2631470113,22,0.021295
50,13388798128,22,0.021000
50,2631470105,22,0.019145
50,12464935104,22,0.016530
50,3007312924,22,0.018874
50,3016721033,22,0.018554
50,473120396,22,0.016386
50,473120397,22,0.013814
50,3016214896,22,0.014211
50,473120399,22,0.015543
50,4656724435,22,0.014826
50,473120401,22,0.013139
50,473120402,22,0.012777
50,4291989484,22,0.011934
50,473120404,22,0.013030
50,11987259526,22,0.014362
50,13134322144,22,0.013139
50,471943151,22,0.014826
50,471943152,22,0.015543
50,2358271808,22,0.015796
50,2358271810,22,0.012229
50,2358271812,22,0.014801
50,2360708029,22,0.020139
50,2360708036,22,0.018874
50,2360708027,22,0.016530
50,13725188934,22,0.019145
50,2360708032,22,0.021000
50,2360761234,22,0.021295
50,1507754582,22,0.024585
50,1507754858,22,0.028127
50,1507754577,22,0.031627
50,1507754592,22,0.029814
50,250722843,22,0.047465
50,7618078828,22,0.047380
50,695081254,22,0.061634
50,3016750433,23,0.085591
50,3016750453,23,0.042490
50,679350543,23,0.040339
50,2631470110,23,0.034726
50,2631470111,23,0.030655
50,4291992590,23,0.025738
50,2631470095,23,0.021128
50,2631470113,23,0.016902
50,13388798128,23,0.015750
50,2631470105,23,0.013061
50,12464935104,23,0.015904
50,3007312924,23,0.015677
50,3016721033,23,0.017363
50,473120396,23,0.016215
50,473120397,23,0.016753
50,3016214896,23,0.013906
50,473120399,23,0.014140
50,4656724435,23,0.015139
50,473120401,23,0.016599
50,473120402,23,0.016057
50,4291989484,23,0.013291
50,473120404,23,0.016825
50,11987259526,23,0.017675
50,13134322144,23,0.016599
50,471943151,23,0.015139
50,471943152,23,0.014140
50,2358271808,23,0.015523
50,2358271810,23,0.015135
50,2358271812,23,0.014597
50,2360708029,23,0.018981
50,2360708036,23,0.015677
50,2360708027,23,0.015904
50,13725188934,23,0.013061
50,2360708032,23,0.015750
50,2360761234,23,0.016902
50,1507754582,23,0.021128
50,1507754858,23,0.025738
50,1507754577,23,0.030655
50,1507754592,23,0.034650
50,250722843,23,0.040416
50,7618078828,23,0.042413
50,695081254,23,0.085668
