route;date;hour;prediction
1;2025-11-01;0;4
1;2025-11-01;1;0
1;2025-11-01;2;0
1;2025-11-01;3;0
1;2025-11-01;4;4
1;2025-11-01;5;90
1;2025-11-01;6;334
1;2025-11-01;7;1041
1;2025-11-01;8;1193
1;2025-11-01;9;1209
1;2025-11-01;10;1246
1;2025-11-01;11;1314
1;2025-11-01;12;1418
1;2025-11-01;13;1462
1;2025-11-01;14;1439
1;2025-11-01;15;1403
1;2025-11-01;16;1378
1;2025-11-01;17;1422
1;2025-11-01;18;1198
1;2025-11-01;19;1028
1;2025-11-01;20;717
1;2025-11-01;21;462
1;2025-11-01;22;180
1;2025-11-01;23;37
1;2025-11-02;0;0
1;2025-11-02;1;0
1;2025-11-02;2;0
1;2025-11-02;3;0
1;2025-11-02;4;0
1;2025-11-02;5;21
1;2025-11-02;6;119
1;2025-11-02;7;273
1;2025-11-02;8;369
1;2025-11-02;9;640
1;2025-11-02;10;711
1;2025-11-02;11;753
1;2025-11-02;12;869
1;2025-11-02;13;897
1;2025-11-02;14;837
1;2025-11-02;15;747
1;2025-11-02;16;687
1;2025-11-02;17;604
1;2025-11-02;18;523
1;2025-11-02;19;453
1;2025-11-02;20;346
1;2025-11-02;21;283
1;2025-11-02;22;103
1;2025-11-02;23;27
1;2025-11-03;0;0
1;2025-11-03;1;0
1;2025-11-03;2;0
1;2025-11-03;3;0
1;2025-11-03;4;0
1;2025-11-03;5;18
1;2025-11-03;6;100
1;2025-11-03;7;229
1;2025-11-03;8;310
1;2025-11-03;9;537
1;2025-11-03;10;597
1;2025-11-03;11;632
1;2025-11-03;12;730
1;2025-11-03;13;753
1;2025-11-03;14;703
1;2025-11-03;15;628
1;2025-11-03;16;577
1;2025-11-03;17;508
1;2025-11-03;18;439
1;2025-11-03;19;381
1;2025-11-03;20;290
1;2025-11-03;21;238
1;2025-11-03;22;87
1;2025-11-03;23;23
1;2025-11-04;0;0
1;2025-11-04;1;0
1;2025-11-04;2;0
1;2025-11-04;3;0
1;2025-11-04;4;0
1;2025-11-04;5;18
1;2025-11-04;6;98
1;2025-11-04;7;224
1;2025-11-04;8;302
1;2025-11-04;9;525
1;2025-11-04;10;583
1;2025-11-04;11;618
1;2025-11-04;12;713
1;2025-11-04;13;736
1;2025-11-04;14;687
1;2025-11-04;15;613
1;2025-11-04;16;564
1;2025-11-04;17;496
1;2025-11-04;18;429
1;2025-11-04;19;372
1;2025-11-04;20;284
1;2025-11-04;21;232
1;2025-11-04;22;85
1;2025-11-04;23;22
1;2025-11-05;0;4
1;2025-11-05;1;0
1;2025-11-05;2;0
1;2025-11-05;3;0
1;2025-11-05;4;10
1;2025-11-05;5;129
1;2025-11-05;6;524
1;2025-11-05;7;1576
1;2025-11-05;8;2090
1;2025-11-05;9;1482
1;2025-11-05;10;1355
1;2025-11-05;11;1334
1;2025-11-05;12;1400
1;2025-11-05;13;1497
1;2025-11-05;14;1404
1;2025-11-05;15;1540
1;2025-11-05;16;1527
1;2025-11-05;17;1844
1;2025-11-05;18;1854
1;2025-11-05;19;1382
1;2025-11-05;20;932
1;2025-11-05;21;496
1;2025-11-05;22;188
1;2025-11-05;23;34
1;2025-11-06;0;4
1;2025-11-06;1;0
1;2025-11-06;2;0
1;2025-11-06;3;0
1;2025-11-06;4;10
1;2025-11-06;5;129
1;2025-11-06;6;524
1;2025-11-06;7;1576
1;2025-11-06;8;2090
1;2025-11-06;9;1482
1;2025-11-06;10;1355
1;2025-11-06;11;1334
1;2025-11-06;12;1400
1;2025-11-06;13;1497
1;2025-11-06;14;1404
1;2025-11-06;15;1540
1;2025-11-06;16;1527
1;2025-11-06;17;1844
1;2025-11-06;18;1854
1;2025-11-06;19;1382
1;2025-11-06;20;932
1;2025-11-06;21;496
1;2025-11-06;22;188
1;2025-11-06;23;34
1;2025-11-07;0;3
1;2025-11-07;1;0
1;2025-11-07;2;0
1;2025-11-07;3;0
1;2025-11-07;4;7
1;2025-11-07;5;137
1;2025-11-07;6;459
1;2025-11-07;7;1589
1;2025-11-07;8;1713
1;2025-11-07;9;1407
1;2025-11-07;10;1258
1;2025-11-07;11;1419
1;2025-11-07;12;1383
1;2025-11-07;13;1402
1;2025-11-07;14;1466
1;2025-11-07;15;1574
1;2025-11-07;16;1698
1;2025-11-07;17;1846
1;2025-11-07;18;1523
1;2025-11-07;19;1308
1;2025-11-07;20;860
1;2025-11-07;21;521
1;2025-11-07;22;200
1;2025-11-07;23;40
1;2025-11-08;0;4
1;2025-11-08;1;0
1;2025-11-08;2;0
1;2025-11-08;3;0
1;2025-11-08;4;0
1;2025-11-08;5;33
1;2025-11-08;6;163
1;2025-11-08;7;376
1;2025-11-08;8;521
1;2025-11-08;9;805
1;2025-11-08;10;989
1;2025-11-08;11;967
1;2025-11-08;12;1167
1;2025-11-08;13;1223
1;2025-11-08;14;1133
1;2025-11-08;15;981
1;2025-11-08;16;837
1;2025-11-08;17;786
1;2025-11-08;18;688
1;2025-11-08;19;591
1;2025-11-08;20;456
1;2025-11-08;21;321
1;2025-11-08;22;128
1;2025-11-08;23;27
1;2025-11-09;0;0
1;2025-11-09;1;0
1;2025-11-09;2;0
1;2025-11-09;3;0
1;2025-11-09;4;0
1;2025-11-09;5;22
1;2025-11-09;6;120
1;2025-11-09;7;275
1;2025-11-09;8;372
1;2025-11-09;9;645
1;2025-11-09;10;717
1;2025-11-09;11;759
1;2025-11-09;12;876
1;2025-11-09;13;904
1;2025-11-09;14;844
1;2025-11-09;15;753
1;2025-11-09;16;693
1;2025-11-09;17;609
1;2025-11-09;18;527
1;2025-11-09;19;457
1;2025-11-09;20;349
1;2025-11-09;21;285
1;2025-11-09;22;104
1;2025-11-09;23;27
1;2025-11-10;0;0
1;2025-11-10;1;0
1;2025-11-10;2;0
1;2025-11-10;3;0
1;2025-11-10;4;10
1;2025-11-10;5;135
1;2025-11-10;6;476
1;2025-11-10;7;1548
1;2025-11-10;8;1976
1;2025-11-10;9;1399
1;2025-11-10;10;1171
1;2025-11-10;11;1198
1;2025-11-10;12;1351
1;2025-11-10;13;1411
1;2025-11-10;14;1542
1;2025-11-10;15;1579
1;2025-11-10;16;1718
1;2025-11-10;17;1938
1;2025-11-10;18;1978
1;2025-11-10;19;1464
1;2025-11-10;20;990
1;2025-11-10;21;406
1;2025-11-10;22;142
1;2025-11-10;23;43
1;2025-11-11;0;4
1;2025-11-11;1;0
1;2025-11-11;2;0
1;2025-11-11;3;0
1;2025-11-11;4;10
1;2025-11-11;5;129
1;2025-11-11;6;524
1;2025-11-11;7;1576
1;2025-11-11;8;2090
1;2025-11-11;9;1482
1;2025-11-11;10;1355
1;2025-11-11;11;1334
1;2025-11-11;12;1400
1;2025-11-11;13;1497
1;2025-11-11;14;1404
1;2025-11-11;15;1540
1;2025-11-11;16;1527
1;2025-11-11;17;1844
1;2025-11-11;18;1854
1;2025-11-11;19;1382
1;2025-11-11;20;932
1;2025-11-11;21;496
1;2025-11-11;22;188
1;2025-11-11;23;34
1;2025-11-12;0;4
1;2025-11-12;1;0
1;2025-11-12;2;0
1;2025-11-12;3;0
1;2025-11-12;4;10
1;2025-11-12;5;129
1;2025-11-12;6;524
1;2025-11-12;7;1576
1;2025-11-12;8;2090
1;2025-11-12;9;1482
1;2025-11-12;10;1355
1;2025-11-12;11;1334
1;2025-11-12;12;1400
1;2025-11-12;13;1497
1;2025-11-12;14;1404
1;2025-11-12;15;1540
1;2025-11-12;16;1527
1;2025-11-12;17;1844
1;2025-11-12;18;1854
1;2025-11-12;19;1382
1;2025-11-12;20;932
1;2025-11-12;21;496
1;2025-11-12;22;188
1;2025-11-12;23;34
1;2025-11-13;0;4
1;2025-11-13;1;0
1;2025-11-13;2;0
1;2025-11-13;3;0
1;2025-11-13;4;10
1;2025-11-13;5;129
1;2025-11-13;6;524
1;2025-11-13;7;1576
1;2025-11-13;8;2090
1;2025-11-13;9;1482
1;2025-11-13;10;1355
1;2025-11-13;11;1334
1;2025-11-13;12;1400
1;2025-11-13;13;1497
1;2025-11-13;14;1404
1;2025-11-13;15;1540
1;2025-11-13;16;1527
1;2025-11-13;17;1844
1;2025-11-13;18;1854
1;2025-11-13;19;1382
1;2025-11-13;20;932
1;2025-11-13;21;496
1;2025-11-13;22;188
1;2025-11-13;23;34
1;2025-11-14;0;3
1;2025-11-14;1;0
1;2025-11-14;2;0
1;2025-11-14;3;0
1;2025-11-14;4;7
1;2025-11-14;5;137
1;2025-11-14;6;459
1;2025-11-14;7;1589
1;2025-11-14;8;1713
1;2025-11-14;9;1407
1;2025-11-14;10;1258
1;2025-11-14;11;1419
1;2025-11-14;12;1383
1;2025-11-14;13;1402
1;2025-11-14;14;1466
1;2025-11-14;15;1574
1;2025-11-14;16;1698
1;2025-11-14;17;1846
1;2025-11-14;18;1523
1;2025-11-14;19;1308
1;2025-11-14;20;860
1;2025-11-14;21;521
1;2025-11-14;22;200
1;2025-11-14;23;40
1;2025-11-15;0;4
1;2025-11-15;1;0
1;2025-11-15;2;0
1;2025-11-15;3;0
1;2025-11-15;4;0
1;2025-11-15;5;30
1;2025-11-15;6;150
1;2025-11-15;7;346
1;2025-11-15;8;479
1;2025-11-15;9;740
1;2025-11-15;10;909
1;2025-11-15;11;889
1;2025-11-15;12;1073
1;2025-11-15;13;1124
1;2025-11-15;14;1042
1;2025-11-15;15;902
1;2025-11-15;16;769
1;2025-11-15;17;723
1;2025-11-15;18;633
1;2025-11-15;19;543
1;2025-11-15;20;419
1;2025-11-15;21;296
1;2025-11-15;22;118
1;2025-11-15;23;24
1;2025-11-16;0;0
1;2025-11-16;1;0
1;2025-11-16;2;0
1;2025-11-16;3;0
1;2025-11-16;4;0
1;2025-11-16;5;22
1;2025-11-16;6;120
1;2025-11-16;7;275
1;2025-11-16;8;372
1;2025-11-16;9;645
1;2025-11-16;10;717
1;2025-11-16;11;759
1;2025-11-16;12;876
1;2025-11-16;13;904
1;2025-11-16;14;844
1;2025-11-16;15;753
1;2025-11-16;16;693
1;2025-11-16;17;609
1;2025-11-16;18;527
1;2025-11-16;19;457
1;2025-11-16;20;349
1;2025-11-16;21;285
1;2025-11-16;22;104
1;2025-11-16;23;27
1;2025-11-17;0;0
1;2025-11-17;1;0
1;2025-11-17;2;0
1;2025-11-17;3;0
1;2025-11-17;4;9
1;2025-11-17;5;131
1;2025-11-17;6;462
1;2025-11-17;7;1503
1;2025-11-17;8;1919
1;2025-11-17;9;1358
1;2025-11-17;10;1137
1;2025-11-17;11;1163
1;2025-11-17;12;1312
1;2025-11-17;13;1370
1;2025-11-17;14;1497
1;2025-11-17;15;1533
1;2025-11-17;16;1668
1;2025-11-17;17;1882
1;2025-11-17;18;1921
1;2025-11-17;19;1421
1;2025-11-17;20;961
1;2025-11-17;21;394
1;2025-11-17;22;138
1;2025-11-17;23;42
1;2025-11-18;0;4
1;2025-11-18;1;0
1;2025-11-18;2;0
1;2025-11-18;3;0
1;2025-11-18;4;10
1;2025-11-18;5;126
1;2025-11-18;6;509
1;2025-11-18;7;1530
1;2025-11-18;8;2030
1;2025-11-18;9;1439
1;2025-11-18;10;1315
1;2025-11-18;11;1295
1;2025-11-18;12;1359
1;2025-11-18;13;1454
1;2025-11-18;14;1363
1;2025-11-18;15;1495
1;2025-11-18;16;1483
1;2025-11-18;17;1790
1;2025-11-18;18;1800
1;2025-11-18;19;1341
1;2025-11-18;20;905
1;2025-11-18;21;482
1;2025-11-18;22;182
1;2025-11-18;23;33
1;2025-11-19;0;4
1;2025-11-19;1;0
1;2025-11-19;2;0
1;2025-11-19;3;0
1;2025-11-19;4;10
1;2025-11-19;5;126
1;2025-11-19;6;509
1;2025-11-19;7;1530
1;2025-11-19;8;2030
1;2025-11-19;9;1439
1;2025-11-19;10;1315
1;2025-11-19;11;1295
1;2025-11-19;12;1359
1;2025-11-19;13;1454
1;2025-11-19;14;1363
1;2025-11-19;15;1495
1;2025-11-19;16;1483
1;2025-11-19;17;1790
1;2025-11-19;18;1800
1;2025-11-19;19;1341
1;2025-11-19;20;905
1;2025-11-19;21;482
1;2025-11-19;22;182
1;2025-11-19;23;33
1;2025-11-20;0;4
1;2025-11-20;1;0
1;2025-11-20;2;0
1;2025-11-20;3;0
1;2025-11-20;4;10
1;2025-11-20;5;126
1;2025-11-20;6;509
1;2025-11-20;7;1530
1;2025-11-20;8;2030
1;2025-11-20;9;1439
1;2025-11-20;10;1315
1;2025-11-20;11;1295
1;2025-11-20;12;1359
1;2025-11-20;13;1454
1;2025-11-20;14;1363
1;2025-11-20;15;1495
1;2025-11-20;16;1483
1;2025-11-20;17;1790
1;2025-11-20;18;1800
1;2025-11-20;19;1341
1;2025-11-20;20;905
1;2025-11-20;21;482
1;2025-11-20;22;182
1;2025-11-20;23;33
1;2025-11-21;0;2
1;2025-11-21;1;0
1;2025-11-21;2;0
1;2025-11-21;3;0
1;2025-11-21;4;7
1;2025-11-21;5;132
1;2025-11-21;6;444
1;2025-11-21;7;1538
1;2025-11-21;8;1658
1;2025-11-21;9;1362
1;2025-11-21;10;1218
1;2025-11-21;11;1373
1;2025-11-21;12;1338
1;2025-11-21;13;1357
1;2025-11-21;14;1419
1;2025-11-21;15;1524
1;2025-11-21;16;1644
1;2025-11-21;17;1786
1;2025-11-21;18;1474
1;2025-11-21;19;1266
1;2025-11-21;20;832
1;2025-11-21;21;505
1;2025-11-21;22;194
1;2025-11-21;23;39
1;2025-11-22;0;4
1;2025-11-22;1;0
1;2025-11-22;2;0
1;2025-11-22;3;0
1;2025-11-22;4;0
1;2025-11-22;5;32
1;2025-11-22;6;158
1;2025-11-22;7;366
1;2025-11-22;8;508
1;2025-11-22;9;784
1;2025-11-22;10;963
1;2025-11-22;11;942
1;2025-11-22;12;1137
1;2025-11-22;13;1191
1;2025-11-22;14;1103
1;2025-11-22;15;956
1;2025-11-22;16;815
1;2025-11-22;17;766
1;2025-11-22;18;670
1;2025-11-22;19;575
1;2025-11-22;20;444
1;2025-11-22;21;313
1;2025-11-22;22;124
1;2025-11-22;23;26
1;2025-11-23;0;0
1;2025-11-23;1;0
1;2025-11-23;2;0
1;2025-11-23;3;0
1;2025-11-23;4;0
1;2025-11-23;5;22
1;2025-11-23;6;120
1;2025-11-23;7;275
1;2025-11-23;8;372
1;2025-11-23;9;645
1;2025-11-23;10;717
1;2025-11-23;11;759
1;2025-11-23;12;876
1;2025-11-23;13;904
1;2025-11-23;14;844
1;2025-11-23;15;753
1;2025-11-23;16;693
1;2025-11-23;17;609
1;2025-11-23;18;527
1;2025-11-23;19;457
1;2025-11-23;20;349
1;2025-11-23;21;285
1;2025-11-23;22;104
1;2025-11-23;23;27
1;2025-11-24;0;0
1;2025-11-24;1;0
1;2025-11-24;2;0
1;2025-11-24;3;0
1;2025-11-24;4;9
1;2025-11-24;5;135
1;2025-11-24;6;475
1;2025-11-24;7;1543
1;2025-11-24;8;1970
1;2025-11-24;9;1395
1;2025-11-24;10;1168
1;2025-11-24;11;1194
1;2025-11-24;12;1347
1;2025-11-24;13;1406
1;2025-11-24;14;1538
1;2025-11-24;15;1574
1;2025-11-24;16;1713
1;2025-11-24;17;1932
1;2025-11-24;18;1972
1;2025-11-24;19;1459
1;2025-11-24;20;986
1;2025-11-24;21;405
1;2025-11-24;22;141
1;2025-11-24;23;43
1;2025-11-25;0;4
1;2025-11-25;1;0
1;2025-11-25;2;0
1;2025-11-25;3;0
1;2025-11-25;4;10
1;2025-11-25;5;129
1;2025-11-25;6;524
1;2025-11-25;7;1576
1;2025-11-25;8;2090
1;2025-11-25;9;1482
1;2025-11-25;10;1355
1;2025-11-25;11;1334
1;2025-11-25;12;1400
1;2025-11-25;13;1497
1;2025-11-25;14;1404
1;2025-11-25;15;1540
1;2025-11-25;16;1527
1;2025-11-25;17;1844
1;2025-11-25;18;1854
1;2025-11-25;19;1382
1;2025-11-25;20;932
1;2025-11-25;21;496
1;2025-11-25;22;188
1;2025-11-25;23;34
1;2025-11-26;0;3
1;2025-11-26;1;0
1;2025-11-26;2;0
1;2025-11-26;3;0
1;2025-11-26;4;10
1;2025-11-26;5;124
1;2025-11-26;6;502
1;2025-11-26;7;1508
1;2025-11-26;8;2000
1;2025-11-26;9;1418
1;2025-11-26;10;1296
1;2025-11-26;11;1276
1;2025-11-26;12;1339
1;2025-11-26;13;1432
1;2025-11-26;14;1343
1;2025-11-26;15;1474
1;2025-11-26;16;1461
1;2025-11-26;17;1764
1;2025-11-26;18;1774
1;2025-11-26;19;1322
1;2025-11-26;20;892
1;2025-11-26;21;475
1;2025-11-26;22;180
1;2025-11-26;23;33
1;2025-11-27;0;4
1;2025-11-27;1;0
1;2025-11-27;2;0
1;2025-11-27;3;0
1;2025-11-27;4;10
1;2025-11-27;5;129
1;2025-11-27;6;524
1;2025-11-27;7;1576
1;2025-11-27;8;2090
1;2025-11-27;9;1482
1;2025-11-27;10;1355
1;2025-11-27;11;1334
1;2025-11-27;12;1400
1;2025-11-27;13;1497
1;2025-11-27;14;1404
1;2025-11-27;15;1540
1;2025-11-27;16;1527
1;2025-11-27;17;1844
1;2025-11-27;18;1854
1;2025-11-27;19;1382
1;2025-11-27;20;932
1;2025-11-27;21;496
1;2025-11-27;22;188
1;2025-11-27;23;34
1;2025-11-28;0;3
1;2025-11-28;1;0
1;2025-11-28;2;0
1;2025-11-28;3;0
1;2025-11-28;4;7
1;2025-11-28;5;137
1;2025-11-28;6;459
1;2025-11-28;7;1589
1;2025-11-28;8;1713
1;2025-11-28;9;1407
1;2025-11-28;10;1258
1;2025-11-28;11;1419
1;2025-11-28;12;1383
1;2025-11-28;13;1402
1;2025-11-28;14;1466
1;2025-11-28;15;1574
1;2025-11-28;16;1698
1;2025-11-28;17;1846
1;2025-11-28;18;1523
1;2025-11-28;19;1308
1;2025-11-28;20;860
1;2025-11-28;21;521
1;2025-11-28;22;200
1;2025-11-28;23;40
1;2025-11-29;0;4
1;2025-11-29;1;0
1;2025-11-29;2;0
1;2025-11-29;3;0
1;2025-11-29;4;0
1;2025-11-29;5;33
1;2025-11-29;6;163
1;2025-11-29;7;376
1;2025-11-29;8;521
1;2025-11-29;9;805
1;2025-11-29;10;989
1;2025-11-29;11;967
1;2025-11-29;12;1167
1;2025-11-29;13;1223
1;2025-11-29;14;1133
1;2025-11-29;15;981
1;2025-11-29;16;837
1;2025-11-29;17;786
1;2025-11-29;18;688
1;2025-11-29;19;591
1;2025-11-29;20;456
1;2025-11-29;21;321
1;2025-11-29;22;128
1;2025-11-29;23;27
1;2025-11-30;0;0
1;2025-11-30;1;0
1;2025-11-30;2;0
1;2025-11-30;3;0
1;2025-11-30;4;0
1;2025-11-30;5;22
1;2025-11-30;6;120
1;2025-11-30;7;275
1;2025-11-30;8;372
1;2025-11-30;9;645
1;2025-11-30;10;717
1;2025-11-30;11;759
1;2025-11-30;12;876
1;2025-11-30;13;904
1;2025-11-30;14;844
1;2025-11-30;15;753
1;2025-11-30;16;693
1;2025-11-30;17;609
1;2025-11-30;18;527
1;2025-11-30;19;457
1;2025-11-30;20;349
1;2025-11-30;21;285
1;2025-11-30;22;104
1;2025-11-30;23;27
1;2025-12-01;0;0
1;2025-12-01;1;0
1;2025-12-01;2;0
1;2025-12-01;3;0
1;2025-12-01;4;10
1;2025-12-01;5;135
1;2025-12-01;6;476
1;2025-12-01;7;1548
1;2025-12-01;8;1976
1;2025-12-01;9;1399
1;2025-12-01;10;1171
1;2025-12-01;11;1198
1;2025-12-01;12;1351
1;2025-12-01;13;1411
1;2025-12-01;14;1542
1;2025-12-01;15;1579
1;2025-12-01;16;1718
1;2025-12-01;17;1938
1;2025-12-01;18;1978
1;2025-12-01;19;1464
1;2025-12-01;20;990
1;2025-12-01;21;406
1;2025-12-01;22;142
1;2025-12-01;23;43
1;2025-12-02;0;4
1;2025-12-02;1;0
1;2025-12-02;2;0
1;2025-12-02;3;0
1;2025-12-02;4;10
1;2025-12-02;5;129
1;2025-12-02;6;524
1;2025-12-02;7;1576
1;2025-12-02;8;2090
1;2025-12-02;9;1482
1;2025-12-02;10;1355
1;2025-12-02;11;1334
1;2025-12-02;12;1400
1;2025-12-02;13;1497
1;2025-12-02;14;1404
1;2025-12-02;15;1540
1;2025-12-02;16;1527
1;2025-12-02;17;1844
1;2025-12-02;18;1854
1;2025-12-02;19;1382
1;2025-12-02;20;932
1;2025-12-02;21;496
1;2025-12-02;22;188
1;2025-12-02;23;34
1;2025-12-03;0;4
1;2025-12-03;1;0
1;2025-12-03;2;0
1;2025-12-03;3;0
1;2025-12-03;4;10
1;2025-12-03;5;129
1;2025-12-03;6;524
1;2025-12-03;7;1576
1;2025-12-03;8;2090
1;2025-12-03;9;1482
1;2025-12-03;10;1355
1;2025-12-03;11;1334
1;2025-12-03;12;1400
1;2025-12-03;13;1497
1;2025-12-03;14;1404
1;2025-12-03;15;1540
1;2025-12-03;16;1527
1;2025-12-03;17;1844
1;2025-12-03;18;1854
1;2025-12-03;19;1382
1;2025-12-03;20;932
1;2025-12-03;21;496
1;2025-12-03;22;188
1;2025-12-03;23;34
1;2025-12-04;0;4
1;2025-12-04;1;0
1;2025-12-04;2;0
1;2025-12-04;3;0
1;2025-12-04;4;10
1;2025-12-04;5;129
1;2025-12-04;6;524
1;2025-12-04;7;1576
1;2025-12-04;8;2090
1;2025-12-04;9;1482
1;2025-12-04;10;1355
1;2025-12-04;11;1334
1;2025-12-04;12;1400
1;2025-12-04;13;1497
1;2025-12-04;14;1404
1;2025-12-04;15;1540
1;2025-12-04;16;1527
1;2025-12-04;17;1844
1;2025-12-04;18;1854
1;2025-12-04;19;1382
1;2025-12-04;20;932
1;2025-12-04;21;496
1;2025-12-04;22;188
1;2025-12-04;23;34
1;2025-12-05;0;3
1;2025-12-05;1;0
1;2025-12-05;2;0
1;2025-12-05;3;0
1;2025-12-05;4;7
1;2025-12-05;5;137
1;2025-12-05;6;459
1;2025-12-05;7;1589
1;2025-12-05;8;1713
1;2025-12-05;9;1407
1;2025-12-05;10;1258
1;2025-12-05;11;1419
1;2025-12-05;12;1383
1;2025-12-05;13;1402
1;2025-12-05;14;1466
1;2025-12-05;15;1574
1;2025-12-05;16;1698
1;2025-12-05;17;1846
1;2025-12-05;18;1523
1;2025-12-05;19;1308
1;2025-12-05;20;860
1;2025-12-05;21;521
1;2025-12-05;22;200
1;2025-12-05;23;40
1;2025-12-06;0;4
1;2025-12-06;1;0
1;2025-12-06;2;0
1;2025-12-06;3;0
1;2025-12-06;4;0
1;2025-12-06;5;33
1;2025-12-06;6;163
1;2025-12-06;7;376
1;2025-12-06;8;521
1;2025-12-06;9;805
1;2025-12-06;10;989
1;2025-12-06;11;967
1;2025-12-06;12;1167
1;2025-12-06;13;1223
1;2025-12-06;14;1133
1;2025-12-06;15;981
1;2025-12-06;16;837
1;2025-12-06;17;786
1;2025-12-06;18;688
1;2025-12-06;19;591
1;2025-12-06;20;456
1;2025-12-06;21;321
1;2025-12-06;22;128
1;2025-12-06;23;27
1;2025-12-07;0;0
1;2025-12-07;1;0
1;2025-12-07;2;0
1;2025-12-07;3;0
1;2025-12-07;4;0
1;2025-12-07;5;22
1;2025-12-07;6;120
1;2025-12-07;7;275
1;2025-12-07;8;372
1;2025-12-07;9;645
1;2025-12-07;10;717
1;2025-12-07;11;759
1;2025-12-07;12;876
1;2025-12-07;13;904
1;2025-12-07;14;844
1;2025-12-07;15;753
1;2025-12-07;16;693
1;2025-12-07;17;609
1;2025-12-07;18;527
1;2025-12-07;19;457
1;2025-12-07;20;349
1;2025-12-07;21;285
1;2025-12-07;22;104
1;2025-12-07;23;27
1;2025-12-08;0;0
1;2025-12-08;1;0
1;2025-12-08;2;0
1;2025-12-08;3;0
1;2025-12-08;4;10
1;2025-12-08;5;135
1;2025-12-08;6;476
1;2025-12-08;7;1548
1;2025-12-08;8;1976
1;2025-12-08;9;1399
1;2025-12-08;10;1171
1;2025-12-08;11;1198
1;2025-12-08;12;1351
1;2025-12-08;13;1411
1;2025-12-08;14;1542
1;2025-12-08;15;1579
1;2025-12-08;16;1718
1;2025-12-08;17;1938
1;2025-12-08;18;1978
1;2025-12-08;19;1464
1;2025-12-08;20;990
1;2025-12-08;21;406
1;2025-12-08;22;142
1;2025-12-08;23;43
1;2025-12-09;0;4
1;2025-12-09;1;0
1;2025-12-09;2;0
1;2025-12-09;3;0
1;2025-12-09;4;10
1;2025-12-09;5;129
1;2025-12-09;6;524
1;2025-12-09;7;1576
1;2025-12-09;8;2090
1;2025-12-09;9;1482
1;2025-12-09;10;1355
1;2025-12-09;11;1334
1;2025-12-09;12;1400
1;2025-12-09;13;1497
1;2025-12-09;14;1404
1;2025-12-09;15;1540
1;2025-12-09;16;1527
1;2025-12-09;17;1844
1;2025-12-09;18;1854
1;2025-12-09;19;1382
1;2025-12-09;20;932
1;2025-12-09;21;496
1;2025-12-09;22;188
1;2025-12-09;23;34
1;2025-12-10;0;4
1;2025-12-10;1;0
1;2025-12-10;2;0
1;2025-12-10;3;0
1;2025-12-10;4;10
1;2025-12-10;5;127
1;2025-12-10;6;516
1;2025-12-10;7;1551
1;2025-12-10;8;2057
1;2025-12-10;9;1458
1;2025-12-10;10;1333
1;2025-12-10;11;1312
1;2025-12-10;12;1377
1;2025-12-10;13;1473
1;2025-12-10;14;1382
1;2025-12-10;15;1515
1;2025-12-10;16;1503
1;2025-12-10;17;1814
1;2025-12-10;18;1824
1;2025-12-10;19;1360
1;2025-12-10;20;918
1;2025-12-10;21;488
1;2025-12-10;22;185
1;2025-12-10;23;34
1;2025-12-11;0;4
1;2025-12-11;1;0
1;2025-12-11;2;0
1;2025-12-11;3;0
1;2025-12-11;4;10
1;2025-12-11;5;129
1;2025-12-11;6;524
1;2025-12-11;7;1576
1;2025-12-11;8;2090
1;2025-12-11;9;1482
1;2025-12-11;10;1355
1;2025-12-11;11;1334
1;2025-12-11;12;1400
1;2025-12-11;13;1497
1;2025-12-11;14;1404
1;2025-12-11;15;1540
1;2025-12-11;16;1527
1;2025-12-11;17;1844
1;2025-12-11;18;1854
1;2025-12-11;19;1382
1;2025-12-11;20;932
1;2025-12-11;21;496
1;2025-12-11;22;188
1;2025-12-11;23;34
1;2025-12-12;0;2
1;2025-12-12;1;0
1;2025-12-12;2;0
1;2025-12-12;3;0
1;2025-12-12;4;7
1;2025-12-12;5;133
1;2025-12-12;6;448
1;2025-12-12;7;1550
1;2025-12-12;8;1672
1;2025-12-12;9;1373
1;2025-12-12;10;1228
1;2025-12-12;11;1385
1;2025-12-12;12;1349
1;2025-12-12;13;1369
1;2025-12-12;14;1430
1;2025-12-12;15;1537
1;2025-12-12;16;1657
1;2025-12-12;17;1801
1;2025-12-12;18;1486
1;2025-12-12;19;1277
1;2025-12-12;20;839
1;2025-12-12;21;509
1;2025-12-12;22;195
1;2025-12-12;23;39
1;2025-12-13;0;4
1;2025-12-13;1;0
1;2025-12-13;2;0
1;2025-12-13;3;0
1;2025-12-13;4;0
1;2025-12-13;5;33
1;2025-12-13;6;160
1;2025-12-13;7;371
1;2025-12-13;8;514
1;2025-12-13;9;794
1;2025-12-13;10;975
1;2025-12-13;11;953
1;2025-12-13;12;1151
1;2025-12-13;13;1206
1;2025-12-13;14;1117
1;2025-12-13;15;968
1;2025-12-13;16;825
1;2025-12-13;17;775
1;2025-12-13;18;679
1;2025-12-13;19;583
1;2025-12-13;20;450
1;2025-12-13;21;317
1;2025-12-13;22;126
1;2025-12-13;23;26
1;2025-12-14;0;0
1;2025-12-14;1;0
1;2025-12-14;2;0
1;2025-12-14;3;0
1;2025-12-14;4;0
1;2025-12-14;5;21
1;2025-12-14;6;120
1;2025-12-14;7;274
1;2025-12-14;8;370
1;2025-12-14;9;643
1;2025-12-14;10;715
1;2025-12-14;11;757
1;2025-12-14;12;873
1;2025-12-14;13;901
1;2025-12-14;14;841
1;2025-12-14;15;751
1;2025-12-14;16;691
1;2025-12-14;17;607
1;2025-12-14;18;525
1;2025-12-14;19;455
1;2025-12-14;20;348
1;2025-12-14;21;284
1;2025-12-14;22;104
1;2025-12-14;23;27
1;2025-12-15;0;0
1;2025-12-15;1;0
1;2025-12-15;2;0
1;2025-12-15;3;0
1;2025-12-15;4;9
1;2025-12-15;5;135
1;2025-12-15;6;475
1;2025-12-15;7;1543
1;2025-12-15;8;1970
1;2025-12-15;9;1395
1;2025-12-15;10;1168
1;2025-12-15;11;1194
1;2025-12-15;12;1347
1;2025-12-15;13;1406
1;2025-12-15;14;1538
1;2025-12-15;15;1574
1;2025-12-15;16;1713
1;2025-12-15;17;1932
1;2025-12-15;18;1972
1;2025-12-15;19;1459
1;2025-12-15;20;986
1;2025-12-15;21;405
1;2025-12-15;22;141
1;2025-12-15;23;43
1;2025-12-16;0;4
1;2025-12-16;1;0
1;2025-12-16;2;0
1;2025-12-16;3;0
1;2025-12-16;4;10
1;2025-12-16;5;126
1;2025-12-16;6;509
1;2025-12-16;7;1530
1;2025-12-16;8;2029
1;2025-12-16;9;1439
1;2025-12-16;10;1315
1;2025-12-16;11;1295
1;2025-12-16;12;1359
1;2025-12-16;13;1453
1;2025-12-16;14;1363
1;2025-12-16;15;1495
1;2025-12-16;16;1482
1;2025-12-16;17;1790
1;2025-12-16;18;1799
1;2025-12-16;19;1341
1;2025-12-16;20;905
1;2025-12-16;21;481
1;2025-12-16;22;182
1;2025-12-16;23;33
1;2025-12-17;0;4
1;2025-12-17;1;0
1;2025-12-17;2;0
1;2025-12-17;3;0
1;2025-12-17;4;10
1;2025-12-17;5;129
1;2025-12-17;6;524
1;2025-12-17;7;1576
1;2025-12-17;8;2090
1;2025-12-17;9;1482
1;2025-12-17;10;1355
1;2025-12-17;11;1334
1;2025-12-17;12;1400
1;2025-12-17;13;1497
1;2025-12-17;14;1404
1;2025-12-17;15;1540
1;2025-12-17;16;1527
1;2025-12-17;17;1844
1;2025-12-17;18;1854
1;2025-12-17;19;1382
1;2025-12-17;20;932
1;2025-12-17;21;496
1;2025-12-17;22;188
1;2025-12-17;23;34
1;2025-12-18;0;4
1;2025-12-18;1;0
1;2025-12-18;2;0
1;2025-12-18;3;0
1;2025-12-18;4;10
1;2025-12-18;5;129
1;2025-12-18;6;524
1;2025-12-18;7;1576
1;2025-12-18;8;2090
1;2025-12-18;9;1482
1;2025-12-18;10;1355
1;2025-12-18;11;1334
1;2025-12-18;12;1400
1;2025-12-18;13;1497
1;2025-12-18;14;1404
1;2025-12-18;15;1540
1;2025-12-18;16;1527
1;2025-12-18;17;1844
1;2025-12-18;18;1854
1;2025-12-18;19;1382
1;2025-12-18;20;932
1;2025-12-18;21;496
1;2025-12-18;22;188
1;2025-12-18;23;34
1;2025-12-19;0;3
1;2025-12-19;1;0
1;2025-12-19;2;0
1;2025-12-19;3;0
1;2025-12-19;4;7
1;2025-12-19;5;137
1;2025-12-19;6;459
1;2025-12-19;7;1589
1;2025-12-19;8;1713
1;2025-12-19;9;1407
1;2025-12-19;10;1258
1;2025-12-19;11;1419
1;2025-12-19;12;1383
1;2025-12-19;13;1402
1;2025-12-19;14;1466
1;2025-12-19;15;1574
1;2025-12-19;16;1698
1;2025-12-19;17;1846
1;2025-12-19;18;1523
1;2025-12-19;19;1308
1;2025-12-19;20;860
1;2025-12-19;21;521
1;2025-12-19;22;200
1;2025-12-19;23;40
1;2025-12-20;0;4
1;2025-12-20;1;0
1;2025-12-20;2;0
1;2025-12-20;3;0
1;2025-12-20;4;0
1;2025-12-20;5;33
1;2025-12-20;6;163
1;2025-12-20;7;376
1;2025-12-20;8;521
1;2025-12-20;9;805
1;2025-12-20;10;989
1;2025-12-20;11;967
1;2025-12-20;12;1167
1;2025-12-20;13;1223
1;2025-12-20;14;1133
1;2025-12-20;15;981
1;2025-12-20;16;837
1;2025-12-20;17;786
1;2025-12-20;18;688
1;2025-12-20;19;591
1;2025-12-20;20;456
1;2025-12-20;21;321
1;2025-12-20;22;128
1;2025-12-20;23;27
1;2025-12-21;0;0
1;2025-12-21;1;0
1;2025-12-21;2;0
1;2025-12-21;3;0
1;2025-12-21;4;0
1;2025-12-21;5;21
1;2025-12-21;6;119
1;2025-12-21;7;273
1;2025-12-21;8;369
1;2025-12-21;9;641
1;2025-12-21;10;713
1;2025-12-21;11;754
1;2025-12-21;12;871
1;2025-12-21;13;898
1;2025-12-21;14;839
1;2025-12-21;15;749
1;2025-12-21;16;689
1;2025-12-21;17;605
1;2025-12-21;18;524
1;2025-12-21;19;454
1;2025-12-21;20;347
1;2025-12-21;21;284
1;2025-12-21;22;104
1;2025-12-21;23;27
1;2025-12-22;0;0
1;2025-12-22;1;0
1;2025-12-22;2;0
1;2025-12-22;3;0
1;2025-12-22;4;9
1;2025-12-22;5;134
1;2025-12-22;6;471
1;2025-12-22;7;1530
1;2025-12-22;8;1954
1;2025-12-22;9;1383
1;2025-12-22;10;1158
1;2025-12-22;11;1184
1;2025-12-22;12;1336
1;2025-12-22;13;1395
1;2025-12-22;14;1525
1;2025-12-22;15;1561
1;2025-12-22;16;1699
1;2025-12-22;17;1916
1;2025-12-22;18;1956
1;2025-12-22;19;1447
1;2025-12-22;20;978
1;2025-12-22;21;402
1;2025-12-22;22;140
1;2025-12-22;23;43
1;2025-12-23;0;4
1;2025-12-23;1;0
1;2025-12-23;2;0
1;2025-12-23;3;0
1;2025-12-23;4;10
1;2025-12-23;5;129
1;2025-12-23;6;524
1;2025-12-23;7;1576
1;2025-12-23;8;2090
1;2025-12-23;9;1482
1;2025-12-23;10;1355
1;2025-12-23;11;1334
1;2025-12-23;12;1400
1;2025-12-23;13;1497
1;2025-12-23;14;1404
1;2025-12-23;15;1540
1;2025-12-23;16;1527
1;2025-12-23;17;1844
1;2025-12-23;18;1854
1;2025-12-23;19;1382
1;2025-12-23;20;932
1;2025-12-23;21;496
1;2025-12-23;22;188
1;2025-12-23;23;34
1;2025-12-24;0;4
1;2025-12-24;1;0
1;2025-12-24;2;0
1;2025-12-24;3;0
1;2025-12-24;4;10
1;2025-12-24;5;127
1;2025-12-24;6;516
1;2025-12-24;7;1551
1;2025-12-24;8;2057
1;2025-12-24;9;1458
1;2025-12-24;10;1333
1;2025-12-24;11;1312
1;2025-12-24;12;1377
1;2025-12-24;13;1473
1;2025-12-24;14;1382
1;2025-12-24;15;1515
1;2025-12-24;16;1503
1;2025-12-24;17;1814
1;2025-12-24;18;1824
1;2025-12-24;19;1360
1;2025-12-24;20;918
1;2025-12-24;21;488
1;2025-12-24;22;185
1;2025-12-24;23;34
1;2025-12-25;0;4
1;2025-12-25;1;0
1;2025-12-25;2;0
1;2025-12-25;3;0
1;2025-12-25;4;10
1;2025-12-25;5;125
1;2025-12-25;6;506
1;2025-12-25;7;1522
1;2025-12-25;8;2019
1;2025-12-25;9;1432
1;2025-12-25;10;1309
1;2025-12-25;11;1288
1;2025-12-25;12;1352
1;2025-12-25;13;1446
1;2025-12-25;14;1356
1;2025-12-25;15;1488
1;2025-12-25;16;1475
1;2025-12-25;17;1781
1;2025-12-25;18;1791
1;2025-12-25;19;1335
1;2025-12-25;20;901
1;2025-12-25;21;479
1;2025-12-25;22;181
1;2025-12-25;23;33
1;2025-12-26;0;2
1;2025-12-26;1;0
1;2025-12-26;2;0
1;2025-12-26;3;0
1;2025-12-26;4;6
1;2025-12-26;5;128
1;2025-12-26;6;430
1;2025-12-26;7;1488
1;2025-12-26;8;1605
1;2025-12-26;9;1318
1;2025-12-26;10;1179
1;2025-12-26;11;1329
1;2025-12-26;12;1295
1;2025-12-26;13;1314
1;2025-12-26;14;1373
1;2025-12-26;15;1475
1;2025-12-26;16;1590
1;2025-12-26;17;1729
1;2025-12-26;18;1426
1;2025-12-26;19;1225
1;2025-12-26;20;805
1;2025-12-26;21;488
1;2025-12-26;22;188
1;2025-12-26;23;37
1;2025-12-27;0;4
1;2025-12-27;1;0
1;2025-12-27;2;0
1;2025-12-27;3;0
1;2025-12-27;4;0
1;2025-12-27;5;33
1;2025-12-27;6;162
1;2025-12-27;7;374
1;2025-12-27;8;518
1;2025-12-27;9;800
1;2025-12-27;10;983
1;2025-12-27;11;961
1;2025-12-27;12;1160
1;2025-12-27;13;1215
1;2025-12-27;14;1126
1;2025-12-27;15;975
1;2025-12-27;16;832
1;2025-12-27;17;781
1;2025-12-27;18;684
1;2025-12-27;19;587
1;2025-12-27;20;453
1;2025-12-27;21;320
1;2025-12-27;22;127
1;2025-12-27;23;26
1;2025-12-28;0;0
1;2025-12-28;1;0
1;2025-12-28;2;0
1;2025-12-28;3;0
1;2025-12-28;4;0
1;2025-12-28;5;21
1;2025-12-28;6;116
1;2025-12-28;7;265
1;2025-12-28;8;358
1;2025-12-28;9;622
1;2025-12-28;10;692
1;2025-12-28;11;732
1;2025-12-28;12;845
1;2025-12-28;13;872
1;2025-12-28;14;814
1;2025-12-28;15;727
1;2025-12-28;16;668
1;2025-12-28;17;588
1;2025-12-28;18;508
1;2025-12-28;19;441
1;2025-12-28;20;336
1;2025-12-28;21;275
1;2025-12-28;22;101
1;2025-12-28;23;26
1;2025-12-29;0;0
1;2025-12-29;1;0
1;2025-12-29;2;0
1;2025-12-29;3;0
1;2025-12-29;4;8
1;2025-12-29;5;118
1;2025-12-29;6;414
1;2025-12-29;7;1346
1;2025-12-29;8;1718
1;2025-12-29;9;1217
1;2025-12-29;10;1018
1;2025-12-29;11;1042
1;2025-12-29;12;1175
1;2025-12-29;13;1227
1;2025-12-29;14;1341
1;2025-12-29;15;1373
1;2025-12-29;16;1494
1;2025-12-29;17;1685
1;2025-12-29;18;1720
1;2025-12-29;19;1273
1;2025-12-29;20;860
1;2025-12-29;21;353
1;2025-12-29;22;123
1;2025-12-29;23;37
1;2025-12-30;0;3
1;2025-12-30;1;0
1;2025-12-30;2;0
1;2025-12-30;3;0
1;2025-12-30;4;9
1;2025-12-30;5;108
1;2025-12-30;6;437
1;2025-12-30;7;1313
1;2025-12-30;8;1741
1;2025-12-30;9;1234
1;2025-12-30;10;1128
1;2025-12-30;11;1111
1;2025-12-30;12;1166
1;2025-12-30;13;1247
1;2025-12-30;14;1169
1;2025-12-30;15;1283
1;2025-12-30;16;1272
1;2025-12-30;17;1536
1;2025-12-30;18;1544
1;2025-12-30;19;1151
1;2025-12-30;20;777
1;2025-12-30;21;413
1;2025-12-30;22;156
1;2025-12-30;23;29
1;2025-12-31;0;0
1;2025-12-31;1;0
1;2025-12-31;2;0
1;2025-12-31;3;0
1;2025-12-31;4;0
1;2025-12-31;5;19
1;2025-12-31;6;106
1;2025-12-31;7;244
1;2025-12-31;8;329
1;2025-12-31;9;571
1;2025-12-31;10;635
1;2025-12-31;11;672
1;2025-12-31;12;776
1;2025-12-31;13;801
1;2025-12-31;14;748
1;2025-12-31;15;667
1;2025-12-31;16;614
1;2025-12-31;17;486
1;2025-12-31;18;389
1;2025-12-31;19;310
1;2025-12-31;20;216
1;2025-12-31;21;145
1;2025-12-31;22;42
1;2025-12-31;23;11
5;2025-11-01;0;0
5;2025-11-01;1;0
5;2025-11-01;2;0
5;2025-11-01;3;0
5;2025-11-01;4;0
5;2025-11-01;5;0
5;2025-11-01;6;0
5;2025-11-01;7;0
5;2025-11-01;8;0
5;2025-11-01;9;0
5;2025-11-01;10;0
5;2025-11-01;11;0
5;2025-11-01;12;0
5;2025-11-01;13;0
5;2025-11-01;14;0
5;2025-11-01;15;0
5;2025-11-01;16;0
5;2025-11-01;17;0
5;2025-11-01;18;0
5;2025-11-01;19;0
5;2025-11-01;20;0
5;2025-11-01;21;0
5;2025-11-01;22;0
5;2025-11-01;23;0
5;2025-11-02;0;0
5;2025-11-02;1;0
5;2025-11-02;2;0
5;2025-11-02;3;0
5;2025-11-02;4;0
5;2025-11-02;5;0
5;2025-11-02;6;0
5;2025-11-02;7;0
5;2025-11-02;8;0
5;2025-11-02;9;0
5;2025-11-02;10;0
5;2025-11-02;11;0
5;2025-11-02;12;0
5;2025-11-02;13;0
5;2025-11-02;14;0
5;2025-11-02;15;0
5;2025-11-02;16;0
5;2025-11-02;17;0
5;2025-11-02;18;0
5;2025-11-02;19;0
5;2025-11-02;20;0
5;2025-11-02;21;0
5;2025-11-02;22;0
5;2025-11-02;23;0
5;2025-11-03;0;0
5;2025-11-03;1;0
5;2025-11-03;2;0
5;2025-11-03;3;0
5;2025-11-03;4;0
5;2025-11-03;5;0
5;2025-11-03;6;0
5;2025-11-03;7;0
5;2025-11-03;8;0
5;2025-11-03;9;0
5;2025-11-03;10;0
5;2025-11-03;11;0
5;2025-11-03;12;0
5;2025-11-03;13;0
5;2025-11-03;14;0
5;2025-11-03;15;0
5;2025-11-03;16;0
5;2025-11-03;17;0
5;2025-11-03;18;0
5;2025-11-03;19;0
5;2025-11-03;20;0
5;2025-11-03;21;0
5;2025-11-03;22;0
5;2025-11-03;23;0
5;2025-11-04;0;0
5;2025-11-04;1;0
5;2025-11-04;2;0
5;2025-11-04;3;0
5;2025-11-04;4;0
5;2025-11-04;5;0
5;2025-11-04;6;0
5;2025-11-04;7;0
5;2025-11-04;8;0
5;2025-11-04;9;0
5;2025-11-04;10;0
5;2025-11-04;11;0
5;2025-11-04;12;0
5;2025-11-04;13;0
5;2025-11-04;14;0
5;2025-11-04;15;0
5;2025-11-04;16;0
5;2025-11-04;17;0
5;2025-11-04;18;0
5;2025-11-04;19;0
5;2025-11-04;20;0
5;2025-11-04;21;0
5;2025-11-04;22;0
5;2025-11-04;23;0
5;2025-11-05;0;0
5;2025-11-05;1;0
5;2025-11-05;2;0
5;2025-11-05;3;0
5;2025-11-05;4;0
5;2025-11-05;5;0
5;2025-11-05;6;0
5;2025-11-05;7;0
5;2025-11-05;8;0
5;2025-11-05;9;0
5;2025-11-05;10;0
5;2025-11-05;11;0
5;2025-11-05;12;0
5;2025-11-05;13;0
5;2025-11-05;14;0
5;2025-11-05;15;0
5;2025-11-05;16;0
5;2025-11-05;17;0
5;2025-11-05;18;0
5;2025-11-05;19;0
5;2025-11-05;20;0
5;2025-11-05;21;0
5;2025-11-05;22;0
5;2025-11-05;23;0
5;2025-11-06;0;0
5;2025-11-06;1;0
5;2025-11-06;2;0
5;2025-11-06;3;0
5;2025-11-06;4;0
5;2025-11-06;5;0
5;2025-11-06;6;0
5;2025-11-06;7;0
5;2025-11-06;8;0
5;2025-11-06;9;0
5;2025-11-06;10;0
5;2025-11-06;11;0
5;2025-11-06;12;0
5;2025-11-06;13;0
5;2025-11-06;14;0
5;2025-11-06;15;0
5;2025-11-06;16;0
5;2025-11-06;17;0
5;2025-11-06;18;0
5;2025-11-06;19;0
5;2025-11-06;20;0
5;2025-11-06;21;0
5;2025-11-06;22;0
5;2025-11-06;23;0
5;2025-11-07;0;0
5;2025-11-07;1;0
5;2025-11-07;2;0
5;2025-11-07;3;0
5;2025-11-07;4;0
5;2025-11-07;5;0
5;2025-11-07;6;0
5;2025-11-07;7;0
5;2025-11-07;8;0
5;2025-11-07;9;0
5;2025-11-07;10;0
5;2025-11-07;11;0
5;2025-11-07;12;0
5;2025-11-07;13;0
5;2025-11-07;14;0
5;2025-11-07;15;0
5;2025-11-07;16;0
5;2025-11-07;17;0
5;2025-11-07;18;0
5;2025-11-07;19;0
5;2025-11-07;20;0
5;2025-11-07;21;0
5;2025-11-07;22;0
5;2025-11-07;23;0
5;2025-11-08;0;0
5;2025-11-08;1;0
5;2025-11-08;2;0
5;2025-11-08;3;0
5;2025-11-08;4;0
5;2025-11-08;5;0
5;2025-11-08;6;0
5;2025-11-08;7;0
5;2025-11-08;8;0
5;2025-11-08;9;0
5;2025-11-08;10;0
5;2025-11-08;11;0
5;2025-11-08;12;0
5;2025-11-08;13;0
5;2025-11-08;14;0
5;2025-11-08;15;0
5;2025-11-08;16;0
5;2025-11-08;17;0
5;2025-11-08;18;0
5;2025-11-08;19;0
5;2025-11-08;20;0
5;2025-11-08;21;0
5;2025-11-08;22;0
5;2025-11-08;23;0
5;2025-11-09;0;0
5;2025-11-09;1;0
5;2025-11-09;2;0
5;2025-11-09;3;0
5;2025-11-09;4;0
5;2025-11-09;5;0
5;2025-11-09;6;0
5;2025-11-09;7;0
5;2025-11-09;8;0
5;2025-11-09;9;0
5;2025-11-09;10;0
5;2025-11-09;11;0
5;2025-11-09;12;0
5;2025-11-09;13;0
5;2025-11-09;14;0
5;2025-11-09;15;0
5;2025-11-09;16;0
5;2025-11-09;17;0
5;2025-11-09;18;0
5;2025-11-09;19;0
5;2025-11-09;20;0
5;2025-11-09;21;0
5;2025-11-09;22;0
5;2025-11-09;23;0
5;2025-11-10;0;0
5;2025-11-10;1;0
5;2025-11-10;2;0
5;2025-11-10;3;0
5;2025-11-10;4;0
5;2025-11-10;5;0
5;2025-11-10;6;0
5;2025-11-10;7;0
5;2025-11-10;8;0
5;2025-11-10;9;0
5;2025-11-10;10;0
5;2025-11-10;11;0
5;2025-11-10;12;0
5;2025-11-10;13;0
5;2025-11-10;14;0
5;2025-11-10;15;0
5;2025-11-10;16;0
5;2025-11-10;17;0
5;2025-11-10;18;0
5;2025-11-10;19;0
5;2025-11-10;20;0
5;2025-11-10;21;0
5;2025-11-10;22;0
5;2025-11-10;23;0
5;2025-11-11;0;0
5;2025-11-11;1;0
5;2025-11-11;2;0
5;2025-11-11;3;0
5;2025-11-11;4;0
5;2025-11-11;5;0
5;2025-11-11;6;0
5;2025-11-11;7;0
5;2025-11-11;8;0
5;2025-11-11;9;0
5;2025-11-11;10;0
5;2025-11-11;11;0
5;2025-11-11;12;0
5;2025-11-11;13;0
5;2025-11-11;14;0
5;2025-11-11;15;0
5;2025-11-11;16;0
5;2025-11-11;17;0
5;2025-11-11;18;0
5;2025-11-11;19;0
5;2025-11-11;20;0
5;2025-11-11;21;0
5;2025-11-11;22;0
5;2025-11-11;23;0
5;2025-11-12;0;0
5;2025-11-12;1;0
5;2025-11-12;2;0
5;2025-11-12;3;0
5;2025-11-12;4;0
5;2025-11-12;5;0
5;2025-11-12;6;0
5;2025-11-12;7;0
5;2025-11-12;8;0
5;2025-11-12;9;0
5;2025-11-12;10;0
5;2025-11-12;11;0
5;2025-11-12;12;0
5;2025-11-12;13;0
5;2025-11-12;14;0
5;2025-11-12;15;0
5;2025-11-12;16;0
5;2025-11-12;17;0
5;2025-11-12;18;0
5;2025-11-12;19;0
5;2025-11-12;20;0
5;2025-11-12;21;0
5;2025-11-12;22;0
5;2025-11-12;23;0
5;2025-11-13;0;0
5;2025-11-13;1;0
5;2025-11-13;2;0
5;2025-11-13;3;0
5;2025-11-13;4;0
5;2025-11-13;5;0
5;2025-11-13;6;0
5;2025-11-13;7;0
5;2025-11-13;8;0
5;2025-11-13;9;0
5;2025-11-13;10;0
5;2025-11-13;11;0
5;2025-11-13;12;0
5;2025-11-13;13;0
5;2025-11-13;14;0
5;2025-11-13;15;0
5;2025-11-13;16;0
5;2025-11-13;17;0
5;2025-11-13;18;0
5;2025-11-13;19;0
5;2025-11-13;20;0
5;2025-11-13;21;0
5;2025-11-13;22;0
5;2025-11-13;23;0
5;2025-11-14;0;0
5;2025-11-14;1;0
5;2025-11-14;2;0
5;2025-11-14;3;0
5;2025-11-14;4;0
5;2025-11-14;5;0
5;2025-11-14;6;0
5;2025-11-14;7;0
5;2025-11-14;8;0
5;2025-11-14;9;0
5;2025-11-14;10;0
5;2025-11-14;11;0
5;2025-11-14;12;0
5;2025-11-14;13;0
5;2025-11-14;14;0
5;2025-11-14;15;0
5;2025-11-14;16;0
5;2025-11-14;17;0
5;2025-11-14;18;0
5;2025-11-14;19;0
5;2025-11-14;20;0
5;2025-11-14;21;0
5;2025-11-14;22;0
5;2025-11-14;23;0
5;2025-11-15;0;0
5;2025-11-15;1;0
5;2025-11-15;2;0
5;2025-11-15;3;0
5;2025-11-15;4;0
5;2025-11-15;5;0
5;2025-11-15;6;0
5;2025-11-15;7;0
5;2025-11-15;8;0
5;2025-11-15;9;0
5;2025-11-15;10;0
5;2025-11-15;11;0
5;2025-11-15;12;0
5;2025-11-15;13;0
5;2025-11-15;14;0
5;2025-11-15;15;0
5;2025-11-15;16;0
5;2025-11-15;17;0
5;2025-11-15;18;0
5;2025-11-15;19;0
5;2025-11-15;20;0
5;2025-11-15;21;0
5;2025-11-15;22;0
5;2025-11-15;23;0
5;2025-11-16;0;0
5;2025-11-16;1;0
5;2025-11-16;2;0
5;2025-11-16;3;0
5;2025-11-16;4;0
5;2025-11-16;5;0
5;2025-11-16;6;0
5;2025-11-16;7;0
5;2025-11-16;8;0
5;2025-11-16;9;0
5;2025-11-16;10;0
5;2025-11-16;11;0
5;2025-11-16;12;0
5;2025-11-16;13;0
5;2025-11-16;14;0
5;2025-11-16;15;0
5;2025-11-16;16;0
5;2025-11-16;17;0
5;2025-11-16;18;0
5;2025-11-16;19;0
5;2025-11-16;20;0
5;2025-11-16;21;0
5;2025-11-16;22;0
5;2025-11-16;23;0
5;2025-11-17;0;0
5;2025-11-17;1;0
5;2025-11-17;2;0
5;2025-11-17;3;0
5;2025-11-17;4;0
5;2025-11-17;5;0
5;2025-11-17;6;0
5;2025-11-17;7;0
5;2025-11-17;8;0
5;2025-11-17;9;0
5;2025-11-17;10;0
5;2025-11-17;11;0
5;2025-11-17;12;0
5;2025-11-17;13;0
5;2025-11-17;14;0
5;2025-11-17;15;0
5;2025-11-17;16;0
5;2025-11-17;17;0
5;2025-11-17;18;0
5;2025-11-17;19;0
5;2025-11-17;20;0
5;2025-11-17;21;0
5;2025-11-17;22;0
5;2025-11-17;23;0
5;2025-11-18;0;0
5;2025-11-18;1;0
5;2025-11-18;2;0
5;2025-11-18;3;0
5;2025-11-18;4;0
5;2025-11-18;5;0
5;2025-11-18;6;0
5;2025-11-18;7;0
5;2025-11-18;8;0
5;2025-11-18;9;0
5;2025-11-18;10;0
5;2025-11-18;11;0
5;2025-11-18;12;0
5;2025-11-18;13;0
5;2025-11-18;14;0
5;2025-11-18;15;0
5;2025-11-18;16;0
5;2025-11-18;17;0
5;2025-11-18;18;0
5;2025-11-18;19;0
5;2025-11-18;20;0
5;2025-11-18;21;0
5;2025-11-18;22;0
5;2025-11-18;23;0
5;2025-11-19;0;0
5;2025-11-19;1;0
5;2025-11-19;2;0
5;2025-11-19;3;0
5;2025-11-19;4;0
5;2025-11-19;5;0
5;2025-11-19;6;0
5;2025-11-19;7;0
5;2025-11-19;8;0
5;2025-11-19;9;0
5;2025-11-19;10;0
5;2025-11-19;11;0
5;2025-11-19;12;0
5;2025-11-19;13;0
5;2025-11-19;14;0
5;2025-11-19;15;0
5;2025-11-19;16;0
5;2025-11-19;17;0
5;2025-11-19;18;0
5;2025-11-19;19;0
5;2025-11-19;20;0
5;2025-11-19;21;0
5;2025-11-19;22;0
5;2025-11-19;23;0
5;2025-11-20;0;0
5;2025-11-20;1;0
5;2025-11-20;2;0
5;2025-11-20;3;0
5;2025-11-20;4;0
5;2025-11-20;5;0
5;2025-11-20;6;0
5;2025-11-20;7;0
5;2025-11-20;8;0
5;2025-11-20;9;0
5;2025-11-20;10;0
5;2025-11-20;11;0
5;2025-11-20;12;0
5;2025-11-20;13;0
5;2025-11-20;14;0
5;2025-11-20;15;0
5;2025-11-20;16;0
5;2025-11-20;17;0
5;2025-11-20;18;0
5;2025-11-20;19;0
5;2025-11-20;20;0
5;2025-11-20;21;0
5;2025-11-20;22;0
5;2025-11-20;23;0
5;2025-11-21;0;0
5;2025-11-21;1;0
5;2025-11-21;2;0
5;2025-11-21;3;0
5;2025-11-21;4;0
5;2025-11-21;5;0
5;2025-11-21;6;0
5;2025-11-21;7;0
5;2025-11-21;8;0
5;2025-11-21;9;0
5;2025-11-21;10;0
5;2025-11-21;11;0
5;2025-11-21;12;0
5;2025-11-21;13;0
5;2025-11-21;14;0
5;2025-11-21;15;0
5;2025-11-21;16;0
5;2025-11-21;17;0
5;2025-11-21;18;0
5;2025-11-21;19;0
5;2025-11-21;20;0
5;2025-11-21;21;0
5;2025-11-21;22;0
5;2025-11-21;23;0
5;2025-11-22;0;0
5;2025-11-22;1;0
5;2025-11-22;2;0
5;2025-11-22;3;0
5;2025-11-22;4;0
5;2025-11-22;5;0
5;2025-11-22;6;0
5;2025-11-22;7;0
5;2025-11-22;8;0
5;2025-11-22;9;0
5;2025-11-22;10;0
5;2025-11-22;11;0
5;2025-11-22;12;0
5;2025-11-22;13;0
5;2025-11-22;14;0
5;2025-11-22;15;0
5;2025-11-22;16;0
5;2025-11-22;17;0
5;2025-11-22;18;0
5;2025-11-22;19;0
5;2025-11-22;20;0
5;2025-11-22;21;0
5;2025-11-22;22;0
5;2025-11-22;23;0
5;2025-11-23;0;0
5;2025-11-23;1;0
5;2025-11-23;2;0
5;2025-11-23;3;0
5;2025-11-23;4;0
5;2025-11-23;5;0
5;2025-11-23;6;0
5;2025-11-23;7;0
5;2025-11-23;8;0
5;2025-11-23;9;0
5;2025-11-23;10;0
5;2025-11-23;11;0
5;2025-11-23;12;0
5;2025-11-23;13;0
5;2025-11-23;14;0
5;2025-11-23;15;0
5;2025-11-23;16;0
5;2025-11-23;17;0
5;2025-11-23;18;0
5;2025-11-23;19;0
5;2025-11-23;20;0
5;2025-11-23;21;0
5;2025-11-23;22;0
5;2025-11-23;23;0
5;2025-11-24;0;0
5;2025-11-24;1;0
5;2025-11-24;2;0
5;2025-11-24;3;0
5;2025-11-24;4;0
5;2025-11-24;5;0
5;2025-11-24;6;0
5;2025-11-24;7;0
5;2025-11-24;8;0
5;2025-11-24;9;0
5;2025-11-24;10;0
5;2025-11-24;11;0
5;2025-11-24;12;0
5;2025-11-24;13;0
5;2025-11-24;14;0
5;2025-11-24;15;0
5;2025-11-24;16;0
5;2025-11-24;17;0
5;2025-11-24;18;0
5;2025-11-24;19;0
5;2025-11-24;20;0
5;2025-11-24;21;0
5;2025-11-24;22;0
5;2025-11-24;23;0
5;2025-11-25;0;0
5;2025-11-25;1;0
5;2025-11-25;2;0
5;2025-11-25;3;0
5;2025-11-25;4;0
5;2025-11-25;5;0
5;2025-11-25;6;0
5;2025-11-25;7;0
5;2025-11-25;8;0
5;2025-11-25;9;0
5;2025-11-25;10;0
5;2025-11-25;11;0
5;2025-11-25;12;0
5;2025-11-25;13;0
5;2025-11-25;14;0
5;2025-11-25;15;0
5;2025-11-25;16;0
5;2025-11-25;17;0
5;2025-11-25;18;0
5;2025-11-25;19;0
5;2025-11-25;20;0
5;2025-11-25;21;0
5;2025-11-25;22;0
5;2025-11-25;23;0
5;2025-11-26;0;0
5;2025-11-26;1;0
5;2025-11-26;2;0
5;2025-11-26;3;0
5;2025-11-26;4;0
5;2025-11-26;5;0
5;2025-11-26;6;0
5;2025-11-26;7;0
5;2025-11-26;8;0
5;2025-11-26;9;0
5;2025-11-26;10;0
5;2025-11-26;11;0
5;2025-11-26;12;0
5;2025-11-26;13;0
5;2025-11-26;14;0
5;2025-11-26;15;0
5;2025-11-26;16;0
5;2025-11-26;17;0
5;2025-11-26;18;0
5;2025-11-26;19;0
5;2025-11-26;20;0
5;2025-11-26;21;0
5;2025-11-26;22;0
5;2025-11-26;23;0
5;2025-11-27;0;0
5;2025-11-27;1;0
5;2025-11-27;2;0
5;2025-11-27;3;0
5;2025-11-27;4;0
5;2025-11-27;5;0
5;2025-11-27;6;0
5;2025-11-27;7;0
5;2025-11-27;8;0
5;2025-11-27;9;0
5;2025-11-27;10;0
5;2025-11-27;11;0
5;2025-11-27;12;0
5;2025-11-27;13;0
5;2025-11-27;14;0
5;2025-11-27;15;0
5;2025-11-27;16;0
5;2025-11-27;17;0
5;2025-11-27;18;0
5;2025-11-27;19;0
5;2025-11-27;20;0
5;2025-11-27;21;0
5;2025-11-27;22;0
5;2025-11-27;23;0
5;2025-11-28;0;0
5;2025-11-28;1;0
5;2025-11-28;2;0
5;2025-11-28;3;0
5;2025-11-28;4;0
5;2025-11-28;5;0
5;2025-11-28;6;0
5;2025-11-28;7;0
5;2025-11-28;8;0
5;2025-11-28;9;0
5;2025-11-28;10;0
5;2025-11-28;11;0
5;2025-11-28;12;0
5;2025-11-28;13;0
5;2025-11-28;14;0
5;2025-11-28;15;0
5;2025-11-28;16;0
5;2025-11-28;17;0
5;2025-11-28;18;0
5;2025-11-28;19;0
5;2025-11-28;20;0
5;2025-11-28;21;0
5;2025-11-28;22;0
5;2025-11-28;23;0
5;2025-11-29;0;0
5;2025-11-29;1;0
5;2025-11-29;2;0
5;2025-11-29;3;0
5;2025-11-29;4;0
5;2025-11-29;5;0
5;2025-11-29;6;0
5;2025-11-29;7;0
5;2025-11-29;8;0
5;2025-11-29;9;0
5;2025-11-29;10;0
5;2025-11-29;11;0
5;2025-11-29;12;0
5;2025-11-29;13;0
5;2025-11-29;14;0
5;2025-11-29;15;0
5;2025-11-29;16;0
5;2025-11-29;17;0
5;2025-11-29;18;0
5;2025-11-29;19;0
5;2025-11-29;20;0
5;2025-11-29;21;0
5;2025-11-29;22;0
5;2025-11-29;23;0
5;2025-11-30;0;0
5;2025-11-30;1;0
5;2025-11-30;2;0
5;2025-11-30;3;0
5;2025-11-30;4;0
5;2025-11-30;5;0
5;2025-11-30;6;0
5;2025-11-30;7;0
5;2025-11-30;8;0
5;2025-11-30;9;0
5;2025-11-30;10;0
5;2025-11-30;11;0
5;2025-11-30;12;0
5;2025-11-30;13;0
5;2025-11-30;14;0
5;2025-11-30;15;0
5;2025-11-30;16;0
5;2025-11-30;17;0
5;2025-11-30;18;0
5;2025-11-30;19;0
5;2025-11-30;20;0
5;2025-11-30;21;0
5;2025-11-30;22;0
5;2025-11-30;23;0
5;2025-12-01;0;0
5;2025-12-01;1;0
5;2025-12-01;2;0
5;2025-12-01;3;0
5;2025-12-01;4;0
5;2025-12-01;5;0
5;2025-12-01;6;0
5;2025-12-01;7;0
5;2025-12-01;8;0
5;2025-12-01;9;0
5;2025-12-01;10;0
5;2025-12-01;11;0
5;2025-12-01;12;0
5;2025-12-01;13;0
5;2025-12-01;14;0
5;2025-12-01;15;0
5;2025-12-01;16;0
5;2025-12-01;17;0
5;2025-12-01;18;0
5;2025-12-01;19;0
5;2025-12-01;20;0
5;2025-12-01;21;0
5;2025-12-01;22;0
5;2025-12-01;23;0
5;2025-12-02;0;0
5;2025-12-02;1;0
5;2025-12-02;2;0
5;2025-12-02;3;0
5;2025-12-02;4;0
5;2025-12-02;5;0
5;2025-12-02;6;0
5;2025-12-02;7;0
5;2025-12-02;8;0
5;2025-12-02;9;0
5;2025-12-02;10;0
5;2025-12-02;11;0
5;2025-12-02;12;0
5;2025-12-02;13;0
5;2025-12-02;14;0
5;2025-12-02;15;0
5;2025-12-02;16;0
5;2025-12-02;17;0
5;2025-12-02;18;0
5;2025-12-02;19;0
5;2025-12-02;20;0
5;2025-12-02;21;0
5;2025-12-02;22;0
5;2025-12-02;23;0
5;2025-12-03;0;0
5;2025-12-03;1;0
5;2025-12-03;2;0
5;2025-12-03;3;0
5;2025-12-03;4;0
5;2025-12-03;5;0
5;2025-12-03;6;0
5;2025-12-03;7;0
5;2025-12-03;8;0
5;2025-12-03;9;0
5;2025-12-03;10;0
5;2025-12-03;11;0
5;2025-12-03;12;0
5;2025-12-03;13;0
5;2025-12-03;14;0
5;2025-12-03;15;0
5;2025-12-03;16;0
5;2025-12-03;17;0
5;2025-12-03;18;0
5;2025-12-03;19;0
5;2025-12-03;20;0
5;2025-12-03;21;0
5;2025-12-03;22;0
5;2025-12-03;23;0
5;2025-12-04;0;0
5;2025-12-04;1;0
5;2025-12-04;2;0
5;2025-12-04;3;0
5;2025-12-04;4;0
5;2025-12-04;5;0
5;2025-12-04;6;0
5;2025-12-04;7;0
5;2025-12-04;8;0
5;2025-12-04;9;0
5;2025-12-04;10;0
5;2025-12-04;11;0
5;2025-12-04;12;0
5;2025-12-04;13;0
5;2025-12-04;14;0
5;2025-12-04;15;0
5;2025-12-04;16;0
5;2025-12-04;17;0
5;2025-12-04;18;0
5;2025-12-04;19;0
5;2025-12-04;20;0
5;2025-12-04;21;0
5;2025-12-04;22;0
5;2025-12-04;23;0
5;2025-12-05;0;0
5;2025-12-05;1;0
5;2025-12-05;2;0
5;2025-12-05;3;0
5;2025-12-05;4;0
5;2025-12-05;5;0
5;2025-12-05;6;0
5;2025-12-05;7;0
5;2025-12-05;8;0
5;2025-12-05;9;0
5;2025-12-05;10;0
5;2025-12-05;11;0
5;2025-12-05;12;0
5;2025-12-05;13;0
5;2025-12-05;14;0
5;2025-12-05;15;0
5;2025-12-05;16;0
5;2025-12-05;17;0
5;2025-12-05;18;0
5;2025-12-05;19;0
5;2025-12-05;20;0
5;2025-12-05;21;0
5;2025-12-05;22;0
5;2025-12-05;23;0
5;2025-12-06;0;0
5;2025-12-06;1;0
5;2025-12-06;2;0
5;2025-12-06;3;0
5;2025-12-06;4;0
5;2025-12-06;5;0
5;2025-12-06;6;0
5;2025-12-06;7;0
5;2025-12-06;8;0
5;2025-12-06;9;0
5;2025-12-06;10;0
5;2025-12-06;11;0
5;2025-12-06;12;0
5;2025-12-06;13;0
5;2025-12-06;14;0
5;2025-12-06;15;0
5;2025-12-06;16;0
5;2025-12-06;17;0
5;2025-12-06;18;0
5;2025-12-06;19;0
5;2025-12-06;20;0
5;2025-12-06;21;0
5;2025-12-06;22;0
5;2025-12-06;23;0
5;2025-12-07;0;0
5;2025-12-07;1;0
5;2025-12-07;2;0
5;2025-12-07;3;0
5;2025-12-07;4;0
5;2025-12-07;5;0
5;2025-12-07;6;0
5;2025-12-07;7;0
5;2025-12-07;8;0
5;2025-12-07;9;0
5;2025-12-07;10;0
5;2025-12-07;11;0
5;2025-12-07;12;0
5;2025-12-07;13;0
5;2025-12-07;14;0
5;2025-12-07;15;0
5;2025-12-07;16;0
5;2025-12-07;17;0
5;2025-12-07;18;0
5;2025-12-07;19;0
5;2025-12-07;20;0
5;2025-12-07;21;0
5;2025-12-07;22;0
5;2025-12-07;23;0
5;2025-12-08;0;0
5;2025-12-08;1;0
5;2025-12-08;2;0
5;2025-12-08;3;0
5;2025-12-08;4;0
5;2025-12-08;5;0
5;2025-12-08;6;0
5;2025-12-08;7;0
5;2025-12-08;8;0
5;2025-12-08;9;0
5;2025-12-08;10;0
5;2025-12-08;11;0
5;2025-12-08;12;0
5;2025-12-08;13;0
5;2025-12-08;14;0
5;2025-12-08;15;0
5;2025-12-08;16;0
5;2025-12-08;17;0
5;2025-12-08;18;0
5;2025-12-08;19;0
5;2025-12-08;20;0
5;2025-12-08;21;0
5;2025-12-08;22;0
5;2025-12-08;23;0
5;2025-12-09;0;0
5;2025-12-09;1;0
5;2025-12-09;2;0
5;2025-12-09;3;0
5;2025-12-09;4;0
5;2025-12-09;5;0
5;2025-12-09;6;0
5;2025-12-09;7;0
5;2025-12-09;8;0
5;2025-12-09;9;0
5;2025-12-09;10;0
5;2025-12-09;11;0
5;2025-12-09;12;0
5;2025-12-09;13;0
5;2025-12-09;14;0
5;2025-12-09;15;0
5;2025-12-09;16;0
5;2025-12-09;17;0
5;2025-12-09;18;0
5;2025-12-09;19;0
5;2025-12-09;20;0
5;2025-12-09;21;0
5;2025-12-09;22;0
5;2025-12-09;23;0
5;2025-12-10;0;0
5;2025-12-10;1;0
5;2025-12-10;2;0
5;2025-12-10;3;0
5;2025-12-10;4;0
5;2025-12-10;5;0
5;2025-12-10;6;0
5;2025-12-10;7;0
5;2025-12-10;8;0
5;2025-12-10;9;0
5;2025-12-10;10;0
5;2025-12-10;11;0
5;2025-12-10;12;0
5;2025-12-10;13;0
5;2025-12-10;14;0
5;2025-12-10;15;0
5;2025-12-10;16;0
5;2025-12-10;17;0
5;2025-12-10;18;0
5;2025-12-10;19;0
5;2025-12-10;20;0
5;2025-12-10;21;0
5;2025-12-10;22;0
5;2025-12-10;23;0
5;2025-12-11;0;0
5;2025-12-11;1;0
5;2025-12-11;2;0
5;2025-12-11;3;0
5;2025-12-11;4;0
5;2025-12-11;5;0
5;2025-12-11;6;0
5;2025-12-11;7;0
5;2025-12-11;8;0
5;2025-12-11;9;0
5;2025-12-11;10;0
5;2025-12-11;11;0
5;2025-12-11;12;0
5;2025-12-11;13;0
5;2025-12-11;14;0
5;2025-12-11;15;0
5;2025-12-11;16;0
5;2025-12-11;17;0
5;2025-12-11;18;0
5;2025-12-11;19;0
5;2025-12-11;20;0
5;2025-12-11;21;0
5;2025-12-11;22;0
5;2025-12-11;23;0
5;2025-12-12;0;0
5;2025-12-12;1;0
5;2025-12-12;2;0
5;2025-12-12;3;0
5;2025-12-12;4;0
5;2025-12-12;5;0
5;2025-12-12;6;0
5;2025-12-12;7;0
5;2025-12-12;8;0
5;2025-12-12;9;0
5;2025-12-12;10;0
5;2025-12-12;11;0
5;2025-12-12;12;0
5;2025-12-12;13;0
5;2025-12-12;14;0
5;2025-12-12;15;0
5;2025-12-12;16;0
5;2025-12-12;17;0
5;2025-12-12;18;0
5;2025-12-12;19;0
5;2025-12-12;20;0
5;2025-12-12;21;0
5;2025-12-12;22;0
5;2025-12-12;23;0
5;2025-12-13;0;0
5;2025-12-13;1;0
5;2025-12-13;2;0
5;2025-12-13;3;0
5;2025-12-13;4;0
5;2025-12-13;5;0
5;2025-12-13;6;0
5;2025-12-13;7;0
5;2025-12-13;8;0
5;2025-12-13;9;0
5;2025-12-13;10;0
5;2025-12-13;11;0
5;2025-12-13;12;0
5;2025-12-13;13;0
5;2025-12-13;14;0
5;2025-12-13;15;0
5;2025-12-13;16;0
5;2025-12-13;17;0
5;2025-12-13;18;0
5;2025-12-13;19;0
5;2025-12-13;20;0
5;2025-12-13;21;0
5;2025-12-13;22;0
5;2025-12-13;23;0
5;2025-12-14;0;0
5;2025-12-14;1;0
5;2025-12-14;2;0
5;2025-12-14;3;0
5;2025-12-14;4;0
5;2025-12-14;5;0
5;2025-12-14;6;0
5;2025-12-14;7;0
5;2025-12-14;8;0
5;2025-12-14;9;0
5;2025-12-14;10;0
5;2025-12-14;11;0
5;2025-12-14;12;0
5;2025-12-14;13;0
5;2025-12-14;14;0
5;2025-12-14;15;0
5;2025-12-14;16;0
5;2025-12-14;17;0
5;2025-12-14;18;0
5;2025-12-14;19;0
5;2025-12-14;20;0
5;2025-12-14;21;0
5;2025-12-14;22;0
5;2025-12-14;23;0
5;2025-12-15;0;0
5;2025-12-15;1;0
5;2025-12-15;2;0
5;2025-12-15;3;0
5;2025-12-15;4;0
5;2025-12-15;5;0
5;2025-12-15;6;0
5;2025-12-15;7;0
5;2025-12-15;8;0
5;2025-12-15;9;0
5;2025-12-15;10;0
5;2025-12-15;11;0
5;2025-12-15;12;0
5;2025-12-15;13;0
5;2025-12-15;14;0
5;2025-12-15;15;0
5;2025-12-15;16;0
5;2025-12-15;17;0
5;2025-12-15;18;0
5;2025-12-15;19;0
5;2025-12-15;20;0
5;2025-12-15;21;0
5;2025-12-15;22;0
5;2025-12-15;23;0
5;2025-12-16;0;1
5;2025-12-16;1;0
5;2025-12-16;2;0
5;2025-12-16;3;0
5;2025-12-16;4;0
5;2025-12-16;5;6
5;2025-12-16;6;89
5;2025-12-16;7;180
5;2025-12-16;8;323
5;2025-12-16;9;158
5;2025-12-16;10;137
5;2025-12-16;11;144
5;2025-12-16;12;148
5;2025-12-16;13;189
5;2025-12-16;14;163
5;2025-12-16;15;208
5;2025-12-16;16;225
5;2025-12-16;17;262
5;2025-12-16;18;260
5;2025-12-16;19;209
5;2025-12-16;20;110
5;2025-12-16;21;76
5;2025-12-16;22;32
5;2025-12-16;23;2
5;2025-12-17;0;1
5;2025-12-17;1;0
5;2025-12-17;2;0
5;2025-12-17;3;0
5;2025-12-17;4;0
5;2025-12-17;5;6
5;2025-12-17;6;92
5;2025-12-17;7;186
5;2025-12-17;8;333
5;2025-12-17;9;163
5;2025-12-17;10;141
5;2025-12-17;11;148
5;2025-12-17;12;152
5;2025-12-17;13;195
5;2025-12-17;14;168
5;2025-12-17;15;214
5;2025-12-17;16;232
5;2025-12-17;17;269
5;2025-12-17;18;268
5;2025-12-17;19;215
5;2025-12-17;20;113
5;2025-12-17;21;78
5;2025-12-17;22;33
5;2025-12-17;23;2
5;2025-12-18;0;1
5;2025-12-18;1;0
5;2025-12-18;2;0
5;2025-12-18;3;0
5;2025-12-18;4;0
5;2025-12-18;5;6
5;2025-12-18;6;92
5;2025-12-18;7;186
5;2025-12-18;8;333
5;2025-12-18;9;163
5;2025-12-18;10;141
5;2025-12-18;11;148
5;2025-12-18;12;152
5;2025-12-18;13;195
5;2025-12-18;14;168
5;2025-12-18;15;214
5;2025-12-18;16;232
5;2025-12-18;17;269
5;2025-12-18;18;268
5;2025-12-18;19;215
5;2025-12-18;20;113
5;2025-12-18;21;78
5;2025-12-18;22;33
5;2025-12-18;23;2
5;2025-12-19;0;0
5;2025-12-19;1;0
5;2025-12-19;2;0
5;2025-12-19;3;0
5;2025-12-19;4;0
5;2025-12-19;5;6
5;2025-12-19;6;111
5;2025-12-19;7;215
5;2025-12-19;8;331
5;2025-12-19;9;166
5;2025-12-19;10;164
5;2025-12-19;11;168
5;2025-12-19;12;165
5;2025-12-19;13;229
5;2025-12-19;14;171
5;2025-12-19;15;270
5;2025-12-19;16;329
5;2025-12-19;17;293
5;2025-12-19;18;273
5;2025-12-19;19;256
5;2025-12-19;20;139
5;2025-12-19;21;95
5;2025-12-19;22;38
5;2025-12-19;23;4
5;2025-12-20;0;2
5;2025-12-20;1;0
5;2025-12-20;2;0
5;2025-12-20;3;0
5;2025-12-20;4;0
5;2025-12-20;5;7
5;2025-12-20;6;47
5;2025-12-20;7;46
5;2025-12-20;8;106
5;2025-12-20;9;96
5;2025-12-20;10;98
5;2025-12-20;11;131
5;2025-12-20;12;137
5;2025-12-20;13;227
5;2025-12-20;14;229
5;2025-12-20;15;268
5;2025-12-20;16;251
5;2025-12-20;17;201
5;2025-12-20;18;177
5;2025-12-20;19;154
5;2025-12-20;20;87
5;2025-12-20;21;67
5;2025-12-20;22;39
5;2025-12-20;23;15
5;2025-12-21;0;6
5;2025-12-21;1;0
5;2025-12-21;2;0
5;2025-12-21;3;0
5;2025-12-21;4;0
5;2025-12-21;5;4
5;2025-12-21;6;38
5;2025-12-21;7;36
5;2025-12-21;8;67
5;2025-12-21;9;76
5;2025-12-21;10;77
5;2025-12-21;11;110
5;2025-12-21;12;132
5;2025-12-21;13;174
5;2025-12-21;14;203
5;2025-12-21;15;233
5;2025-12-21;16;198
5;2025-12-21;17;197
5;2025-12-21;18;152
5;2025-12-21;19;102
5;2025-12-21;20;81
5;2025-12-21;21;51
5;2025-12-21;22;32
5;2025-12-21;23;12
5;2025-12-22;0;3
5;2025-12-22;1;0
5;2025-12-22;2;0
5;2025-12-22;3;0
5;2025-12-22;4;0
5;2025-12-22;5;6
5;2025-12-22;6;92
5;2025-12-22;7;195
5;2025-12-22;8;387
5;2025-12-22;9;209
5;2025-12-22;10;115
5;2025-12-22;11;156
5;2025-12-22;12;135
5;2025-12-22;13;203
5;2025-12-22;14;164
5;2025-12-22;15;165
5;2025-12-22;16;270
5;2025-12-22;17;290
5;2025-12-22;18;286
5;2025-12-22;19;225
5;2025-12-22;20;116
5;2025-12-22;21;72
5;2025-12-22;22;33
5;2025-12-22;23;6
5;2025-12-23;0;1
5;2025-12-23;1;0
5;2025-12-23;2;0
5;2025-12-23;3;0
5;2025-12-23;4;0
5;2025-12-23;5;6
5;2025-12-23;6;92
5;2025-12-23;7;186
5;2025-12-23;8;333
5;2025-12-23;9;163
5;2025-12-23;10;141
5;2025-12-23;11;148
5;2025-12-23;12;152
5;2025-12-23;13;195
5;2025-12-23;14;168
5;2025-12-23;15;214
5;2025-12-23;16;232
5;2025-12-23;17;269
5;2025-12-23;18;268
5;2025-12-23;19;215
5;2025-12-23;20;113
5;2025-12-23;21;78
5;2025-12-23;22;33
5;2025-12-23;23;2
5;2025-12-24;0;1
5;2025-12-24;1;0
5;2025-12-24;2;0
5;2025-12-24;3;0
5;2025-12-24;4;0
5;2025-12-24;5;6
5;2025-12-24;6;90
5;2025-12-24;7;183
5;2025-12-24;8;328
5;2025-12-24;9;160
5;2025-12-24;10;139
5;2025-12-24;11;146
5;2025-12-24;12;150
5;2025-12-24;13;191
5;2025-12-24;14;165
5;2025-12-24;15;211
5;2025-12-24;16;229
5;2025-12-24;17;265
5;2025-12-24;18;263
5;2025-12-24;19;212
5;2025-12-24;20;111
5;2025-12-24;21;77
5;2025-12-24;22;32
5;2025-12-24;23;2
5;2025-12-25;0;1
5;2025-12-25;1;0
5;2025-12-25;2;0
5;2025-12-25;3;0
5;2025-12-25;4;0
5;2025-12-25;5;6
5;2025-12-25;6;89
5;2025-12-25;7;179
5;2025-12-25;8;322
5;2025-12-25;9;157
5;2025-12-25;10;136
5;2025-12-25;11;143
5;2025-12-25;12;147
5;2025-12-25;13;188
5;2025-12-25;14;162
5;2025-12-25;15;207
5;2025-12-25;16;224
5;2025-12-25;17;260
5;2025-12-25;18;259
5;2025-12-25;19;208
5;2025-12-25;20;109
5;2025-12-25;21;76
5;2025-12-25;22;31
5;2025-12-25;23;2
5;2025-12-26;0;0
5;2025-12-26;1;0
5;2025-12-26;2;0
5;2025-12-26;3;0
5;2025-12-26;4;0
5;2025-12-26;5;5
5;2025-12-26;6;104
5;2025-12-26;7;201
5;2025-12-26;8;310
5;2025-12-26;9;156
5;2025-12-26;10;154
5;2025-12-26;11;157
5;2025-12-26;12;155
5;2025-12-26;13;215
5;2025-12-26;14;160
5;2025-12-26;15;253
5;2025-12-26;16;309
5;2025-12-26;17;275
5;2025-12-26;18;256
5;2025-12-26;19;240
5;2025-12-26;20;130
5;2025-12-26;21;89
5;2025-12-26;22;35
5;2025-12-26;23;4
5;2025-12-27;0;2
5;2025-12-27;1;0
5;2025-12-27;2;0
5;2025-12-27;3;0
5;2025-12-27;4;0
5;2025-12-27;5;7
5;2025-12-27;6;47
5;2025-12-27;7;46
5;2025-12-27;8;106
5;2025-12-27;9;95
5;2025-12-27;10;98
5;2025-12-27;11;130
5;2025-12-27;12;136
5;2025-12-27;13;225
5;2025-12-27;14;228
5;2025-12-27;15;267
5;2025-12-27;16;249
5;2025-12-27;17;200
5;2025-12-27;18;176
5;2025-12-27;19;153
5;2025-12-27;20;86
5;2025-12-27;21;66
5;2025-12-27;22;38
5;2025-12-27;23;15
5;2025-12-28;0;5
5;2025-12-28;1;0
5;2025-12-28;2;0
5;2025-12-28;3;0
5;2025-12-28;4;0
5;2025-12-28;5;4
5;2025-12-28;6;37
5;2025-12-28;7;34
5;2025-12-28;8;65
5;2025-12-28;9;74
5;2025-12-28;10;75
5;2025-12-28;11;107
5;2025-12-28;12;128
5;2025-12-28;13;169
5;2025-12-28;14;197
5;2025-12-28;15;226
5;2025-12-28;16;192
5;2025-12-28;17;191
5;2025-12-28;18;147
5;2025-12-28;19;99
5;2025-12-28;20;78
5;2025-12-28;21;49
5;2025-12-28;22;31
5;2025-12-28;23;12
5;2025-12-29;0;2
5;2025-12-29;1;0
5;2025-12-29;2;0
5;2025-12-29;3;0
5;2025-12-29;4;0
5;2025-12-29;5;6
5;2025-12-29;6;81
5;2025-12-29;7;172
5;2025-12-29;8;341
5;2025-12-29;9;184
5;2025-12-29;10;101
5;2025-12-29;11;137
5;2025-12-29;12;119
5;2025-12-29;13;179
5;2025-12-29;14;144
5;2025-12-29;15;146
5;2025-12-29;16;237
5;2025-12-29;17;255
5;2025-12-29;18;251
5;2025-12-29;19;197
5;2025-12-29;20;102
5;2025-12-29;21;63
5;2025-12-29;22;29
5;2025-12-29;23;5
5;2025-12-30;0;1
5;2025-12-30;1;0
5;2025-12-30;2;0
5;2025-12-30;3;0
5;2025-12-30;4;0
5;2025-12-30;5;5
5;2025-12-30;6;77
5;2025-12-30;7;155
5;2025-12-30;8;277
5;2025-12-30;9;136
5;2025-12-30;10;117
5;2025-12-30;11;123
5;2025-12-30;12;127
5;2025-12-30;13;162
5;2025-12-30;14;140
5;2025-12-30;15;179
5;2025-12-30;16;193
5;2025-12-30;17;224
5;2025-12-30;18;223
5;2025-12-30;19;179
5;2025-12-30;20;94
5;2025-12-30;21;65
5;2025-12-30;22;27
5;2025-12-30;23;2
5;2025-12-31;0;5
5;2025-12-31;1;0
5;2025-12-31;2;0
5;2025-12-31;3;0
5;2025-12-31;4;0
5;2025-12-31;5;3
5;2025-12-31;6;34
5;2025-12-31;7;32
5;2025-12-31;8;60
5;2025-12-31;9;68
5;2025-12-31;10;68
5;2025-12-31;11;98
5;2025-12-31;12;118
5;2025-12-31;13;155
5;2025-12-31;14;181
5;2025-12-31;15;208
5;2025-12-31;16;177
5;2025-12-31;17;158
5;2025-12-31;18;113
5;2025-12-31;19;70
5;2025-12-31;20;50
5;2025-12-31;21;26
5;2025-12-31;22;13
5;2025-12-31;23;5
7;2025-11-01;0;111
7;2025-11-01;1;27
7;2025-11-01;2;0
7;2025-11-01;3;0
7;2025-11-01;4;3
7;2025-11-01;5;143
7;2025-11-01;6;544
7;2025-11-01;7;1180
7;2025-11-01;8;1679
7;2025-11-01;9;1465
7;2025-11-01;10;1461
7;2025-11-01;11;1456
7;2025-11-01;12;1502
7;2025-11-01;13;1551
7;2025-11-01;14;1623
7;2025-11-01;15;1717
7;2025-11-01;16;1789
7;2025-11-01;17;1806
7;2025-11-01;18;1803
7;2025-11-01;19;1376
7;2025-11-01;20;1040
7;2025-11-01;21;724
7;2025-11-01;22;384
7;2025-11-01;23;297
7;2025-11-02;0;98
7;2025-11-02;1;23
7;2025-11-02;2;0
7;2025-11-02;3;0
7;2025-11-02;4;1
7;2025-11-02;5;28
7;2025-11-02;6;123
7;2025-11-02;7;165
7;2025-11-02;8;373
7;2025-11-02;9;493
7;2025-11-02;10;382
7;2025-11-02;11;568
7;2025-11-02;12;614
7;2025-11-02;13;610
7;2025-11-02;14;637
7;2025-11-02;15;690
7;2025-11-02;16;594
7;2025-11-02;17;605
7;2025-11-02;18;627
7;2025-11-02;19;464
7;2025-11-02;20;384
7;2025-11-02;21;281
7;2025-11-02;22;145
7;2025-11-02;23;116
7;2025-11-03;0;82
7;2025-11-03;1;20
7;2025-11-03;2;0
7;2025-11-03;3;0
7;2025-11-03;4;1
7;2025-11-03;5;24
7;2025-11-03;6;103
7;2025-11-03;7;139
7;2025-11-03;8;313
7;2025-11-03;9;414
7;2025-11-03;10;321
7;2025-11-03;11;477
7;2025-11-03;12;516
7;2025-11-03;13;512
7;2025-11-03;14;535
7;2025-11-03;15;580
7;2025-11-03;16;499
7;2025-11-03;17;508
7;2025-11-03;18;527
7;2025-11-03;19;390
7;2025-11-03;20;322
7;2025-11-03;21;236
7;2025-11-03;22;122
7;2025-11-03;23;98
7;2025-11-04;0;80
7;2025-11-04;1;19
7;2025-11-04;2;0
7;2025-11-04;3;0
7;2025-11-04;4;1
7;2025-11-04;5;23
7;2025-11-04;6;101
7;2025-11-04;7;136
7;2025-11-04;8;306
7;2025-11-04;9;405
7;2025-11-04;10;313
7;2025-11-04;11;466
7;2025-11-04;12;503
7;2025-11-04;13;500
7;2025-11-04;14;523
7;2025-11-04;15;566
7;2025-11-04;16;488
7;2025-11-04;17;496
7;2025-11-04;18;515
7;2025-11-04;19;381
7;2025-11-04;20;315
7;2025-11-04;21;231
7;2025-11-04;22;119
7;2025-11-04;23;95
7;2025-11-05;0;68
7;2025-11-05;1;14
7;2025-11-05;2;0
7;2025-11-05;3;0
7;2025-11-05;4;2
7;2025-11-05;5;181
7;2025-11-05;6;605
7;2025-11-05;7;1698
7;2025-11-05;8;2601
7;2025-11-05;9;1965
7;2025-11-05;10;1739
7;2025-11-05;11;1654
7;2025-11-05;12;1870
7;2025-11-05;13;1673
7;2025-11-05;14;1824
7;2025-11-05;15;1916
7;2025-11-05;16;1957
7;2025-11-05;17;2455
7;2025-11-05;18;2690
7;2025-11-05;19;1644
7;2025-11-05;20;1066
7;2025-11-05;21;656
7;2025-11-05;22;305
7;2025-11-05;23;229
7;2025-11-06;0;68
7;2025-11-06;1;14
7;2025-11-06;2;0
7;2025-11-06;3;0
7;2025-11-06;4;2
7;2025-11-06;5;181
7;2025-11-06;6;605
7;2025-11-06;7;1698
7;2025-11-06;8;2601
7;2025-11-06;9;1965
7;2025-11-06;10;1739
7;2025-11-06;11;1654
7;2025-11-06;12;1870
7;2025-11-06;13;1673
7;2025-11-06;14;1824
7;2025-11-06;15;1916
7;2025-11-06;16;1957
7;2025-11-06;17;2455
7;2025-11-06;18;2690
7;2025-11-06;19;1644
7;2025-11-06;20;1066
7;2025-11-06;21;656
7;2025-11-06;22;305
7;2025-11-06;23;229
7;2025-11-07;0;80
7;2025-11-07;1;16
7;2025-11-07;2;1
7;2025-11-07;3;0
7;2025-11-07;4;3
7;2025-11-07;5;166
7;2025-11-07;6;594
7;2025-11-07;7;1516
7;2025-11-07;8;2211
7;2025-11-07;9;1761
7;2025-11-07;10;1728
7;2025-11-07;11;1602
7;2025-11-07;12;1626
7;2025-11-07;13;1632
7;2025-11-07;14;1712
7;2025-11-07;15;1907
7;2025-11-07;16;2172
7;2025-11-07;17;2309
7;2025-11-07;18;2004
7;2025-11-07;19;1297
7;2025-11-07;20;972
7;2025-11-07;21;597
7;2025-11-07;22;286
7;2025-11-07;23;258
7;2025-11-08;0;124
7;2025-11-08;1;28
7;2025-11-08;2;0
7;2025-11-08;3;0
7;2025-11-08;4;1
7;2025-11-08;5;51
7;2025-11-08;6;273
7;2025-11-08;7;304
7;2025-11-08;8;725
7;2025-11-08;9;584
7;2025-11-08;10;649
7;2025-11-08;11;688
7;2025-11-08;12;958
7;2025-11-08;13;901
7;2025-11-08;14;861
7;2025-11-08;15;845
7;2025-11-08;16;844
7;2025-11-08;17;831
7;2025-11-08;18;781
7;2025-11-08;19;618
7;2025-11-08;20;547
7;2025-11-08;21;383
7;2025-11-08;22;215
7;2025-11-08;23;175
7;2025-11-09;0;99
7;2025-11-09;1;24
7;2025-11-09;2;0
7;2025-11-09;3;0
7;2025-11-09;4;1
7;2025-11-09;5;29
7;2025-11-09;6;124
7;2025-11-09;7;167
7;2025-11-09;8;376
7;2025-11-09;9;497
7;2025-11-09;10;385
7;2025-11-09;11;573
7;2025-11-09;12;619
7;2025-11-09;13;615
7;2025-11-09;14;642
7;2025-11-09;15;696
7;2025-11-09;16;599
7;2025-11-09;17;609
7;2025-11-09;18;633
7;2025-11-09;19;468
7;2025-11-09;20;387
7;2025-11-09;21;284
7;2025-11-09;22;147
7;2025-11-09;23;117
7;2025-11-10;0;53
7;2025-11-10;1;8
7;2025-11-10;2;0
7;2025-11-10;3;0
7;2025-11-10;4;1
7;2025-11-10;5;190
7;2025-11-10;6;631
7;2025-11-10;7;1777
7;2025-11-10;8;2792
7;2025-11-10;9;1841
7;2025-11-10;10;1623
7;2025-11-10;11;1486
7;2025-11-10;12;1523
7;2025-11-10;13;1587
7;2025-11-10;14;1576
7;2025-11-10;15;1766
7;2025-11-10;16;1857
7;2025-11-10;17;2770
7;2025-11-10;18;2719
7;2025-11-10;19;1896
7;2025-11-10;20;1074
7;2025-11-10;21;617
7;2025-11-10;22;301
7;2025-11-10;23;139
7;2025-11-11;0;68
7;2025-11-11;1;14
7;2025-11-11;2;0
7;2025-11-11;3;0
7;2025-11-11;4;2
7;2025-11-11;5;181
7;2025-11-11;6;605
7;2025-11-11;7;1698
7;2025-11-11;8;2601
7;2025-11-11;9;1965
7;2025-11-11;10;1739
7;2025-11-11;11;1654
7;2025-11-11;12;1870
7;2025-11-11;13;1673
7;2025-11-11;14;1824
7;2025-11-11;15;1916
7;2025-11-11;16;1957
7;2025-11-11;17;2455
7;2025-11-11;18;2690
7;2025-11-11;19;1644
7;2025-11-11;20;1066
7;2025-11-11;21;656
7;2025-11-11;22;305
7;2025-11-11;23;229
7;2025-11-12;0;68
7;2025-11-12;1;14
7;2025-11-12;2;0
7;2025-11-12;3;0
7;2025-11-12;4;2
7;2025-11-12;5;181
7;2025-11-12;6;605
7;2025-11-12;7;1698
7;2025-11-12;8;2601
7;2025-11-12;9;1965
7;2025-11-12;10;1739
7;2025-11-12;11;1654
7;2025-11-12;12;1870
7;2025-11-12;13;1673
7;2025-11-12;14;1824
7;2025-11-12;15;1916
7;2025-11-12;16;1957
7;2025-11-12;17;2455
7;2025-11-12;18;2690
7;2025-11-12;19;1644
7;2025-11-12;20;1066
7;2025-11-12;21;656
7;2025-11-12;22;305
7;2025-11-12;23;229
7;2025-11-13;0;68
7;2025-11-13;1;14
7;2025-11-13;2;0
7;2025-11-13;3;0
7;2025-11-13;4;2
7;2025-11-13;5;181
7;2025-11-13;6;605
7;2025-11-13;7;1698
7;2025-11-13;8;2601
7;2025-11-13;9;1965
7;2025-11-13;10;1739
7;2025-11-13;11;1654
7;2025-11-13;12;1870
7;2025-11-13;13;1673
7;2025-11-13;14;1824
7;2025-11-13;15;1916
7;2025-11-13;16;1957
7;2025-11-13;17;2455
7;2025-11-13;18;2690
7;2025-11-13;19;1644
7;2025-11-13;20;1066
7;2025-11-13;21;656
7;2025-11-13;22;305
7;2025-11-13;23;229
7;2025-11-14;0;80
7;2025-11-14;1;16
7;2025-11-14;2;1
7;2025-11-14;3;0
7;2025-11-14;4;3
7;2025-11-14;5;166
7;2025-11-14;6;594
7;2025-11-14;7;1516
7;2025-11-14;8;2211
7;2025-11-14;9;1761
7;2025-11-14;10;1728
7;2025-11-14;11;1602
7;2025-11-14;12;1626
7;2025-11-14;13;1632
7;2025-11-14;14;1712
7;2025-11-14;15;1907
7;2025-11-14;16;2172
7;2025-11-14;17;2309
7;2025-11-14;18;2004
7;2025-11-14;19;1297
7;2025-11-14;20;972
7;2025-11-14;21;597
7;2025-11-14;22;286
7;2025-11-14;23;258
7;2025-11-15;0;115
7;2025-11-15;1;31
7;2025-11-15;2;0
7;2025-11-15;3;0
7;2025-11-15;4;3
7;2025-11-15;5;92
7;2025-11-15;6;384
7;2025-11-15;7;623
7;2025-11-15;8;837
7;2025-11-15;9;885
7;2025-11-15;10;907
7;2025-11-15;11;1015
7;2025-11-15;12;1070
7;2025-11-15;13;1150
7;2025-11-15;14;1198
7;2025-11-15;15;1179
7;2025-11-15;16;1061
7;2025-11-15;17;965
7;2025-11-15;18;1239
7;2025-11-15;19;1158
7;2025-11-15;20;883
7;2025-11-15;21;688
7;2025-11-15;22;392
7;2025-11-15;23;270
7;2025-11-16;0;118
7;2025-11-16;1;3
7;2025-11-16;2;0
7;2025-11-16;3;0
7;2025-11-16;4;3
7;2025-11-16;5;54
7;2025-11-16;6;262
7;2025-11-16;7;434
7;2025-11-16;8;667
7;2025-11-16;9;768
7;2025-11-16;10;771
7;2025-11-16;11;1060
7;2025-11-16;12;941
7;2025-11-16;13;1041
7;2025-11-16;14;1132
7;2025-11-16;15;1141
7;2025-11-16;16;970
7;2025-11-16;17;1102
7;2025-11-16;18;1061
7;2025-11-16;19;1009
7;2025-11-16;20;821
7;2025-11-16;21;574
7;2025-11-16;22;329
7;2025-11-16;23;232
7;2025-11-17;0;51
7;2025-11-17;1;8
7;2025-11-17;2;0
7;2025-11-17;3;0
7;2025-11-17;4;1
7;2025-11-17;5;184
7;2025-11-17;6;613
7;2025-11-17;7;1725
7;2025-11-17;8;2710
7;2025-11-17;9;1788
7;2025-11-17;10;1576
7;2025-11-17;11;1443
7;2025-11-17;12;1479
7;2025-11-17;13;1541
7;2025-11-17;14;1530
7;2025-11-17;15;1715
7;2025-11-17;16;1803
7;2025-11-17;17;2690
7;2025-11-17;18;2640
7;2025-11-17;19;1841
7;2025-11-17;20;1043
7;2025-11-17;21;599
7;2025-11-17;22;293
7;2025-11-17;23;135
7;2025-11-18;0;66
7;2025-11-18;1;13
7;2025-11-18;2;0
7;2025-11-18;3;0
7;2025-11-18;4;1
7;2025-11-18;5;176
7;2025-11-18;6;588
7;2025-11-18;7;1649
7;2025-11-18;8;2525
7;2025-11-18;9;1908
7;2025-11-18;10;1688
7;2025-11-18;11;1606
7;2025-11-18;12;1816
7;2025-11-18;13;1624
7;2025-11-18;14;1771
7;2025-11-18;15;1860
7;2025-11-18;16;1900
7;2025-11-18;17;2383
7;2025-11-18;18;2611
7;2025-11-18;19;1596
7;2025-11-18;20;1035
7;2025-11-18;21;636
7;2025-11-18;22;296
7;2025-11-18;23;222
7;2025-11-19;0;66
7;2025-11-19;1;13
7;2025-11-19;2;0
7;2025-11-19;3;0
7;2025-11-19;4;1
7;2025-11-19;5;176
7;2025-11-19;6;588
7;2025-11-19;7;1649
7;2025-11-19;8;2525
7;2025-11-19;9;1908
7;2025-11-19;10;1688
7;2025-11-19;11;1606
7;2025-11-19;12;1816
7;2025-11-19;13;1624
7;2025-11-19;14;1771
7;2025-11-19;15;1860
7;2025-11-19;16;1900
7;2025-11-19;17;2383
7;2025-11-19;18;2611
7;2025-11-19;19;1596
7;2025-11-19;20;1035
7;2025-11-19;21;636
7;2025-11-19;22;296
7;2025-11-19;23;222
7;2025-11-20;0;66
7;2025-11-20;1;13
7;2025-11-20;2;0
7;2025-11-20;3;0
7;2025-11-20;4;1
7;2025-11-20;5;176
7;2025-11-20;6;588
7;2025-11-20;7;1649
7;2025-11-20;8;2525
7;2025-11-20;9;1908
7;2025-11-20;10;1688
7;2025-11-20;11;1606
7;2025-11-20;12;1816
7;2025-11-20;13;1624
7;2025-11-20;14;1771
7;2025-11-20;15;1860
7;2025-11-20;16;1900
7;2025-11-20;17;2383
7;2025-11-20;18;2611
7;2025-11-20;19;1596
7;2025-11-20;20;1035
7;2025-11-20;21;636
7;2025-11-20;22;296
7;2025-11-20;23;222
7;2025-11-21;0;77
7;2025-11-21;1;15
7;2025-11-21;2;0
7;2025-11-21;3;0
7;2025-11-21;4;2
7;2025-11-21;5;161
7;2025-11-21;6;575
7;2025-11-21;7;1468
7;2025-11-21;8;2140
7;2025-11-21;9;1704
7;2025-11-21;10;1673
7;2025-11-21;11;1550
7;2025-11-21;12;1574
7;2025-11-21;13;1579
7;2025-11-21;14;1657
7;2025-11-21;15;1846
7;2025-11-21;16;2102
7;2025-11-21;17;2235
7;2025-11-21;18;1939
7;2025-11-21;19;1255
7;2025-11-21;20;940
7;2025-11-21;21;578
7;2025-11-21;22;277
7;2025-11-21;23;250
7;2025-11-22;0;122
7;2025-11-22;1;33
7;2025-11-22;2;0
7;2025-11-22;3;0
7;2025-11-22;4;3
7;2025-11-22;5;97
7;2025-11-22;6;406
7;2025-11-22;7;660
7;2025-11-22;8;887
7;2025-11-22;9;937
7;2025-11-22;10;961
7;2025-11-22;11;1075
7;2025-11-22;12;1133
7;2025-11-22;13;1218
7;2025-11-22;14;1269
7;2025-11-22;15;1249
7;2025-11-22;16;1124
7;2025-11-22;17;1022
7;2025-11-22;18;1312
7;2025-11-22;19;1227
7;2025-11-22;20;935
7;2025-11-22;21;728
7;2025-11-22;22;415
7;2025-11-22;23;286
7;2025-11-23;0;118
7;2025-11-23;1;3
7;2025-11-23;2;0
7;2025-11-23;3;0
7;2025-11-23;4;3
7;2025-11-23;5;54
7;2025-11-23;6;262
7;2025-11-23;7;434
7;2025-11-23;8;667
7;2025-11-23;9;768
7;2025-11-23;10;771
7;2025-11-23;11;1060
7;2025-11-23;12;941
7;2025-11-23;13;1041
7;2025-11-23;14;1132
7;2025-11-23;15;1141
7;2025-11-23;16;970
7;2025-11-23;17;1102
7;2025-11-23;18;1061
7;2025-11-23;19;1009
7;2025-11-23;20;821
7;2025-11-23;21;574
7;2025-11-23;22;329
7;2025-11-23;23;232
7;2025-11-24;0;53
7;2025-11-24;1;8
7;2025-11-24;2;0
7;2025-11-24;3;0
7;2025-11-24;4;1
7;2025-11-24;5;189
7;2025-11-24;6;629
7;2025-11-24;7;1771
7;2025-11-24;8;2783
7;2025-11-24;9;1836
7;2025-11-24;10;1618
7;2025-11-24;11;1481
7;2025-11-24;12;1518
7;2025-11-24;13;1582
7;2025-11-24;14;1571
7;2025-11-24;15;1761
7;2025-11-24;16;1851
7;2025-11-24;17;2762
7;2025-11-24;18;2711
7;2025-11-24;19;1891
7;2025-11-24;20;1071
7;2025-11-24;21;615
7;2025-11-24;22;300
7;2025-11-24;23;138
7;2025-11-25;0;68
7;2025-11-25;1;14
7;2025-11-25;2;0
7;2025-11-25;3;0
7;2025-11-25;4;2
7;2025-11-25;5;181
7;2025-11-25;6;605
7;2025-11-25;7;1698
7;2025-11-25;8;2601
7;2025-11-25;9;1965
7;2025-11-25;10;1739
7;2025-11-25;11;1654
7;2025-11-25;12;1870
7;2025-11-25;13;1673
7;2025-11-25;14;1824
7;2025-11-25;15;1916
7;2025-11-25;16;1957
7;2025-11-25;17;2455
7;2025-11-25;18;2690
7;2025-11-25;19;1644
7;2025-11-25;20;1066
7;2025-11-25;21;656
7;2025-11-25;22;305
7;2025-11-25;23;229
7;2025-11-26;0;65
7;2025-11-26;1;13
7;2025-11-26;2;0
7;2025-11-26;3;0
7;2025-11-26;4;1
7;2025-11-26;5;173
7;2025-11-26;6;579
7;2025-11-26;7;1625
7;2025-11-26;8;2489
7;2025-11-26;9;1881
7;2025-11-26;10;1664
7;2025-11-26;11;1583
7;2025-11-26;12;1789
7;2025-11-26;13;1601
7;2025-11-26;14;1745
7;2025-11-26;15;1833
7;2025-11-26;16;1873
7;2025-11-26;17;2349
7;2025-11-26;18;2574
7;2025-11-26;19;1573
7;2025-11-26;20;1020
7;2025-11-26;21;627
7;2025-11-26;22;292
7;2025-11-26;23;219
7;2025-11-27;0;68
7;2025-11-27;1;14
7;2025-11-27;2;0
7;2025-11-27;3;0
7;2025-11-27;4;2
7;2025-11-27;5;181
7;2025-11-27;6;605
7;2025-11-27;7;1698
7;2025-11-27;8;2601
7;2025-11-27;9;1965
7;2025-11-27;10;1739
7;2025-11-27;11;1654
7;2025-11-27;12;1870
7;2025-11-27;13;1673
7;2025-11-27;14;1824
7;2025-11-27;15;1916
7;2025-11-27;16;1957
7;2025-11-27;17;2455
7;2025-11-27;18;2690
7;2025-11-27;19;1644
7;2025-11-27;20;1066
7;2025-11-27;21;656
7;2025-11-27;22;305
7;2025-11-27;23;229
7;2025-11-28;0;80
7;2025-11-28;1;16
7;2025-11-28;2;1
7;2025-11-28;3;0
7;2025-11-28;4;3
7;2025-11-28;5;166
7;2025-11-28;6;594
7;2025-11-28;7;1516
7;2025-11-28;8;2211
7;2025-11-28;9;1761
7;2025-11-28;10;1728
7;2025-11-28;11;1602
7;2025-11-28;12;1626
7;2025-11-28;13;1632
7;2025-11-28;14;1712
7;2025-11-28;15;1907
7;2025-11-28;16;2172
7;2025-11-28;17;2309
7;2025-11-28;18;2004
7;2025-11-28;19;1297
7;2025-11-28;20;972
7;2025-11-28;21;597
7;2025-11-28;22;286
7;2025-11-28;23;258
7;2025-11-29;0;125
7;2025-11-29;1;34
7;2025-11-29;2;0
7;2025-11-29;3;0
7;2025-11-29;4;3
7;2025-11-29;5;100
7;2025-11-29;6;417
7;2025-11-29;7;678
7;2025-11-29;8;911
7;2025-11-29;9;962
7;2025-11-29;10;986
7;2025-11-29;11;1103
7;2025-11-29;12;1164
7;2025-11-29;13;1250
7;2025-11-29;14;1303
7;2025-11-29;15;1283
7;2025-11-29;16;1154
7;2025-11-29;17;1049
7;2025-11-29;18;1347
7;2025-11-29;19;1260
7;2025-11-29;20;960
7;2025-11-29;21;748
7;2025-11-29;22;427
7;2025-11-29;23;294
7;2025-11-30;0;118
7;2025-11-30;1;3
7;2025-11-30;2;0
7;2025-11-30;3;0
7;2025-11-30;4;3
7;2025-11-30;5;54
7;2025-11-30;6;262
7;2025-11-30;7;434
7;2025-11-30;8;667
7;2025-11-30;9;768
7;2025-11-30;10;771
7;2025-11-30;11;1060
7;2025-11-30;12;941
7;2025-11-30;13;1041
7;2025-11-30;14;1132
7;2025-11-30;15;1141
7;2025-11-30;16;970
7;2025-11-30;17;1102
7;2025-11-30;18;1061
7;2025-11-30;19;1009
7;2025-11-30;20;821
7;2025-11-30;21;574
7;2025-11-30;22;329
7;2025-11-30;23;232
7;2025-12-01;0;53
7;2025-12-01;1;8
7;2025-12-01;2;0
7;2025-12-01;3;0
7;2025-12-01;4;1
7;2025-12-01;5;190
7;2025-12-01;6;631
7;2025-12-01;7;1777
7;2025-12-01;8;2792
7;2025-12-01;9;1841
7;2025-12-01;10;1623
7;2025-12-01;11;1486
7;2025-12-01;12;1523
7;2025-12-01;13;1587
7;2025-12-01;14;1576
7;2025-12-01;15;1766
7;2025-12-01;16;1857
7;2025-12-01;17;2770
7;2025-12-01;18;2719
7;2025-12-01;19;1896
7;2025-12-01;20;1074
7;2025-12-01;21;617
7;2025-12-01;22;301
7;2025-12-01;23;139
7;2025-12-02;0;68
7;2025-12-02;1;14
7;2025-12-02;2;0
7;2025-12-02;3;0
7;2025-12-02;4;2
7;2025-12-02;5;181
7;2025-12-02;6;605
7;2025-12-02;7;1698
7;2025-12-02;8;2601
7;2025-12-02;9;1965
7;2025-12-02;10;1739
7;2025-12-02;11;1654
7;2025-12-02;12;1870
7;2025-12-02;13;1673
7;2025-12-02;14;1824
7;2025-12-02;15;1916
7;2025-12-02;16;1957
7;2025-12-02;17;2455
7;2025-12-02;18;2690
7;2025-12-02;19;1644
7;2025-12-02;20;1066
7;2025-12-02;21;656
7;2025-12-02;22;305
7;2025-12-02;23;229
7;2025-12-03;0;68
7;2025-12-03;1;14
7;2025-12-03;2;0
7;2025-12-03;3;0
7;2025-12-03;4;2
7;2025-12-03;5;181
7;2025-12-03;6;605
7;2025-12-03;7;1698
7;2025-12-03;8;2601
7;2025-12-03;9;1965
7;2025-12-03;10;1739
7;2025-12-03;11;1654
7;2025-12-03;12;1870
7;2025-12-03;13;1673
7;2025-12-03;14;1824
7;2025-12-03;15;1916
7;2025-12-03;16;1957
7;2025-12-03;17;2455
7;2025-12-03;18;2690
7;2025-12-03;19;1644
7;2025-12-03;20;1066
7;2025-12-03;21;656
7;2025-12-03;22;305
7;2025-12-03;23;229
7;2025-12-04;0;68
7;2025-12-04;1;14
7;2025-12-04;2;0
7;2025-12-04;3;0
7;2025-12-04;4;2
7;2025-12-04;5;181
7;2025-12-04;6;605
7;2025-12-04;7;1698
7;2025-12-04;8;2601
7;2025-12-04;9;1965
7;2025-12-04;10;1739
7;2025-12-04;11;1654
7;2025-12-04;12;1870
7;2025-12-04;13;1673
7;2025-12-04;14;1824
7;2025-12-04;15;1916
7;2025-12-04;16;1957
7;2025-12-04;17;2455
7;2025-12-04;18;2690
7;2025-12-04;19;1644
7;2025-12-04;20;1066
7;2025-12-04;21;656
7;2025-12-04;22;305
7;2025-12-04;23;229
7;2025-12-05;0;80
7;2025-12-05;1;16
7;2025-12-05;2;1
7;2025-12-05;3;0
7;2025-12-05;4;3
7;2025-12-05;5;166
7;2025-12-05;6;594
7;2025-12-05;7;1516
7;2025-12-05;8;2211
7;2025-12-05;9;1761
7;2025-12-05;10;1728
7;2025-12-05;11;1602
7;2025-12-05;12;1626
7;2025-12-05;13;1632
7;2025-12-05;14;1712
7;2025-12-05;15;1907
7;2025-12-05;16;2172
7;2025-12-05;17;2309
7;2025-12-05;18;2004
7;2025-12-05;19;1297
7;2025-12-05;20;972
7;2025-12-05;21;597
7;2025-12-05;22;286
7;2025-12-05;23;258
7;2025-12-06;0;125
7;2025-12-06;1;34
7;2025-12-06;2;0
7;2025-12-06;3;0
7;2025-12-06;4;3
7;2025-12-06;5;100
7;2025-12-06;6;417
7;2025-12-06;7;678
7;2025-12-06;8;911
7;2025-12-06;9;962
7;2025-12-06;10;986
7;2025-12-06;11;1103
7;2025-12-06;12;1164
7;2025-12-06;13;1250
7;2025-12-06;14;1303
7;2025-12-06;15;1283
7;2025-12-06;16;1154
7;2025-12-06;17;1049
7;2025-12-06;18;1347
7;2025-12-06;19;1260
7;2025-12-06;20;960
7;2025-12-06;21;748
7;2025-12-06;22;427
7;2025-12-06;23;294
7;2025-12-07;0;118
7;2025-12-07;1;3
7;2025-12-07;2;0
7;2025-12-07;3;0
7;2025-12-07;4;3
7;2025-12-07;5;54
7;2025-12-07;6;262
7;2025-12-07;7;434
7;2025-12-07;8;667
7;2025-12-07;9;768
7;2025-12-07;10;771
7;2025-12-07;11;1060
7;2025-12-07;12;941
7;2025-12-07;13;1041
7;2025-12-07;14;1132
7;2025-12-07;15;1141
7;2025-12-07;16;970
7;2025-12-07;17;1102
7;2025-12-07;18;1061
7;2025-12-07;19;1009
7;2025-12-07;20;821
7;2025-12-07;21;574
7;2025-12-07;22;329
7;2025-12-07;23;232
7;2025-12-08;0;53
7;2025-12-08;1;8
7;2025-12-08;2;0
7;2025-12-08;3;0
7;2025-12-08;4;1
7;2025-12-08;5;190
7;2025-12-08;6;631
7;2025-12-08;7;1777
7;2025-12-08;8;2792
7;2025-12-08;9;1841
7;2025-12-08;10;1623
7;2025-12-08;11;1486
7;2025-12-08;12;1523
7;2025-12-08;13;1587
7;2025-12-08;14;1576
7;2025-12-08;15;1766
7;2025-12-08;16;1857
7;2025-12-08;17;2770
7;2025-12-08;18;2719
7;2025-12-08;19;1896
7;2025-12-08;20;1074
7;2025-12-08;21;617
7;2025-12-08;22;301
7;2025-12-08;23;139
7;2025-12-09;0;68
7;2025-12-09;1;14
7;2025-12-09;2;0
7;2025-12-09;3;0
7;2025-12-09;4;2
7;2025-12-09;5;181
7;2025-12-09;6;605
7;2025-12-09;7;1698
7;2025-12-09;8;2601
7;2025-12-09;9;1965
7;2025-12-09;10;1739
7;2025-12-09;11;1654
7;2025-12-09;12;1870
7;2025-12-09;13;1673
7;2025-12-09;14;1824
7;2025-12-09;15;1916
7;2025-12-09;16;1957
7;2025-12-09;17;2455
7;2025-12-09;18;2690
7;2025-12-09;19;1644
7;2025-12-09;20;1066
7;2025-12-09;21;656
7;2025-12-09;22;305
7;2025-12-09;23;229
7;2025-12-10;0;67
7;2025-12-10;1;13
7;2025-12-10;2;0
7;2025-12-10;3;0
7;2025-12-10;4;1
7;2025-12-10;5;178
7;2025-12-10;6;596
7;2025-12-10;7;1671
7;2025-12-10;8;2559
7;2025-12-10;9;1934
7;2025-12-10;10;1711
7;2025-12-10;11;1628
7;2025-12-10;12;1840
7;2025-12-10;13;1646
7;2025-12-10;14;1795
7;2025-12-10;15;1885
7;2025-12-10;16;1926
7;2025-12-10;17;2415
7;2025-12-10;18;2647
7;2025-12-10;19;1618
7;2025-12-10;20;1049
7;2025-12-10;21;645
7;2025-12-10;22;300
7;2025-12-10;23;225
7;2025-12-11;0;68
7;2025-12-11;1;14
7;2025-12-11;2;0
7;2025-12-11;3;0
7;2025-12-11;4;2
7;2025-12-11;5;181
7;2025-12-11;6;605
7;2025-12-11;7;1698
7;2025-12-11;8;2601
7;2025-12-11;9;1965
7;2025-12-11;10;1739
7;2025-12-11;11;1654
7;2025-12-11;12;1870
7;2025-12-11;13;1673
7;2025-12-11;14;1824
7;2025-12-11;15;1916
7;2025-12-11;16;1957
7;2025-12-11;17;2455
7;2025-12-11;18;2690
7;2025-12-11;19;1644
7;2025-12-11;20;1066
7;2025-12-11;21;656
7;2025-12-11;22;305
7;2025-12-11;23;229
7;2025-12-12;0;78
7;2025-12-12;1;15
7;2025-12-12;2;0
7;2025-12-12;3;0
7;2025-12-12;4;2
7;2025-12-12;5;162
7;2025-12-12;6;580
7;2025-12-12;7;1480
7;2025-12-12;8;2158
7;2025-12-12;9;1719
7;2025-12-12;10;1687
7;2025-12-12;11;1563
7;2025-12-12;12;1587
7;2025-12-12;13;1593
7;2025-12-12;14;1671
7;2025-12-12;15;1862
7;2025-12-12;16;2120
7;2025-12-12;17;2253
7;2025-12-12;18;1955
7;2025-12-12;19;1266
7;2025-12-12;20;948
7;2025-12-12;21;583
7;2025-12-12;22;279
7;2025-12-12;23;252
7;2025-12-13;0;124
7;2025-12-13;1;34
7;2025-12-13;2;0
7;2025-12-13;3;0
7;2025-12-13;4;3
7;2025-12-13;5;98
7;2025-12-13;6;412
7;2025-12-13;7;669
7;2025-12-13;8;898
7;2025-12-13;9;949
7;2025-12-13;10;973
7;2025-12-13;11;1088
7;2025-12-13;12;1148
7;2025-12-13;13;1233
7;2025-12-13;14;1285
7;2025-12-13;15;1265
7;2025-12-13;16;1138
7;2025-12-13;17;1035
7;2025-12-13;18;1329
7;2025-12-13;19;1242
7;2025-12-13;20;947
7;2025-12-13;21;737
7;2025-12-13;22;421
7;2025-12-13;23;290
7;2025-12-14;0;118
7;2025-12-14;1;3
7;2025-12-14;2;0
7;2025-12-14;3;0
7;2025-12-14;4;3
7;2025-12-14;5;53
7;2025-12-14;6;261
7;2025-12-14;7;433
7;2025-12-14;8;665
7;2025-12-14;9;766
7;2025-12-14;10;769
7;2025-12-14;11;1057
7;2025-12-14;12;938
7;2025-12-14;13;1038
7;2025-12-14;14;1128
7;2025-12-14;15;1137
7;2025-12-14;16;967
7;2025-12-14;17;1098
7;2025-12-14;18;1058
7;2025-12-14;19;1006
7;2025-12-14;20;818
7;2025-12-14;21;572
7;2025-12-14;22;328
7;2025-12-14;23;231
7;2025-12-15;0;53
7;2025-12-15;1;8
7;2025-12-15;2;0
7;2025-12-15;3;0
7;2025-12-15;4;1
7;2025-12-15;5;189
7;2025-12-15;6;629
7;2025-12-15;7;1771
7;2025-12-15;8;2783
7;2025-12-15;9;1836
7;2025-12-15;10;1618
7;2025-12-15;11;1481
7;2025-12-15;12;1518
7;2025-12-15;13;1582
7;2025-12-15;14;1571
7;2025-12-15;15;1761
7;2025-12-15;16;1851
7;2025-12-15;17;2762
7;2025-12-15;18;2711
7;2025-12-15;19;1891
7;2025-12-15;20;1071
7;2025-12-15;21;615
7;2025-12-15;22;300
7;2025-12-15;23;138
7;2025-12-16;0;66
7;2025-12-16;1;13
7;2025-12-16;2;0
7;2025-12-16;3;0
7;2025-12-16;4;1
7;2025-12-16;5;176
7;2025-12-16;6;588
7;2025-12-16;7;1648
7;2025-12-16;8;2525
7;2025-12-16;9;1908
7;2025-12-16;10;1688
7;2025-12-16;11;1606
7;2025-12-16;12;1815
7;2025-12-16;13;1624
7;2025-12-16;14;1771
7;2025-12-16;15;1860
7;2025-12-16;16;1900
7;2025-12-16;17;2383
7;2025-12-16;18;2611
7;2025-12-16;19;1596
7;2025-12-16;20;1035
7;2025-12-16;21;636
7;2025-12-16;22;296
7;2025-12-16;23;222
7;2025-12-17;0;68
7;2025-12-17;1;14
7;2025-12-17;2;0
7;2025-12-17;3;0
7;2025-12-17;4;2
7;2025-12-17;5;181
7;2025-12-17;6;605
7;2025-12-17;7;1698
7;2025-12-17;8;2601
7;2025-12-17;9;1965
7;2025-12-17;10;1739
7;2025-12-17;11;1654
7;2025-12-17;12;1870
7;2025-12-17;13;1673
7;2025-12-17;14;1824
7;2025-12-17;15;1916
7;2025-12-17;16;1957
7;2025-12-17;17;2455
7;2025-12-17;18;2690
7;2025-12-17;19;1644
7;2025-12-17;20;1066
7;2025-12-17;21;656
7;2025-12-17;22;305
7;2025-12-17;23;229
7;2025-12-18;0;68
7;2025-12-18;1;14
7;2025-12-18;2;0
7;2025-12-18;3;0
7;2025-12-18;4;2
7;2025-12-18;5;181
7;2025-12-18;6;605
7;2025-12-18;7;1698
7;2025-12-18;8;2601
7;2025-12-18;9;1965
7;2025-12-18;10;1739
7;2025-12-18;11;1654
7;2025-12-18;12;1870
7;2025-12-18;13;1673
7;2025-12-18;14;1824
7;2025-12-18;15;1916
7;2025-12-18;16;1957
7;2025-12-18;17;2455
7;2025-12-18;18;2690
7;2025-12-18;19;1644
7;2025-12-18;20;1066
7;2025-12-18;21;656
7;2025-12-18;22;305
7;2025-12-18;23;229
7;2025-12-19;0;80
7;2025-12-19;1;16
7;2025-12-19;2;1
7;2025-12-19;3;0
7;2025-12-19;4;3
7;2025-12-19;5;166
7;2025-12-19;6;594
7;2025-12-19;7;1516
7;2025-12-19;8;2211
7;2025-12-19;9;1761
7;2025-12-19;10;1728
7;2025-12-19;11;1602
7;2025-12-19;12;1626
7;2025-12-19;13;1632
7;2025-12-19;14;1712
7;2025-12-19;15;1907
7;2025-12-19;16;2172
7;2025-12-19;17;2309
7;2025-12-19;18;2004
7;2025-12-19;19;1297
7;2025-12-19;20;972
7;2025-12-19;21;597
7;2025-12-19;22;286
7;2025-12-19;23;258
7;2025-12-20;0;125
7;2025-12-20;1;34
7;2025-12-20;2;0
7;2025-12-20;3;0
7;2025-12-20;4;3
7;2025-12-20;5;100
7;2025-12-20;6;417
7;2025-12-20;7;678
7;2025-12-20;8;911
7;2025-12-20;9;962
7;2025-12-20;10;986
7;2025-12-20;11;1103
7;2025-12-20;12;1164
7;2025-12-20;13;1250
7;2025-12-20;14;1303
7;2025-12-20;15;1283
7;2025-12-20;16;1154
7;2025-12-20;17;1049
7;2025-12-20;18;1347
7;2025-12-20;19;1260
7;2025-12-20;20;960
7;2025-12-20;21;748
7;2025-12-20;22;427
7;2025-12-20;23;294
7;2025-12-21;0;117
7;2025-12-21;1;3
7;2025-12-21;2;0
7;2025-12-21;3;0
7;2025-12-21;4;3
7;2025-12-21;5;53
7;2025-12-21;6;261
7;2025-12-21;7;432
7;2025-12-21;8;663
7;2025-12-21;9;763
7;2025-12-21;10;767
7;2025-12-21;11;1054
7;2025-12-21;12;935
7;2025-12-21;13;1035
7;2025-12-21;14;1125
7;2025-12-21;15;1134
7;2025-12-21;16;964
7;2025-12-21;17;1095
7;2025-12-21;18;1055
7;2025-12-21;19;1003
7;2025-12-21;20;816
7;2025-12-21;21;570
7;2025-12-21;22;327
7;2025-12-21;23;230
7;2025-12-22;0;52
7;2025-12-22;1;8
7;2025-12-22;2;0
7;2025-12-22;3;0
7;2025-12-22;4;1
7;2025-12-22;5;188
7;2025-12-22;6;624
7;2025-12-22;7;1756
7;2025-12-22;8;2760
7;2025-12-22;9;1821
7;2025-12-22;10;1605
7;2025-12-22;11;1469
7;2025-12-22;12;1506
7;2025-12-22;13;1569
7;2025-12-22;14;1558
7;2025-12-22;15;1746
7;2025-12-22;16;1836
7;2025-12-22;17;2739
7;2025-12-22;18;2689
7;2025-12-22;19;1875
7;2025-12-22;20;1062
7;2025-12-22;21;610
7;2025-12-22;22;298
7;2025-12-22;23;137
7;2025-12-23;0;68
7;2025-12-23;1;14
7;2025-12-23;2;0
7;2025-12-23;3;0
7;2025-12-23;4;2
7;2025-12-23;5;181
7;2025-12-23;6;605
7;2025-12-23;7;1698
7;2025-12-23;8;2601
7;2025-12-23;9;1965
7;2025-12-23;10;1739
7;2025-12-23;11;1654
7;2025-12-23;12;1870
7;2025-12-23;13;1673
7;2025-12-23;14;1824
7;2025-12-23;15;1916
7;2025-12-23;16;1957
7;2025-12-23;17;2455
7;2025-12-23;18;2690
7;2025-12-23;19;1644
7;2025-12-23;20;1066
7;2025-12-23;21;656
7;2025-12-23;22;305
7;2025-12-23;23;229
7;2025-12-24;0;67
7;2025-12-24;1;13
7;2025-12-24;2;0
7;2025-12-24;3;0
7;2025-12-24;4;1
7;2025-12-24;5;178
7;2025-12-24;6;596
7;2025-12-24;7;1671
7;2025-12-24;8;2559
7;2025-12-24;9;1934
7;2025-12-24;10;1711
7;2025-12-24;11;1628
7;2025-12-24;12;1840
7;2025-12-24;13;1646
7;2025-12-24;14;1795
7;2025-12-24;15;1885
7;2025-12-24;16;1926
7;2025-12-24;17;2415
7;2025-12-24;18;2647
7;2025-12-24;19;1618
7;2025-12-24;20;1049
7;2025-12-24;21;645
7;2025-12-24;22;300
7;2025-12-24;23;225
7;2025-12-25;0;65
7;2025-12-25;1;13
7;2025-12-25;2;0
7;2025-12-25;3;0
7;2025-12-25;4;1
7;2025-12-25;5;175
7;2025-12-25;6;585
7;2025-12-25;7;1640
7;2025-12-25;8;2512
7;2025-12-25;9;1899
7;2025-12-25;10;1680
7;2025-12-25;11;1598
7;2025-12-25;12;1806
7;2025-12-25;13;1616
7;2025-12-25;14;1762
7;2025-12-25;15;1851
7;2025-12-25;16;1891
7;2025-12-25;17;2371
7;2025-12-25;18;2598
7;2025-12-25;19;1588
7;2025-12-25;20;1030
7;2025-12-25;21;633
7;2025-12-25;22;295
7;2025-12-25;23;221
7;2025-12-26;0;75
7;2025-12-26;1;15
7;2025-12-26;2;0
7;2025-12-26;3;0
7;2025-12-26;4;2
7;2025-12-26;5;155
7;2025-12-26;6;556
7;2025-12-26;7;1420
7;2025-12-26;8;2071
7;2025-12-26;9;1649
7;2025-12-26;10;1619
7;2025-12-26;11;1500
7;2025-12-26;12;1523
7;2025-12-26;13;1529
7;2025-12-26;14;1604
7;2025-12-26;15;1787
7;2025-12-26;16;2034
7;2025-12-26;17;2163
7;2025-12-26;18;1877
7;2025-12-26;19;1215
7;2025-12-26;20;910
7;2025-12-26;21;560
7;2025-12-26;22;268
7;2025-12-26;23;242
7;2025-12-27;0;125
7;2025-12-27;1;34
7;2025-12-27;2;0
7;2025-12-27;3;0
7;2025-12-27;4;3
7;2025-12-27;5;99
7;2025-12-27;6;415
7;2025-12-27;7;674
7;2025-12-27;8;905
7;2025-12-27;9;957
7;2025-12-27;10;980
7;2025-12-27;11;1097
7;2025-12-27;12;1157
7;2025-12-27;13;1243
7;2025-12-27;14;1295
7;2025-12-27;15;1275
7;2025-12-27;16;1147
7;2025-12-27;17;1043
7;2025-12-27;18;1339
7;2025-12-27;19;1252
7;2025-12-27;20;955
7;2025-12-27;21;743
7;2025-12-27;22;424
7;2025-12-27;23;292
7;2025-12-28;0;114
7;2025-12-28;1;3
7;2025-12-28;2;0
7;2025-12-28;3;0
7;2025-12-28;4;3
7;2025-12-28;5;52
7;2025-12-28;6;253
7;2025-12-28;7;419
7;2025-12-28;8;644
7;2025-12-28;9;741
7;2025-12-28;10;744
7;2025-12-28;11;1023
7;2025-12-28;12;907
7;2025-12-28;13;1004
7;2025-12-28;14;1092
7;2025-12-28;15;1100
7;2025-12-28;16;935
7;2025-12-28;17;1063
7;2025-12-28;18;1023
7;2025-12-28;19;973
7;2025-12-28;20;792
7;2025-12-28;21;553
7;2025-12-28;22;317
7;2025-12-28;23;223
7;2025-12-29;0;46
7;2025-12-29;1;7
7;2025-12-29;2;0
7;2025-12-29;3;0
7;2025-12-29;4;1
7;2025-12-29;5;165
7;2025-12-29;6;549
7;2025-12-29;7;1545
7;2025-12-29;8;2427
7;2025-12-29;9;1601
7;2025-12-29;10;1411
7;2025-12-29;11;1292
7;2025-12-29;12;1324
7;2025-12-29;13;1380
7;2025-12-29;14;1370
7;2025-12-29;15;1535
7;2025-12-29;16;1615
7;2025-12-29;17;2409
7;2025-12-29;18;2364
7;2025-12-29;19;1649
7;2025-12-29;20;934
7;2025-12-29;21;536
7;2025-12-29;22;262
7;2025-12-29;23;120
7;2025-12-30;0;56
7;2025-12-30;1;11
7;2025-12-30;2;0
7;2025-12-30;3;0
7;2025-12-30;4;1
7;2025-12-30;5;151
7;2025-12-30;6;504
7;2025-12-30;7;1414
7;2025-12-30;8;2166
7;2025-12-30;9;1637
7;2025-12-30;10;1448
7;2025-12-30;11;1378
7;2025-12-30;12;1557
7;2025-12-30;13;1393
7;2025-12-30;14;1519
7;2025-12-30;15;1596
7;2025-12-30;16;1630
7;2025-12-30;17;2044
7;2025-12-30;18;2240
7;2025-12-30;19;1369
7;2025-12-30;20;888
7;2025-12-30;21;546
7;2025-12-30;22;254
7;2025-12-30;23;190
7;2025-12-31;0;104
7;2025-12-31;1;3
7;2025-12-31;2;0
7;2025-12-31;3;0
7;2025-12-31;4;2
7;2025-12-31;5;47
7;2025-12-31;6;232
7;2025-12-31;7;385
7;2025-12-31;8;591
7;2025-12-31;9;680
7;2025-12-31;10;683
7;2025-12-31;11;939
7;2025-12-31;12;833
7;2025-12-31;13;922
7;2025-12-31;14;1003
7;2025-12-31;15;1011
7;2025-12-31;16;859
7;2025-12-31;17;878
7;2025-12-31;18;783
7;2025-12-31;19;685
7;2025-12-31;20;509
7;2025-12-31;21;292
7;2025-12-31;22;131
7;2025-12-31;23;92
11;2025-11-01;0;85
11;2025-11-01;1;1
11;2025-11-01;2;0
11;2025-11-01;3;0
11;2025-11-01;4;0
11;2025-11-01;5;232
11;2025-11-01;6;1063
11;2025-11-01;7;1653
11;2025-11-01;8;2267
11;2025-11-01;9;1703
11;2025-11-01;10;1591
11;2025-11-01;11;1722
11;2025-11-01;12;1917
11;2025-11-01;13;1880
11;2025-11-01;14;2137
11;2025-11-01;15;2053
11;2025-11-01;16;2036
11;2025-11-01;17;2403
11;2025-11-01;18;2045
11;2025-11-01;19;1672
11;2025-11-01;20;1128
11;2025-11-01;21;795
11;2025-11-01;22;406
11;2025-11-01;23;296
11;2025-11-02;0;111
11;2025-11-02;1;15
11;2025-11-02;2;0
11;2025-11-02;3;0
11;2025-11-02;4;0
11;2025-11-02;5;105
11;2025-11-02;6;485
11;2025-11-02;7;479
11;2025-11-02;8;673
11;2025-11-02;9;915
11;2025-11-02;10;1017
11;2025-11-02;11;1488
11;2025-11-02;12;1567
11;2025-11-02;13;1515
11;2025-11-02;14;1617
11;2025-11-02;15;1576
11;2025-11-02;16;1495
11;2025-11-02;17;1660
11;2025-11-02;18;1215
11;2025-11-02;19;984
11;2025-11-02;20;751
11;2025-11-02;21;579
11;2025-11-02;22;339
11;2025-11-02;23;235
11;2025-11-03;0;93
11;2025-11-03;1;13
11;2025-11-03;2;0
11;2025-11-03;3;0
11;2025-11-03;4;0
11;2025-11-03;5;88
11;2025-11-03;6;407
11;2025-11-03;7;402
11;2025-11-03;8;566
11;2025-11-03;9;769
11;2025-11-03;10;854
11;2025-11-03;11;1250
11;2025-11-03;12;1316
11;2025-11-03;13;1272
11;2025-11-03;14;1358
11;2025-11-03;15;1324
11;2025-11-03;16;1256
11;2025-11-03;17;1395
11;2025-11-03;18;1021
11;2025-11-03;19;826
11;2025-11-03;20;631
11;2025-11-03;21;486
11;2025-11-03;22;285
11;2025-11-03;23;198
11;2025-11-04;0;91
11;2025-11-04;1;12
11;2025-11-04;2;0
11;2025-11-04;3;0
11;2025-11-04;4;0
11;2025-11-04;5;86
11;2025-11-04;6;398
11;2025-11-04;7;393
11;2025-11-04;8;552
11;2025-11-04;9;751
11;2025-11-04;10;834
11;2025-11-04;11;1220
11;2025-11-04;12;1285
11;2025-11-04;13;1243
11;2025-11-04;14;1326
11;2025-11-04;15;1293
11;2025-11-04;16;1227
11;2025-11-04;17;1362
11;2025-11-04;18;997
11;2025-11-04;19;807
11;2025-11-04;20;616
11;2025-11-04;21;475
11;2025-11-04;22;278
11;2025-11-04;23;193
11;2025-11-05;0;55
11;2025-11-05;1;0
11;2025-11-05;2;0
11;2025-11-05;3;0
11;2025-11-05;4;0
11;2025-11-05;5;239
11;2025-11-05;6;1303
11;2025-11-05;7;2641
11;2025-11-05;8;3301
11;2025-11-05;9;2452
11;2025-11-05;10;2125
11;2025-11-05;11;1868
11;2025-11-05;12;2010
11;2025-11-05;13;2090
11;2025-11-05;14;2053
11;2025-11-05;15;1881
11;2025-11-05;16;2248
11;2025-11-05;17;2816
11;2025-11-05;18;3189
11;2025-11-05;19;2217
11;2025-11-05;20;1447
11;2025-11-05;21;804
11;2025-11-05;22;384
11;2025-11-05;23;260
11;2025-11-06;0;55
11;2025-11-06;1;0
11;2025-11-06;2;0
11;2025-11-06;3;0
11;2025-11-06;4;0
11;2025-11-06;5;239
11;2025-11-06;6;1303
11;2025-11-06;7;2641
11;2025-11-06;8;3301
11;2025-11-06;9;2452
11;2025-11-06;10;2125
11;2025-11-06;11;1868
11;2025-11-06;12;2010
11;2025-11-06;13;2090
11;2025-11-06;14;2053
11;2025-11-06;15;1881
11;2025-11-06;16;2248
11;2025-11-06;17;2816
11;2025-11-06;18;3189
11;2025-11-06;19;2217
11;2025-11-06;20;1447
11;2025-11-06;21;804
11;2025-11-06;22;384
11;2025-11-06;23;260
11;2025-11-07;0;61
11;2025-11-07;1;1
11;2025-11-07;2;0
11;2025-11-07;3;0
11;2025-11-07;4;0
11;2025-11-07;5;277
11;2025-11-07;6;1208
11;2025-11-07;7;2356
11;2025-11-07;8;3232
11;2025-11-07;9;2084
11;2025-11-07;10;1679
11;2025-11-07;11;1632
11;2025-11-07;12;1774
11;2025-11-07;13;1831
11;2025-11-07;14;2084
11;2025-11-07;15;2066
11;2025-11-07;16;2145
11;2025-11-07;17;2723
11;2025-11-07;18;2414
11;2025-11-07;19;1763
11;2025-11-07;20;1199
11;2025-11-07;21;825
11;2025-11-07;22;377
11;2025-11-07;23;295
11;2025-11-08;0;110
11;2025-11-08;1;1
11;2025-11-08;2;0
11;2025-11-08;3;0
11;2025-11-08;4;0
11;2025-11-08;5;171
11;2025-11-08;6;854
11;2025-11-08;7;778
11;2025-11-08;8;1067
11;2025-11-08;9;1195
11;2025-11-08;10;1424
11;2025-11-08;11;1756
11;2025-11-08;12;2003
11;2025-11-08;13;1859
11;2025-11-08;14;2110
11;2025-11-08;15;1954
11;2025-11-08;16;1829
11;2025-11-08;17;1938
11;2025-11-08;18;1538
11;2025-11-08;19;1499
11;2025-11-08;20;1000
11;2025-11-08;21;727
11;2025-11-08;22;424
11;2025-11-08;23;284
11;2025-11-09;0;112
11;2025-11-09;1;15
11;2025-11-09;2;0
11;2025-11-09;3;0
11;2025-11-09;4;0
11;2025-11-09;5;106
11;2025-11-09;6;489
11;2025-11-09;7;483
11;2025-11-09;8;679
11;2025-11-09;9;923
11;2025-11-09;10;1025
11;2025-11-09;11;1500
11;2025-11-09;12;1580
11;2025-11-09;13;1527
11;2025-11-09;14;1630
11;2025-11-09;15;1589
11;2025-11-09;16;1507
11;2025-11-09;17;1674
11;2025-11-09;18;1225
11;2025-11-09;19;992
11;2025-11-09;20;757
11;2025-11-09;21;583
11;2025-11-09;22;341
11;2025-11-09;23;237
11;2025-11-10;0;74
11;2025-11-10;1;8
11;2025-11-10;2;0
11;2025-11-10;3;0
11;2025-11-10;4;1
11;2025-11-10;5;228
11;2025-11-10;6;1331
11;2025-11-10;7;2287
11;2025-11-10;8;3193
11;2025-11-10;9;2401
11;2025-11-10;10;1939
11;2025-11-10;11;1810
11;2025-11-10;12;1777
11;2025-11-10;13;1819
11;2025-11-10;14;1843
11;2025-11-10;15;2022
11;2025-11-10;16;2203
11;2025-11-10;17;2691
11;2025-11-10;18;2866
11;2025-11-10;19;2032
11;2025-11-10;20;1190
11;2025-11-10;21;696
11;2025-11-10;22;283
11;2025-11-10;23;185
11;2025-11-11;0;55
11;2025-11-11;1;0
11;2025-11-11;2;0
11;2025-11-11;3;0
11;2025-11-11;4;0
11;2025-11-11;5;239
11;2025-11-11;6;1303
11;2025-11-11;7;2641
11;2025-11-11;8;3301
11;2025-11-11;9;2452
11;2025-11-11;10;2125
11;2025-11-11;11;1868
11;2025-11-11;12;2010
11;2025-11-11;13;2090
11;2025-11-11;14;2053
11;2025-11-11;15;1881
11;2025-11-11;16;2248
11;2025-11-11;17;2816
11;2025-11-11;18;3189
11;2025-11-11;19;2217
11;2025-11-11;20;1447
11;2025-11-11;21;804
11;2025-11-11;22;384
11;2025-11-11;23;260
11;2025-11-12;0;55
11;2025-11-12;1;0
11;2025-11-12;2;0
11;2025-11-12;3;0
11;2025-11-12;4;0
11;2025-11-12;5;239
11;2025-11-12;6;1303
11;2025-11-12;7;2641
11;2025-11-12;8;3301
11;2025-11-12;9;2452
11;2025-11-12;10;2125
11;2025-11-12;11;1868
11;2025-11-12;12;2010
11;2025-11-12;13;2090
11;2025-11-12;14;2053
11;2025-11-12;15;1881
11;2025-11-12;16;2248
11;2025-11-12;17;2816
11;2025-11-12;18;3189
11;2025-11-12;19;2217
11;2025-11-12;20;1447
11;2025-11-12;21;804
11;2025-11-12;22;384
11;2025-11-12;23;260
11;2025-11-13;0;55
11;2025-11-13;1;0
11;2025-11-13;2;0
11;2025-11-13;3;0
11;2025-11-13;4;0
11;2025-11-13;5;239
11;2025-11-13;6;1303
11;2025-11-13;7;2641
11;2025-11-13;8;3301
11;2025-11-13;9;2452
11;2025-11-13;10;2125
11;2025-11-13;11;1868
11;2025-11-13;12;2010
11;2025-11-13;13;2090
11;2025-11-13;14;2053
11;2025-11-13;15;1881
11;2025-11-13;16;2248
11;2025-11-13;17;2816
11;2025-11-13;18;3189
11;2025-11-13;19;2217
11;2025-11-13;20;1447
11;2025-11-13;21;804
11;2025-11-13;22;384
11;2025-11-13;23;260
11;2025-11-14;0;61
11;2025-11-14;1;1
11;2025-11-14;2;0
11;2025-11-14;3;0
11;2025-11-14;4;0
11;2025-11-14;5;277
11;2025-11-14;6;1208
11;2025-11-14;7;2356
11;2025-11-14;8;3232
11;2025-11-14;9;2084
11;2025-11-14;10;1679
11;2025-11-14;11;1632
11;2025-11-14;12;1774
11;2025-11-14;13;1831
11;2025-11-14;14;2084
11;2025-11-14;15;2066
11;2025-11-14;16;2145
11;2025-11-14;17;2723
11;2025-11-14;18;2414
11;2025-11-14;19;1763
11;2025-11-14;20;1199
11;2025-11-14;21;825
11;2025-11-14;22;377
11;2025-11-14;23;295
11;2025-11-15;0;101
11;2025-11-15;1;1
11;2025-11-15;2;0
11;2025-11-15;3;0
11;2025-11-15;4;0
11;2025-11-15;5;158
11;2025-11-15;6;785
11;2025-11-15;7;715
11;2025-11-15;8;981
11;2025-11-15;9;1099
11;2025-11-15;10;1310
11;2025-11-15;11;1614
11;2025-11-15;12;1842
11;2025-11-15;13;1709
11;2025-11-15;14;1940
11;2025-11-15;15;1796
11;2025-11-15;16;1682
11;2025-11-15;17;1782
11;2025-11-15;18;1414
11;2025-11-15;19;1378
11;2025-11-15;20;920
11;2025-11-15;21;668
11;2025-11-15;22;390
11;2025-11-15;23;261
11;2025-11-16;0;112
11;2025-11-16;1;15
11;2025-11-16;2;0
11;2025-11-16;3;0
11;2025-11-16;4;0
11;2025-11-16;5;106
11;2025-11-16;6;489
11;2025-11-16;7;483
11;2025-11-16;8;679
11;2025-11-16;9;923
11;2025-11-16;10;1025
11;2025-11-16;11;1500
11;2025-11-16;12;1580
11;2025-11-16;13;1527
11;2025-11-16;14;1630
11;2025-11-16;15;1589
11;2025-11-16;16;1507
11;2025-11-16;17;1674
11;2025-11-16;18;1225
11;2025-11-16;19;992
11;2025-11-16;20;757
11;2025-11-16;21;583
11;2025-11-16;22;341
11;2025-11-16;23;237
11;2025-11-17;0;71
11;2025-11-17;1;8
11;2025-11-17;2;0
11;2025-11-17;3;0
11;2025-11-17;4;1
11;2025-11-17;5;221
11;2025-11-17;6;1292
11;2025-11-17;7;2221
11;2025-11-17;8;3100
11;2025-11-17;9;2331
11;2025-11-17;10;1883
11;2025-11-17;11;1758
11;2025-11-17;12;1725
11;2025-11-17;13;1767
11;2025-11-17;14;1789
11;2025-11-17;15;1963
11;2025-11-17;16;2139
11;2025-11-17;17;2612
11;2025-11-17;18;2782
11;2025-11-17;19;1972
11;2025-11-17;20;1156
11;2025-11-17;21;675
11;2025-11-17;22;275
11;2025-11-17;23;179
11;2025-11-18;0;53
11;2025-11-18;1;0
11;2025-11-18;2;0
11;2025-11-18;3;0
11;2025-11-18;4;0
11;2025-11-18;5;232
11;2025-11-18;6;1265
11;2025-11-18;7;2564
11;2025-11-18;8;3205
11;2025-11-18;9;2381
11;2025-11-18;10;2063
11;2025-11-18;11;1814
11;2025-11-18;12;1952
11;2025-11-18;13;2029
11;2025-11-18;14;1993
11;2025-11-18;15;1827
11;2025-11-18;16;2183
11;2025-11-18;17;2734
11;2025-11-18;18;3097
11;2025-11-18;19;2153
11;2025-11-18;20;1405
11;2025-11-18;21;781
11;2025-11-18;22;373
11;2025-11-18;23;252
11;2025-11-19;0;53
11;2025-11-19;1;0
11;2025-11-19;2;0
11;2025-11-19;3;0
11;2025-11-19;4;0
11;2025-11-19;5;232
11;2025-11-19;6;1265
11;2025-11-19;7;2564
11;2025-11-19;8;3205
11;2025-11-19;9;2381
11;2025-11-19;10;2063
11;2025-11-19;11;1814
11;2025-11-19;12;1952
11;2025-11-19;13;2029
11;2025-11-19;14;1993
11;2025-11-19;15;1827
11;2025-11-19;16;2183
11;2025-11-19;17;2734
11;2025-11-19;18;3097
11;2025-11-19;19;2153
11;2025-11-19;20;1405
11;2025-11-19;21;781
11;2025-11-19;22;373
11;2025-11-19;23;252
11;2025-11-20;0;53
11;2025-11-20;1;0
11;2025-11-20;2;0
11;2025-11-20;3;0
11;2025-11-20;4;0
11;2025-11-20;5;232
11;2025-11-20;6;1265
11;2025-11-20;7;2564
11;2025-11-20;8;3205
11;2025-11-20;9;2381
11;2025-11-20;10;2063
11;2025-11-20;11;1814
11;2025-11-20;12;1952
11;2025-11-20;13;2029
11;2025-11-20;14;1993
11;2025-11-20;15;1827
11;2025-11-20;16;2183
11;2025-11-20;17;2734
11;2025-11-20;18;3097
11;2025-11-20;19;2153
11;2025-11-20;20;1405
11;2025-11-20;21;781
11;2025-11-20;22;373
11;2025-11-20;23;252
11;2025-11-21;0;59
11;2025-11-21;1;1
11;2025-11-21;2;0
11;2025-11-21;3;0
11;2025-11-21;4;0
11;2025-11-21;5;268
11;2025-11-21;6;1169
11;2025-11-21;7;2280
11;2025-11-21;8;3128
11;2025-11-21;9;2017
11;2025-11-21;10;1625
11;2025-11-21;11;1579
11;2025-11-21;12;1717
11;2025-11-21;13;1772
11;2025-11-21;14;2017
11;2025-11-21;15;2000
11;2025-11-21;16;2076
11;2025-11-21;17;2635
11;2025-11-21;18;2337
11;2025-11-21;19;1706
11;2025-11-21;20;1161
11;2025-11-21;21;799
11;2025-11-21;22;365
11;2025-11-21;23;285
11;2025-11-22;0;107
11;2025-11-22;1;1
11;2025-11-22;2;0
11;2025-11-22;3;0
11;2025-11-22;4;0
11;2025-11-22;5;167
11;2025-11-22;6;832
11;2025-11-22;7;757
11;2025-11-22;8;1039
11;2025-11-22;9;1164
11;2025-11-22;10;1387
11;2025-11-22;11;1710
11;2025-11-22;12;1951
11;2025-11-22;13;1811
11;2025-11-22;14;2055
11;2025-11-22;15;1903
11;2025-11-22;16;1781
11;2025-11-22;17;1888
11;2025-11-22;18;1498
11;2025-11-22;19;1460
11;2025-11-22;20;974
11;2025-11-22;21;708
11;2025-11-22;22;413
11;2025-11-22;23;277
11;2025-11-23;0;112
11;2025-11-23;1;15
11;2025-11-23;2;0
11;2025-11-23;3;0
11;2025-11-23;4;0
11;2025-11-23;5;106
11;2025-11-23;6;489
11;2025-11-23;7;483
11;2025-11-23;8;679
11;2025-11-23;9;923
11;2025-11-23;10;1025
11;2025-11-23;11;1500
11;2025-11-23;12;1580
11;2025-11-23;13;1527
11;2025-11-23;14;1630
11;2025-11-23;15;1589
11;2025-11-23;16;1507
11;2025-11-23;17;1674
11;2025-11-23;18;1225
11;2025-11-23;19;992
11;2025-11-23;20;757
11;2025-11-23;21;583
11;2025-11-23;22;341
11;2025-11-23;23;237
11;2025-11-24;0;73
11;2025-11-24;1;8
11;2025-11-24;2;0
11;2025-11-24;3;0
11;2025-11-24;4;1
11;2025-11-24;5;227
11;2025-11-24;6;1327
11;2025-11-24;7;2280
11;2025-11-24;8;3183
11;2025-11-24;9;2393
11;2025-11-24;10;1933
11;2025-11-24;11;1805
11;2025-11-24;12;1771
11;2025-11-24;13;1814
11;2025-11-24;14;1837
11;2025-11-24;15;2016
11;2025-11-24;16;2196
11;2025-11-24;17;2682
11;2025-11-24;18;2857
11;2025-11-24;19;2025
11;2025-11-24;20;1187
11;2025-11-24;21;693
11;2025-11-24;22;282
11;2025-11-24;23;184
11;2025-11-25;0;55
11;2025-11-25;1;0
11;2025-11-25;2;0
11;2025-11-25;3;0
11;2025-11-25;4;0
11;2025-11-25;5;239
11;2025-11-25;6;1303
11;2025-11-25;7;2641
11;2025-11-25;8;3301
11;2025-11-25;9;2452
11;2025-11-25;10;2125
11;2025-11-25;11;1868
11;2025-11-25;12;2010
11;2025-11-25;13;2090
11;2025-11-25;14;2053
11;2025-11-25;15;1881
11;2025-11-25;16;2248
11;2025-11-25;17;2816
11;2025-11-25;18;3189
11;2025-11-25;19;2217
11;2025-11-25;20;1447
11;2025-11-25;21;804
11;2025-11-25;22;384
11;2025-11-25;23;260
11;2025-11-26;0;52
11;2025-11-26;1;0
11;2025-11-26;2;0
11;2025-11-26;3;0
11;2025-11-26;4;0
11;2025-11-26;5;229
11;2025-11-26;6;1247
11;2025-11-26;7;2527
11;2025-11-26;8;3158
11;2025-11-26;9;2346
11;2025-11-26;10;2033
11;2025-11-26;11;1788
11;2025-11-26;12;1923
11;2025-11-26;13;1999
11;2025-11-26;14;1964
11;2025-11-26;15;1800
11;2025-11-26;16;2151
11;2025-11-26;17;2695
11;2025-11-26;18;3052
11;2025-11-26;19;2122
11;2025-11-26;20;1385
11;2025-11-26;21;769
11;2025-11-26;22;368
11;2025-11-26;23;248
11;2025-11-27;0;55
11;2025-11-27;1;0
11;2025-11-27;2;0
11;2025-11-27;3;0
11;2025-11-27;4;0
11;2025-11-27;5;239
11;2025-11-27;6;1303
11;2025-11-27;7;2641
11;2025-11-27;8;3301
11;2025-11-27;9;2452
11;2025-11-27;10;2125
11;2025-11-27;11;1868
11;2025-11-27;12;2010
11;2025-11-27;13;2090
11;2025-11-27;14;2053
11;2025-11-27;15;1881
11;2025-11-27;16;2248
11;2025-11-27;17;2816
11;2025-11-27;18;3189
11;2025-11-27;19;2217
11;2025-11-27;20;1447
11;2025-11-27;21;804
11;2025-11-27;22;384
11;2025-11-27;23;260
11;2025-11-28;0;61
11;2025-11-28;1;1
11;2025-11-28;2;0
11;2025-11-28;3;0
11;2025-11-28;4;0
11;2025-11-28;5;277
11;2025-11-28;6;1208
11;2025-11-28;7;2356
11;2025-11-28;8;3232
11;2025-11-28;9;2084
11;2025-11-28;10;1679
11;2025-11-28;11;1632
11;2025-11-28;12;1774
11;2025-11-28;13;1831
11;2025-11-28;14;2084
11;2025-11-28;15;2066
11;2025-11-28;16;2145
11;2025-11-28;17;2723
11;2025-11-28;18;2414
11;2025-11-28;19;1763
11;2025-11-28;20;1199
11;2025-11-28;21;825
11;2025-11-28;22;377
11;2025-11-28;23;295
11;2025-11-29;0;110
11;2025-11-29;1;1
11;2025-11-29;2;0
11;2025-11-29;3;0
11;2025-11-29;4;0
11;2025-11-29;5;171
11;2025-11-29;6;854
11;2025-11-29;7;778
11;2025-11-29;8;1067
11;2025-11-29;9;1195
11;2025-11-29;10;1424
11;2025-11-29;11;1756
11;2025-11-29;12;2003
11;2025-11-29;13;1859
11;2025-11-29;14;2110
11;2025-11-29;15;1954
11;2025-11-29;16;1829
11;2025-11-29;17;1938
11;2025-11-29;18;1538
11;2025-11-29;19;1499
11;2025-11-29;20;1000
11;2025-11-29;21;727
11;2025-11-29;22;424
11;2025-11-29;23;284
11;2025-11-30;0;112
11;2025-11-30;1;15
11;2025-11-30;2;0
11;2025-11-30;3;0
11;2025-11-30;4;0
11;2025-11-30;5;106
11;2025-11-30;6;489
11;2025-11-30;7;483
11;2025-11-30;8;679
11;2025-11-30;9;923
11;2025-11-30;10;1025
11;2025-11-30;11;1500
11;2025-11-30;12;1580
11;2025-11-30;13;1527
11;2025-11-30;14;1630
11;2025-11-30;15;1589
11;2025-11-30;16;1507
11;2025-11-30;17;1674
11;2025-11-30;18;1225
11;2025-11-30;19;992
11;2025-11-30;20;757
11;2025-11-30;21;583
11;2025-11-30;22;341
11;2025-11-30;23;237
11;2025-12-01;0;74
11;2025-12-01;1;8
11;2025-12-01;2;0
11;2025-12-01;3;0
11;2025-12-01;4;1
11;2025-12-01;5;228
11;2025-12-01;6;1331
11;2025-12-01;7;2287
11;2025-12-01;8;3193
11;2025-12-01;9;2401
11;2025-12-01;10;1939
11;2025-12-01;11;1810
11;2025-12-01;12;1777
11;2025-12-01;13;1819
11;2025-12-01;14;1843
11;2025-12-01;15;2022
11;2025-12-01;16;2203
11;2025-12-01;17;2691
11;2025-12-01;18;2866
11;2025-12-01;19;2032
11;2025-12-01;20;1190
11;2025-12-01;21;696
11;2025-12-01;22;283
11;2025-12-01;23;185
11;2025-12-02;0;55
11;2025-12-02;1;0
11;2025-12-02;2;0
11;2025-12-02;3;0
11;2025-12-02;4;0
11;2025-12-02;5;239
11;2025-12-02;6;1303
11;2025-12-02;7;2641
11;2025-12-02;8;3301
11;2025-12-02;9;2452
11;2025-12-02;10;2125
11;2025-12-02;11;1868
11;2025-12-02;12;2010
11;2025-12-02;13;2090
11;2025-12-02;14;2053
11;2025-12-02;15;1881
11;2025-12-02;16;2248
11;2025-12-02;17;2816
11;2025-12-02;18;3189
11;2025-12-02;19;2217
11;2025-12-02;20;1447
11;2025-12-02;21;804
11;2025-12-02;22;384
11;2025-12-02;23;260
11;2025-12-03;0;55
11;2025-12-03;1;0
11;2025-12-03;2;0
11;2025-12-03;3;0
11;2025-12-03;4;0
11;2025-12-03;5;239
11;2025-12-03;6;1303
11;2025-12-03;7;2641
11;2025-12-03;8;3301
11;2025-12-03;9;2452
11;2025-12-03;10;2125
11;2025-12-03;11;1868
11;2025-12-03;12;2010
11;2025-12-03;13;2090
11;2025-12-03;14;2053
11;2025-12-03;15;1881
11;2025-12-03;16;2248
11;2025-12-03;17;2816
11;2025-12-03;18;3189
11;2025-12-03;19;2217
11;2025-12-03;20;1447
11;2025-12-03;21;804
11;2025-12-03;22;384
11;2025-12-03;23;260
11;2025-12-04;0;55
11;2025-12-04;1;0
11;2025-12-04;2;0
11;2025-12-04;3;0
11;2025-12-04;4;0
11;2025-12-04;5;239
11;2025-12-04;6;1303
11;2025-12-04;7;2641
11;2025-12-04;8;3301
11;2025-12-04;9;2452
11;2025-12-04;10;2125
11;2025-12-04;11;1868
11;2025-12-04;12;2010
11;2025-12-04;13;2090
11;2025-12-04;14;2053
11;2025-12-04;15;1881
11;2025-12-04;16;2248
11;2025-12-04;17;2816
11;2025-12-04;18;3189
11;2025-12-04;19;2217
11;2025-12-04;20;1447
11;2025-12-04;21;804
11;2025-12-04;22;384
11;2025-12-04;23;260
11;2025-12-05;0;61
11;2025-12-05;1;1
11;2025-12-05;2;0
11;2025-12-05;3;0
11;2025-12-05;4;0
11;2025-12-05;5;277
11;2025-12-05;6;1208
11;2025-12-05;7;2356
11;2025-12-05;8;3232
11;2025-12-05;9;2084
11;2025-12-05;10;1679
11;2025-12-05;11;1632
11;2025-12-05;12;1774
11;2025-12-05;13;1831
11;2025-12-05;14;2084
11;2025-12-05;15;2066
11;2025-12-05;16;2145
11;2025-12-05;17;2723
11;2025-12-05;18;2414
11;2025-12-05;19;1763
11;2025-12-05;20;1199
11;2025-12-05;21;825
11;2025-12-05;22;377
11;2025-12-05;23;295
11;2025-12-06;0;110
11;2025-12-06;1;1
11;2025-12-06;2;0
11;2025-12-06;3;0
11;2025-12-06;4;0
11;2025-12-06;5;171
11;2025-12-06;6;854
11;2025-12-06;7;778
11;2025-12-06;8;1067
11;2025-12-06;9;1195
11;2025-12-06;10;1424
11;2025-12-06;11;1756
11;2025-12-06;12;2003
11;2025-12-06;13;1859
11;2025-12-06;14;2110
11;2025-12-06;15;1954
11;2025-12-06;16;1829
11;2025-12-06;17;1938
11;2025-12-06;18;1538
11;2025-12-06;19;1499
11;2025-12-06;20;1000
11;2025-12-06;21;727
11;2025-12-06;22;424
11;2025-12-06;23;284
11;2025-12-07;0;112
11;2025-12-07;1;15
11;2025-12-07;2;0
11;2025-12-07;3;0
11;2025-12-07;4;0
11;2025-12-07;5;106
11;2025-12-07;6;489
11;2025-12-07;7;483
11;2025-12-07;8;679
11;2025-12-07;9;923
11;2025-12-07;10;1025
11;2025-12-07;11;1500
11;2025-12-07;12;1580
11;2025-12-07;13;1527
11;2025-12-07;14;1630
11;2025-12-07;15;1589
11;2025-12-07;16;1507
11;2025-12-07;17;1674
11;2025-12-07;18;1225
11;2025-12-07;19;992
11;2025-12-07;20;757
11;2025-12-07;21;583
11;2025-12-07;22;341
11;2025-12-07;23;237
11;2025-12-08;0;74
11;2025-12-08;1;8
11;2025-12-08;2;0
11;2025-12-08;3;0
11;2025-12-08;4;1
11;2025-12-08;5;228
11;2025-12-08;6;1331
11;2025-12-08;7;2287
11;2025-12-08;8;3193
11;2025-12-08;9;2401
11;2025-12-08;10;1939
11;2025-12-08;11;1810
11;2025-12-08;12;1777
11;2025-12-08;13;1819
11;2025-12-08;14;1843
11;2025-12-08;15;2022
11;2025-12-08;16;2203
11;2025-12-08;17;2691
11;2025-12-08;18;2866
11;2025-12-08;19;2032
11;2025-12-08;20;1190
11;2025-12-08;21;696
11;2025-12-08;22;283
11;2025-12-08;23;185
11;2025-12-09;0;55
11;2025-12-09;1;0
11;2025-12-09;2;0
11;2025-12-09;3;0
11;2025-12-09;4;0
11;2025-12-09;5;239
11;2025-12-09;6;1303
11;2025-12-09;7;2641
11;2025-12-09;8;3301
11;2025-12-09;9;2452
11;2025-12-09;10;2125
11;2025-12-09;11;1868
11;2025-12-09;12;2010
11;2025-12-09;13;2090
11;2025-12-09;14;2053
11;2025-12-09;15;1881
11;2025-12-09;16;2248
11;2025-12-09;17;2816
11;2025-12-09;18;3189
11;2025-12-09;19;2217
11;2025-12-09;20;1447
11;2025-12-09;21;804
11;2025-12-09;22;384
11;2025-12-09;23;260
11;2025-12-10;0;54
11;2025-12-10;1;0
11;2025-12-10;2;0
11;2025-12-10;3;0
11;2025-12-10;4;0
11;2025-12-10;5;235
11;2025-12-10;6;1282
11;2025-12-10;7;2598
11;2025-12-10;8;3248
11;2025-12-10;9;2413
11;2025-12-10;10;2091
11;2025-12-10;11;1838
11;2025-12-10;12;1978
11;2025-12-10;13;2056
11;2025-12-10;14;2020
11;2025-12-10;15;1851
11;2025-12-10;16;2212
11;2025-12-10;17;2771
11;2025-12-10;18;3138
11;2025-12-10;19;2182
11;2025-12-10;20;1424
11;2025-12-10;21;791
11;2025-12-10;22;378
11;2025-12-10;23;255
11;2025-12-11;0;55
11;2025-12-11;1;0
11;2025-12-11;2;0
11;2025-12-11;3;0
11;2025-12-11;4;0
11;2025-12-11;5;239
11;2025-12-11;6;1303
11;2025-12-11;7;2641
11;2025-12-11;8;3301
11;2025-12-11;9;2452
11;2025-12-11;10;2125
11;2025-12-11;11;1868
11;2025-12-11;12;2010
11;2025-12-11;13;2090
11;2025-12-11;14;2053
11;2025-12-11;15;1881
11;2025-12-11;16;2248
11;2025-12-11;17;2816
11;2025-12-11;18;3189
11;2025-12-11;19;2217
11;2025-12-11;20;1447
11;2025-12-11;21;804
11;2025-12-11;22;384
11;2025-12-11;23;260
11;2025-12-12;0;59
11;2025-12-12;1;1
11;2025-12-12;2;0
11;2025-12-12;3;0
11;2025-12-12;4;0
11;2025-12-12;5;270
11;2025-12-12;6;1179
11;2025-12-12;7;2299
11;2025-12-12;8;3154
11;2025-12-12;9;2034
11;2025-12-12;10;1639
11;2025-12-12;11;1592
11;2025-12-12;12;1732
11;2025-12-12;13;1787
11;2025-12-12;14;2034
11;2025-12-12;15;2016
11;2025-12-12;16;2093
11;2025-12-12;17;2657
11;2025-12-12;18;2356
11;2025-12-12;19;1720
11;2025-12-12;20;1170
11;2025-12-12;21;805
11;2025-12-12;22;368
11;2025-12-12;23;288
11;2025-12-13;0;108
11;2025-12-13;1;1
11;2025-12-13;2;0
11;2025-12-13;3;0
11;2025-12-13;4;0
11;2025-12-13;5;169
11;2025-12-13;6;842
11;2025-12-13;7;767
11;2025-12-13;8;1052
11;2025-12-13;9;1179
11;2025-12-13;10;1405
11;2025-12-13;11;1731
11;2025-12-13;12;1975
11;2025-12-13;13;1834
11;2025-12-13;14;2081
11;2025-12-13;15;1927
11;2025-12-13;16;1804
11;2025-12-13;17;1912
11;2025-12-13;18;1517
11;2025-12-13;19;1478
11;2025-12-13;20;987
11;2025-12-13;21;717
11;2025-12-13;22;418
11;2025-12-13;23;280
11;2025-12-14;0;112
11;2025-12-14;1;15
11;2025-12-14;2;0
11;2025-12-14;3;0
11;2025-12-14;4;0
11;2025-12-14;5;105
11;2025-12-14;6;487
11;2025-12-14;7;481
11;2025-12-14;8;677
11;2025-12-14;9;920
11;2025-12-14;10;1022
11;2025-12-14;11;1495
11;2025-12-14;12;1575
11;2025-12-14;13;1522
11;2025-12-14;14;1625
11;2025-12-14;15;1584
11;2025-12-14;16;1503
11;2025-12-14;17;1668
11;2025-12-14;18;1221
11;2025-12-14;19;989
11;2025-12-14;20;755
11;2025-12-14;21;582
11;2025-12-14;22;340
11;2025-12-14;23;236
11;2025-12-15;0;73
11;2025-12-15;1;8
11;2025-12-15;2;0
11;2025-12-15;3;0
11;2025-12-15;4;1
11;2025-12-15;5;227
11;2025-12-15;6;1327
11;2025-12-15;7;2280
11;2025-12-15;8;3183
11;2025-12-15;9;2393
11;2025-12-15;10;1933
11;2025-12-15;11;1805
11;2025-12-15;12;1771
11;2025-12-15;13;1814
11;2025-12-15;14;1837
11;2025-12-15;15;2016
11;2025-12-15;16;2196
11;2025-12-15;17;2682
11;2025-12-15;18;2857
11;2025-12-15;19;2025
11;2025-12-15;20;1187
11;2025-12-15;21;693
11;2025-12-15;22;282
11;2025-12-15;23;184
11;2025-12-16;0;53
11;2025-12-16;1;0
11;2025-12-16;2;0
11;2025-12-16;3;0
11;2025-12-16;4;0
11;2025-12-16;5;232
11;2025-12-16;6;1265
11;2025-12-16;7;2563
11;2025-12-16;8;3204
11;2025-12-16;9;2380
11;2025-12-16;10;2063
11;2025-12-16;11;1813
11;2025-12-16;12;1951
11;2025-12-16;13;2028
11;2025-12-16;14;1993
11;2025-12-16;15;1826
11;2025-12-16;16;2182
11;2025-12-16;17;2734
11;2025-12-16;18;3096
11;2025-12-16;19;2152
11;2025-12-16;20;1405
11;2025-12-16;21;781
11;2025-12-16;22;373
11;2025-12-16;23;252
11;2025-12-17;0;55
11;2025-12-17;1;0
11;2025-12-17;2;0
11;2025-12-17;3;0
11;2025-12-17;4;0
11;2025-12-17;5;239
11;2025-12-17;6;1303
11;2025-12-17;7;2641
11;2025-12-17;8;3301
11;2025-12-17;9;2452
11;2025-12-17;10;2125
11;2025-12-17;11;1868
11;2025-12-17;12;2010
11;2025-12-17;13;2090
11;2025-12-17;14;2053
11;2025-12-17;15;1881
11;2025-12-17;16;2248
11;2025-12-17;17;2816
11;2025-12-17;18;3189
11;2025-12-17;19;2217
11;2025-12-17;20;1447
11;2025-12-17;21;804
11;2025-12-17;22;384
11;2025-12-17;23;260
11;2025-12-18;0;55
11;2025-12-18;1;0
11;2025-12-18;2;0
11;2025-12-18;3;0
11;2025-12-18;4;0
11;2025-12-18;5;239
11;2025-12-18;6;1303
11;2025-12-18;7;2641
11;2025-12-18;8;3301
11;2025-12-18;9;2452
11;2025-12-18;10;2125
11;2025-12-18;11;1868
11;2025-12-18;12;2010
11;2025-12-18;13;2090
11;2025-12-18;14;2053
11;2025-12-18;15;1881
11;2025-12-18;16;2248
11;2025-12-18;17;2816
11;2025-12-18;18;3189
11;2025-12-18;19;2217
11;2025-12-18;20;1447
11;2025-12-18;21;804
11;2025-12-18;22;384
11;2025-12-18;23;260
11;2025-12-19;0;61
11;2025-12-19;1;1
11;2025-12-19;2;0
11;2025-12-19;3;0
11;2025-12-19;4;0
11;2025-12-19;5;277
11;2025-12-19;6;1208
11;2025-12-19;7;2356
11;2025-12-19;8;3232
11;2025-12-19;9;2084
11;2025-12-19;10;1679
11;2025-12-19;11;1632
11;2025-12-19;12;1774
11;2025-12-19;13;1831
11;2025-12-19;14;2084
11;2025-12-19;15;2066
11;2025-12-19;16;2145
11;2025-12-19;17;2723
11;2025-12-19;18;2414
11;2025-12-19;19;1763
11;2025-12-19;20;1199
11;2025-12-19;21;825
11;2025-12-19;22;377
11;2025-12-19;23;295
11;2025-12-20;0;110
11;2025-12-20;1;1
11;2025-12-20;2;0
11;2025-12-20;3;0
11;2025-12-20;4;0
11;2025-12-20;5;171
11;2025-12-20;6;854
11;2025-12-20;7;778
11;2025-12-20;8;1067
11;2025-12-20;9;1195
11;2025-12-20;10;1424
11;2025-12-20;11;1756
11;2025-12-20;12;2003
11;2025-12-20;13;1859
11;2025-12-20;14;2110
11;2025-12-20;15;1954
11;2025-12-20;16;1829
11;2025-12-20;17;1938
11;2025-12-20;18;1538
11;2025-12-20;19;1499
11;2025-12-20;20;1000
11;2025-12-20;21;727
11;2025-12-20;22;424
11;2025-12-20;23;284
11;2025-12-21;0;111
11;2025-12-21;1;15
11;2025-12-21;2;0
11;2025-12-21;3;0
11;2025-12-21;4;0
11;2025-12-21;5;105
11;2025-12-21;6;486
11;2025-12-21;7;480
11;2025-12-21;8;675
11;2025-12-21;9;917
11;2025-12-21;10;1019
11;2025-12-21;11;1491
11;2025-12-21;12;1570
11;2025-12-21;13;1518
11;2025-12-21;14;1620
11;2025-12-21;15;1580
11;2025-12-21;16;1498
11;2025-12-21;17;1664
11;2025-12-21;18;1218
11;2025-12-21;19;986
11;2025-12-21;20;753
11;2025-12-21;21;580
11;2025-12-21;22;339
11;2025-12-21;23;236
11;2025-12-22;0;73
11;2025-12-22;1;8
11;2025-12-22;2;0
11;2025-12-22;3;0
11;2025-12-22;4;1
11;2025-12-22;5;225
11;2025-12-22;6;1316
11;2025-12-22;7;2261
11;2025-12-22;8;3157
11;2025-12-22;9;2374
11;2025-12-22;10;1917
11;2025-12-22;11;1790
11;2025-12-22;12;1757
11;2025-12-22;13;1799
11;2025-12-22;14;1822
11;2025-12-22;15;1999
11;2025-12-22;16;2178
11;2025-12-22;17;2660
11;2025-12-22;18;2834
11;2025-12-22;19;2009
11;2025-12-22;20;1177
11;2025-12-22;21;688
11;2025-12-22;22;280
11;2025-12-22;23;183
11;2025-12-23;0;55
11;2025-12-23;1;0
11;2025-12-23;2;0
11;2025-12-23;3;0
11;2025-12-23;4;0
11;2025-12-23;5;239
11;2025-12-23;6;1303
11;2025-12-23;7;2641
11;2025-12-23;8;3301
11;2025-12-23;9;2452
11;2025-12-23;10;2125
11;2025-12-23;11;1868
11;2025-12-23;12;2010
11;2025-12-23;13;2090
11;2025-12-23;14;2053
11;2025-12-23;15;1881
11;2025-12-23;16;2248
11;2025-12-23;17;2816
11;2025-12-23;18;3189
11;2025-12-23;19;2217
11;2025-12-23;20;1447
11;2025-12-23;21;804
11;2025-12-23;22;384
11;2025-12-23;23;260
11;2025-12-24;0;54
11;2025-12-24;1;0
11;2025-12-24;2;0
11;2025-12-24;3;0
11;2025-12-24;4;0
11;2025-12-24;5;235
11;2025-12-24;6;1282
11;2025-12-24;7;2598
11;2025-12-24;8;3248
11;2025-12-24;9;2413
11;2025-12-24;10;2091
11;2025-12-24;11;1838
11;2025-12-24;12;1978
11;2025-12-24;13;2056
11;2025-12-24;14;2020
11;2025-12-24;15;1851
11;2025-12-24;16;2212
11;2025-12-24;17;2771
11;2025-12-24;18;3138
11;2025-12-24;19;2182
11;2025-12-24;20;1424
11;2025-12-24;21;791
11;2025-12-24;22;378
11;2025-12-24;23;255
11;2025-12-25;0;53
11;2025-12-25;1;0
11;2025-12-25;2;0
11;2025-12-25;3;0
11;2025-12-25;4;0
11;2025-12-25;5;231
11;2025-12-25;6;1259
11;2025-12-25;7;2551
11;2025-12-25;8;3188
11;2025-12-25;9;2369
11;2025-12-25;10;2053
11;2025-12-25;11;1805
11;2025-12-25;12;1942
11;2025-12-25;13;2019
11;2025-12-25;14;1983
11;2025-12-25;15;1817
11;2025-12-25;16;2172
11;2025-12-25;17;2721
11;2025-12-25;18;3081
11;2025-12-25;19;2142
11;2025-12-25;20;1398
11;2025-12-25;21;777
11;2025-12-25;22;371
11;2025-12-25;23;251
11;2025-12-26;0;57
11;2025-12-26;1;1
11;2025-12-26;2;0
11;2025-12-26;3;0
11;2025-12-26;4;0
11;2025-12-26;5;259
11;2025-12-26;6;1131
11;2025-12-26;7;2206
11;2025-12-26;8;3027
11;2025-12-26;9;1952
11;2025-12-26;10;1573
11;2025-12-26;11;1528
11;2025-12-26;12;1662
11;2025-12-26;13;1715
11;2025-12-26;14;1952
11;2025-12-26;15;1935
11;2025-12-26;16;2009
11;2025-12-26;17;2550
11;2025-12-26;18;2261
11;2025-12-26;19;1651
11;2025-12-26;20;1123
11;2025-12-26;21;773
11;2025-12-26;22;353
11;2025-12-26;23;276
11;2025-12-27;0;109
11;2025-12-27;1;1
11;2025-12-27;2;0
11;2025-12-27;3;0
11;2025-12-27;4;0
11;2025-12-27;5;170
11;2025-12-27;6;849
11;2025-12-27;7;773
11;2025-12-27;8;1060
11;2025-12-27;9;1188
11;2025-12-27;10;1416
11;2025-12-27;11;1745
11;2025-12-27;12;1991
11;2025-12-27;13;1848
11;2025-12-27;14;2098
11;2025-12-27;15;1942
11;2025-12-27;16;1818
11;2025-12-27;17;1927
11;2025-12-27;18;1529
11;2025-12-27;19;1490
11;2025-12-27;20;994
11;2025-12-27;21;723
11;2025-12-27;22;421
11;2025-12-27;23;283
11;2025-12-28;0;108
11;2025-12-28;1;15
11;2025-12-28;2;0
11;2025-12-28;3;0
11;2025-12-28;4;0
11;2025-12-28;5;102
11;2025-12-28;6;472
11;2025-12-28;7;466
11;2025-12-28;8;655
11;2025-12-28;9;890
11;2025-12-28;10;989
11;2025-12-28;11;1447
11;2025-12-28;12;1524
11;2025-12-28;13;1473
11;2025-12-28;14;1572
11;2025-12-28;15;1533
11;2025-12-28;16;1454
11;2025-12-28;17;1614
11;2025-12-28;18;1182
11;2025-12-28;19;957
11;2025-12-28;20;730
11;2025-12-28;21;563
11;2025-12-28;22;329
11;2025-12-28;23;229
11;2025-12-29;0;64
11;2025-12-29;1;7
11;2025-12-29;2;0
11;2025-12-29;3;0
11;2025-12-29;4;1
11;2025-12-29;5;198
11;2025-12-29;6;1157
11;2025-12-29;7;1989
11;2025-12-29;8;2776
11;2025-12-29;9;2087
11;2025-12-29;10;1686
11;2025-12-29;11;1574
11;2025-12-29;12;1545
11;2025-12-29;13;1582
11;2025-12-29;14;1602
11;2025-12-29;15;1758
11;2025-12-29;16;1915
11;2025-12-29;17;2339
11;2025-12-29;18;2492
11;2025-12-29;19;1766
11;2025-12-29;20;1035
11;2025-12-29;21;605
11;2025-12-29;22;246
11;2025-12-29;23;161
11;2025-12-30;0;46
11;2025-12-30;1;0
11;2025-12-30;2;0
11;2025-12-30;3;0
11;2025-12-30;4;0
11;2025-12-30;5;199
11;2025-12-30;6;1085
11;2025-12-30;7;2199
11;2025-12-30;8;2749
11;2025-12-30;9;2042
11;2025-12-30;10;1770
11;2025-12-30;11;1556
11;2025-12-30;12;1674
11;2025-12-30;13;1740
11;2025-12-30;14;1710
11;2025-12-30;15;1567
11;2025-12-30;16;1872
11;2025-12-30;17;2346
11;2025-12-30;18;2656
11;2025-12-30;19;1847
11;2025-12-30;20;1205
11;2025-12-30;21;670
11;2025-12-30;22;320
11;2025-12-30;23;216
11;2025-12-31;0;99
11;2025-12-31;1;14
11;2025-12-31;2;0
11;2025-12-31;3;0
11;2025-12-31;4;0
11;2025-12-31;5;94
11;2025-12-31;6;433
11;2025-12-31;7;428
11;2025-12-31;8;601
11;2025-12-31;9;818
11;2025-12-31;10;908
11;2025-12-31;11;1329
11;2025-12-31;12;1399
11;2025-12-31;13;1353
11;2025-12-31;14;1444
11;2025-12-31;15;1408
11;2025-12-31;16;1335
11;2025-12-31;17;1334
11;2025-12-31;18;904
11;2025-12-31;19;674
11;2025-12-31;20;469
11;2025-12-31;21;297
11;2025-12-31;22;136
11;2025-12-31;23;94
12;2025-11-01;0;63
12;2025-11-01;1;2
12;2025-11-01;2;0
12;2025-11-01;3;0
12;2025-11-01;4;3
12;2025-11-01;5;289
12;2025-11-01;6;1162
12;2025-11-01;7;1999
12;2025-11-01;8;2324
12;2025-11-01;9;1968
12;2025-11-01;10;1757
12;2025-11-01;11;1825
12;2025-11-01;12;1936
12;2025-11-01;13;2129
12;2025-11-01;14;1875
12;2025-11-01;15;1949
12;2025-11-01;16;2443
12;2025-11-01;17;2373
12;2025-11-01;18;2253
12;2025-11-01;19;1845
12;2025-11-01;20;1229
12;2025-11-01;21;933
12;2025-11-01;22;480
12;2025-11-01;23;336
12;2025-11-02;0;86
12;2025-11-02;1;4
12;2025-11-02;2;0
12;2025-11-02;3;0
12;2025-11-02;4;3
12;2025-11-02;5;140
12;2025-11-02;6;549
12;2025-11-02;7;745
12;2025-11-02;8;758
12;2025-11-02;9;956
12;2025-11-02;10;1202
12;2025-11-02;11;1310
12;2025-11-02;12;1385
12;2025-11-02;13;1627
12;2025-11-02;14;1528
12;2025-11-02;15;1563
12;2025-11-02;16;1562
12;2025-11-02;17;1615
12;2025-11-02;18;1402
12;2025-11-02;19;1047
12;2025-11-02;20;813
12;2025-11-02;21;623
12;2025-11-02;22;405
12;2025-11-02;23;205
12;2025-11-03;0;73
12;2025-11-03;1;3
12;2025-11-03;2;0
12;2025-11-03;3;0
12;2025-11-03;4;2
12;2025-11-03;5;117
12;2025-11-03;6;461
12;2025-11-03;7;626
12;2025-11-03;8;637
12;2025-11-03;9;803
12;2025-11-03;10;1009
12;2025-11-03;11;1101
12;2025-11-03;12;1163
12;2025-11-03;13;1367
12;2025-11-03;14;1284
12;2025-11-03;15;1313
12;2025-11-03;16;1312
12;2025-11-03;17;1357
12;2025-11-03;18;1178
12;2025-11-03;19;879
12;2025-11-03;20;683
12;2025-11-03;21;523
12;2025-11-03;22;341
12;2025-11-03;23;172
12;2025-11-04;0;71
12;2025-11-04;1;3
12;2025-11-04;2;0
12;2025-11-04;3;0
12;2025-11-04;4;2
12;2025-11-04;5;115
12;2025-11-04;6;450
12;2025-11-04;7;611
12;2025-11-04;8;622
12;2025-11-04;9;784
12;2025-11-04;10;986
12;2025-11-04;11;1075
12;2025-11-04;12;1136
12;2025-11-04;13;1335
12;2025-11-04;14;1254
12;2025-11-04;15;1283
12;2025-11-04;16;1282
12;2025-11-04;17;1325
12;2025-11-04;18;1150
12;2025-11-04;19;859
12;2025-11-04;20;667
12;2025-11-04;21;511
12;2025-11-04;22;333
12;2025-11-04;23;168
12;2025-11-05;0;58
12;2025-11-05;1;2
12;2025-11-05;2;0
12;2025-11-05;3;0
12;2025-11-05;4;6
12;2025-11-05;5;323
12;2025-11-05;6;1383
12;2025-11-05;7;2740
12;2025-11-05;8;3898
12;2025-11-05;9;2670
12;2025-11-05;10;2093
12;2025-11-05;11;1842
12;2025-11-05;12;2020
12;2025-11-05;13;2112
12;2025-11-05;14;1946
12;2025-11-05;15;2102
12;2025-11-05;16;2625
12;2025-11-05;17;3027
12;2025-11-05;18;3259
12;2025-11-05;19;2455
12;2025-11-05;20;1612
12;2025-11-05;21;975
12;2025-11-05;22;518
12;2025-11-05;23;263
12;2025-11-06;0;58
12;2025-11-06;1;2
12;2025-11-06;2;0
12;2025-11-06;3;0
12;2025-11-06;4;6
12;2025-11-06;5;323
12;2025-11-06;6;1383
12;2025-11-06;7;2740
12;2025-11-06;8;3898
12;2025-11-06;9;2670
12;2025-11-06;10;2093
12;2025-11-06;11;1842
12;2025-11-06;12;2020
12;2025-11-06;13;2112
12;2025-11-06;14;1946
12;2025-11-06;15;2102
12;2025-11-06;16;2625
12;2025-11-06;17;3027
12;2025-11-06;18;3259
12;2025-11-06;19;2455
12;2025-11-06;20;1612
12;2025-11-06;21;975
12;2025-11-06;22;518
12;2025-11-06;23;263
12;2025-11-07;0;50
12;2025-11-07;1;1
12;2025-11-07;2;0
12;2025-11-07;3;0
12;2025-11-07;4;4
12;2025-11-07;5;323
12;2025-11-07;6;1413
12;2025-11-07;7;2939
12;2025-11-07;8;3414
12;2025-11-07;9;2494
12;2025-11-07;10;1823
12;2025-11-07;11;1931
12;2025-11-07;12;2107
12;2025-11-07;13;2257
12;2025-11-07;14;1943
12;2025-11-07;15;2120
12;2025-11-07;16;2960
12;2025-11-07;17;2899
12;2025-11-07;18;2676
12;2025-11-07;19;2154
12;2025-11-07;20;1382
12;2025-11-07;21;995
12;2025-11-07;22;516
12;2025-11-07;23;340
12;2025-11-08;0;67
12;2025-11-08;1;2
12;2025-11-08;2;0
12;2025-11-08;3;0
12;2025-11-08;4;1
12;2025-11-08;5;222
12;2025-11-08;6;789
12;2025-11-08;7;896
12;2025-11-08;8;1044
12;2025-11-08;9;1244
12;2025-11-08;10;1478
12;2025-11-08;11;1501
12;2025-11-08;12;1539
12;2025-11-08;13;1747
12;2025-11-08;14;1580
12;2025-11-08;15;1550
12;2025-11-08;16;1669
12;2025-11-08;17;1599
12;2025-11-08;18;1588
12;2025-11-08;19;1334
12;2025-11-08;20;936
12;2025-11-08;21;761
12;2025-11-08;22;387
12;2025-11-08;23;291
12;2025-11-09;0;87
12;2025-11-09;1;4
12;2025-11-09;2;0
12;2025-11-09;3;0
12;2025-11-09;4;3
12;2025-11-09;5;141
12;2025-11-09;6;553
12;2025-11-09;7;751
12;2025-11-09;8;764
12;2025-11-09;9;964
12;2025-11-09;10;1211
12;2025-11-09;11;1321
12;2025-11-09;12;1396
12;2025-11-09;13;1640
12;2025-11-09;14;1541
12;2025-11-09;15;1576
12;2025-11-09;16;1575
12;2025-11-09;17;1628
12;2025-11-09;18;1413
12;2025-11-09;19;1055
12;2025-11-09;20;820
12;2025-11-09;21;628
12;2025-11-09;22;409
12;2025-11-09;23;207
12;2025-11-10;0;53
12;2025-11-10;1;4
12;2025-11-10;2;0
12;2025-11-10;3;0
12;2025-11-10;4;6
12;2025-11-10;5;326
12;2025-11-10;6;1309
12;2025-11-10;7;2686
12;2025-11-10;8;3440
12;2025-11-10;9;2255
12;2025-11-10;10;1709
12;2025-11-10;11;1733
12;2025-11-10;12;1904
12;2025-11-10;13;1868
12;2025-11-10;14;1921
12;2025-11-10;15;2104
12;2025-11-10;16;2691
12;2025-11-10;17;2976
12;2025-11-10;18;3209
12;2025-11-10;19;2455
12;2025-11-10;20;1674
12;2025-11-10;21;958
12;2025-11-10;22;470
12;2025-11-10;23;232
12;2025-11-11;0;58
12;2025-11-11;1;2
12;2025-11-11;2;0
12;2025-11-11;3;0
12;2025-11-11;4;6
12;2025-11-11;5;323
12;2025-11-11;6;1383
12;2025-11-11;7;2740
12;2025-11-11;8;3898
12;2025-11-11;9;2670
12;2025-11-11;10;2093
12;2025-11-11;11;1842
12;2025-11-11;12;2020
12;2025-11-11;13;2112
12;2025-11-11;14;1946
12;2025-11-11;15;2102
12;2025-11-11;16;2625
12;2025-11-11;17;3027
12;2025-11-11;18;3259
12;2025-11-11;19;2455
12;2025-11-11;20;1612
12;2025-11-11;21;975
12;2025-11-11;22;518
12;2025-11-11;23;263
12;2025-11-12;0;58
12;2025-11-12;1;2
12;2025-11-12;2;0
12;2025-11-12;3;0
12;2025-11-12;4;6
12;2025-11-12;5;323
12;2025-11-12;6;1383
12;2025-11-12;7;2740
12;2025-11-12;8;3898
12;2025-11-12;9;2670
12;2025-11-12;10;2093
12;2025-11-12;11;1842
12;2025-11-12;12;2020
12;2025-11-12;13;2112
12;2025-11-12;14;1946
12;2025-11-12;15;2102
12;2025-11-12;16;2625
12;2025-11-12;17;3027
12;2025-11-12;18;3259
12;2025-11-12;19;2455
12;2025-11-12;20;1612
12;2025-11-12;21;975
12;2025-11-12;22;518
12;2025-11-12;23;263
12;2025-11-13;0;58
12;2025-11-13;1;2
12;2025-11-13;2;0
12;2025-11-13;3;0
12;2025-11-13;4;6
12;2025-11-13;5;323
12;2025-11-13;6;1383
12;2025-11-13;7;2740
12;2025-11-13;8;3898
12;2025-11-13;9;2670
12;2025-11-13;10;2093
12;2025-11-13;11;1842
12;2025-11-13;12;2020
12;2025-11-13;13;2112
12;2025-11-13;14;1946
12;2025-11-13;15;2102
12;2025-11-13;16;2625
12;2025-11-13;17;3027
12;2025-11-13;18;3259
12;2025-11-13;19;2455
12;2025-11-13;20;1612
12;2025-11-13;21;975
12;2025-11-13;22;518
12;2025-11-13;23;263
12;2025-11-14;0;50
12;2025-11-14;1;1
12;2025-11-14;2;0
12;2025-11-14;3;0
12;2025-11-14;4;4
12;2025-11-14;5;323
12;2025-11-14;6;1413
12;2025-11-14;7;2939
12;2025-11-14;8;3414
12;2025-11-14;9;2494
12;2025-11-14;10;1823
12;2025-11-14;11;1931
12;2025-11-14;12;2107
12;2025-11-14;13;2257
12;2025-11-14;14;1943
12;2025-11-14;15;2120
12;2025-11-14;16;2960
12;2025-11-14;17;2899
12;2025-11-14;18;2676
12;2025-11-14;19;2154
12;2025-11-14;20;1382
12;2025-11-14;21;995
12;2025-11-14;22;516
12;2025-11-14;23;340
12;2025-11-15;0;62
12;2025-11-15;1;2
12;2025-11-15;2;0
12;2025-11-15;3;0
12;2025-11-15;4;1
12;2025-11-15;5;205
12;2025-11-15;6;726
12;2025-11-15;7;824
12;2025-11-15;8;960
12;2025-11-15;9;1144
12;2025-11-15;10;1359
12;2025-11-15;11;1380
12;2025-11-15;12;1415
12;2025-11-15;13;1607
12;2025-11-15;14;1452
12;2025-11-15;15;1426
12;2025-11-15;16;1534
12;2025-11-15;17;1471
12;2025-11-15;18;1460
12;2025-11-15;19;1227
12;2025-11-15;20;861
12;2025-11-15;21;699
12;2025-11-15;22;356
12;2025-11-15;23;268
12;2025-11-16;0;87
12;2025-11-16;1;4
12;2025-11-16;2;0
12;2025-11-16;3;0
12;2025-11-16;4;3
12;2025-11-16;5;141
12;2025-11-16;6;553
12;2025-11-16;7;751
12;2025-11-16;8;764
12;2025-11-16;9;964
12;2025-11-16;10;1211
12;2025-11-16;11;1321
12;2025-11-16;12;1396
12;2025-11-16;13;1640
12;2025-11-16;14;1541
12;2025-11-16;15;1576
12;2025-11-16;16;1575
12;2025-11-16;17;1628
12;2025-11-16;18;1413
12;2025-11-16;19;1055
12;2025-11-16;20;820
12;2025-11-16;21;628
12;2025-11-16;22;409
12;2025-11-16;23;207
12;2025-11-17;0;52
12;2025-11-17;1;3
12;2025-11-17;2;0
12;2025-11-17;3;0
12;2025-11-17;4;6
12;2025-11-17;5;316
12;2025-11-17;6;1271
12;2025-11-17;7;2608
12;2025-11-17;8;3340
12;2025-11-17;9;2189
12;2025-11-17;10;1659
12;2025-11-17;11;1683
12;2025-11-17;12;1849
12;2025-11-17;13;1814
12;2025-11-17;14;1865
12;2025-11-17;15;2043
12;2025-11-17;16;2612
12;2025-11-17;17;2890
12;2025-11-17;18;3116
12;2025-11-17;19;2384
12;2025-11-17;20;1625
12;2025-11-17;21;930
12;2025-11-17;22;456
12;2025-11-17;23;225
12;2025-11-18;0;56
12;2025-11-18;1;2
12;2025-11-18;2;0
12;2025-11-18;3;0
12;2025-11-18;4;6
12;2025-11-18;5;314
12;2025-11-18;6;1343
12;2025-11-18;7;2660
12;2025-11-18;8;3784
12;2025-11-18;9;2592
12;2025-11-18;10;2032
12;2025-11-18;11;1788
12;2025-11-18;12;1961
12;2025-11-18;13;2050
12;2025-11-18;14;1889
12;2025-11-18;15;2040
12;2025-11-18;16;2549
12;2025-11-18;17;2938
12;2025-11-18;18;3164
12;2025-11-18;19;2384
12;2025-11-18;20;1565
12;2025-11-18;21;947
12;2025-11-18;22;503
12;2025-11-18;23;255
12;2025-11-19;0;56
12;2025-11-19;1;2
12;2025-11-19;2;0
12;2025-11-19;3;0
12;2025-11-19;4;6
12;2025-11-19;5;314
12;2025-11-19;6;1343
12;2025-11-19;7;2660
12;2025-11-19;8;3784
12;2025-11-19;9;2592
12;2025-11-19;10;2032
12;2025-11-19;11;1788
12;2025-11-19;12;1961
12;2025-11-19;13;2050
12;2025-11-19;14;1889
12;2025-11-19;15;2040
12;2025-11-19;16;2549
12;2025-11-19;17;2938
12;2025-11-19;18;3164
12;2025-11-19;19;2384
12;2025-11-19;20;1565
12;2025-11-19;21;947
12;2025-11-19;22;503
12;2025-11-19;23;255
12;2025-11-20;0;56
12;2025-11-20;1;2
12;2025-11-20;2;0
12;2025-11-20;3;0
12;2025-11-20;4;6
12;2025-11-20;5;314
12;2025-11-20;6;1343
12;2025-11-20;7;2660
12;2025-11-20;8;3784
12;2025-11-20;9;2592
12;2025-11-20;10;2032
12;2025-11-20;11;1788
12;2025-11-20;12;1961
12;2025-11-20;13;2050
12;2025-11-20;14;1889
12;2025-11-20;15;2040
12;2025-11-20;16;2549
12;2025-11-20;17;2938
12;2025-11-20;18;3164
12;2025-11-20;19;2384
12;2025-11-20;20;1565
12;2025-11-20;21;947
12;2025-11-20;22;503
12;2025-11-20;23;255
12;2025-11-21;0;48
12;2025-11-21;1;1
12;2025-11-21;2;0
12;2025-11-21;3;0
12;2025-11-21;4;4
12;2025-11-21;5;312
12;2025-11-21;6;1368
12;2025-11-21;7;2844
12;2025-11-21;8;3305
12;2025-11-21;9;2414
12;2025-11-21;10;1765
12;2025-11-21;11;1869
12;2025-11-21;12;2039
12;2025-11-21;13;2184
12;2025-11-21;14;1881
12;2025-11-21;15;2052
12;2025-11-21;16;2865
12;2025-11-21;17;2806
12;2025-11-21;18;2590
12;2025-11-21;19;2085
12;2025-11-21;20;1338
12;2025-11-21;21;963
12;2025-11-21;22;499
12;2025-11-21;23;329
12;2025-11-22;0;65
12;2025-11-22;1;2
12;2025-11-22;2;0
12;2025-11-22;3;0
12;2025-11-22;4;1
12;2025-11-22;5;217
12;2025-11-22;6;768
12;2025-11-22;7;873
12;2025-11-22;8;1017
12;2025-11-22;9;1212
12;2025-11-22;10;1440
12;2025-11-22;11;1462
12;2025-11-22;12;1498
12;2025-11-22;13;1702
12;2025-11-22;14;1538
12;2025-11-22;15;1510
12;2025-11-22;16;1625
12;2025-11-22;17;1558
12;2025-11-22;18;1547
12;2025-11-22;19;1299
12;2025-11-22;20;912
12;2025-11-22;21;741
12;2025-11-22;22;377
12;2025-11-22;23;283
12;2025-11-23;0;87
12;2025-11-23;1;4
12;2025-11-23;2;0
12;2025-11-23;3;0
12;2025-11-23;4;3
12;2025-11-23;5;141
12;2025-11-23;6;553
12;2025-11-23;7;751
12;2025-11-23;8;764
12;2025-11-23;9;964
12;2025-11-23;10;1211
12;2025-11-23;11;1321
12;2025-11-23;12;1396
12;2025-11-23;13;1640
12;2025-11-23;14;1541
12;2025-11-23;15;1576
12;2025-11-23;16;1575
12;2025-11-23;17;1628
12;2025-11-23;18;1413
12;2025-11-23;19;1055
12;2025-11-23;20;820
12;2025-11-23;21;628
12;2025-11-23;22;409
12;2025-11-23;23;207
12;2025-11-24;0;53
12;2025-11-24;1;4
12;2025-11-24;2;0
12;2025-11-24;3;0
12;2025-11-24;4;6
12;2025-11-24;5;325
12;2025-11-24;6;1305
12;2025-11-24;7;2678
12;2025-11-24;8;3429
12;2025-11-24;9;2248
12;2025-11-24;10;1703
12;2025-11-24;11;1728
12;2025-11-24;12;1899
12;2025-11-24;13;1862
12;2025-11-24;14;1915
12;2025-11-24;15;2098
12;2025-11-24;16;2682
12;2025-11-24;17;2967
12;2025-11-24;18;3199
12;2025-11-24;19;2448
12;2025-11-24;20;1668
12;2025-11-24;21;955
12;2025-11-24;22;468
12;2025-11-24;23;231
12;2025-11-25;0;58
12;2025-11-25;1;2
12;2025-11-25;2;0
12;2025-11-25;3;0
12;2025-11-25;4;6
12;2025-11-25;5;323
12;2025-11-25;6;1383
12;2025-11-25;7;2740
12;2025-11-25;8;3898
12;2025-11-25;9;2670
12;2025-11-25;10;2093
12;2025-11-25;11;1842
12;2025-11-25;12;2020
12;2025-11-25;13;2112
12;2025-11-25;14;1946
12;2025-11-25;15;2102
12;2025-11-25;16;2625
12;2025-11-25;17;3027
12;2025-11-25;18;3259
12;2025-11-25;19;2455
12;2025-11-25;20;1612
12;2025-11-25;21;975
12;2025-11-25;22;518
12;2025-11-25;23;263
12;2025-11-26;0;55
12;2025-11-26;1;2
12;2025-11-26;2;0
12;2025-11-26;3;0
12;2025-11-26;4;5
12;2025-11-26;5;309
12;2025-11-26;6;1323
12;2025-11-26;7;2622
12;2025-11-26;8;3729
12;2025-11-26;9;2555
12;2025-11-26;10;2003
12;2025-11-26;11;1762
12;2025-11-26;12;1932
12;2025-11-26;13;2020
12;2025-11-26;14;1862
12;2025-11-26;15;2011
12;2025-11-26;16;2512
12;2025-11-26;17;2896
12;2025-11-26;18;3118
12;2025-11-26;19;2349
12;2025-11-26;20;1543
12;2025-11-26;21;933
12;2025-11-26;22;496
12;2025-11-26;23;252
12;2025-11-27;0;58
12;2025-11-27;1;2
12;2025-11-27;2;0
12;2025-11-27;3;0
12;2025-11-27;4;6
12;2025-11-27;5;323
12;2025-11-27;6;1383
12;2025-11-27;7;2740
12;2025-11-27;8;3898
12;2025-11-27;9;2670
12;2025-11-27;10;2093
12;2025-11-27;11;1842
12;2025-11-27;12;2020
12;2025-11-27;13;2112
12;2025-11-27;14;1946
12;2025-11-27;15;2102
12;2025-11-27;16;2625
12;2025-11-27;17;3027
12;2025-11-27;18;3259
12;2025-11-27;19;2455
12;2025-11-27;20;1612
12;2025-11-27;21;975
12;2025-11-27;22;518
12;2025-11-27;23;263
12;2025-11-28;0;50
12;2025-11-28;1;1
12;2025-11-28;2;0
12;2025-11-28;3;0
12;2025-11-28;4;4
12;2025-11-28;5;323
12;2025-11-28;6;1413
12;2025-11-28;7;2939
12;2025-11-28;8;3414
12;2025-11-28;9;2494
12;2025-11-28;10;1823
12;2025-11-28;11;1931
12;2025-11-28;12;2107
12;2025-11-28;13;2257
12;2025-11-28;14;1943
12;2025-11-28;15;2120
12;2025-11-28;16;2960
12;2025-11-28;17;2899
12;2025-11-28;18;2676
12;2025-11-28;19;2154
12;2025-11-28;20;1382
12;2025-11-28;21;995
12;2025-11-28;22;516
12;2025-11-28;23;340
12;2025-11-29;0;67
12;2025-11-29;1;2
12;2025-11-29;2;0
12;2025-11-29;3;0
12;2025-11-29;4;1
12;2025-11-29;5;222
12;2025-11-29;6;789
12;2025-11-29;7;896
12;2025-11-29;8;1044
12;2025-11-29;9;1244
12;2025-11-29;10;1478
12;2025-11-29;11;1501
12;2025-11-29;12;1539
12;2025-11-29;13;1747
12;2025-11-29;14;1580
12;2025-11-29;15;1550
12;2025-11-29;16;1669
12;2025-11-29;17;1599
12;2025-11-29;18;1588
12;2025-11-29;19;1334
12;2025-11-29;20;936
12;2025-11-29;21;761
12;2025-11-29;22;387
12;2025-11-29;23;291
12;2025-11-30;0;87
12;2025-11-30;1;4
12;2025-11-30;2;0
12;2025-11-30;3;0
12;2025-11-30;4;3
12;2025-11-30;5;141
12;2025-11-30;6;553
12;2025-11-30;7;751
12;2025-11-30;8;764
12;2025-11-30;9;964
12;2025-11-30;10;1211
12;2025-11-30;11;1321
12;2025-11-30;12;1396
12;2025-11-30;13;1640
12;2025-11-30;14;1541
12;2025-11-30;15;1576
12;2025-11-30;16;1575
12;2025-11-30;17;1628
12;2025-11-30;18;1413
12;2025-11-30;19;1055
12;2025-11-30;20;820
12;2025-11-30;21;628
12;2025-11-30;22;409
12;2025-11-30;23;207
12;2025-12-01;0;53
12;2025-12-01;1;4
12;2025-12-01;2;0
12;2025-12-01;3;0
12;2025-12-01;4;6
12;2025-12-01;5;326
12;2025-12-01;6;1309
12;2025-12-01;7;2686
12;2025-12-01;8;3440
12;2025-12-01;9;2255
12;2025-12-01;10;1709
12;2025-12-01;11;1733
12;2025-12-01;12;1904
12;2025-12-01;13;1868
12;2025-12-01;14;1921
12;2025-12-01;15;2104
12;2025-12-01;16;2691
12;2025-12-01;17;2976
12;2025-12-01;18;3209
12;2025-12-01;19;2455
12;2025-12-01;20;1674
12;2025-12-01;21;958
12;2025-12-01;22;470
12;2025-12-01;23;232
12;2025-12-02;0;58
12;2025-12-02;1;2
12;2025-12-02;2;0
12;2025-12-02;3;0
12;2025-12-02;4;6
12;2025-12-02;5;323
12;2025-12-02;6;1383
12;2025-12-02;7;2740
12;2025-12-02;8;3898
12;2025-12-02;9;2670
12;2025-12-02;10;2093
12;2025-12-02;11;1842
12;2025-12-02;12;2020
12;2025-12-02;13;2112
12;2025-12-02;14;1946
12;2025-12-02;15;2102
12;2025-12-02;16;2625
12;2025-12-02;17;3027
12;2025-12-02;18;3259
12;2025-12-02;19;2455
12;2025-12-02;20;1612
12;2025-12-02;21;975
12;2025-12-02;22;518
12;2025-12-02;23;263
12;2025-12-03;0;58
12;2025-12-03;1;2
12;2025-12-03;2;0
12;2025-12-03;3;0
12;2025-12-03;4;6
12;2025-12-03;5;323
12;2025-12-03;6;1383
12;2025-12-03;7;2740
12;2025-12-03;8;3898
12;2025-12-03;9;2670
12;2025-12-03;10;2093
12;2025-12-03;11;1842
12;2025-12-03;12;2020
12;2025-12-03;13;2112
12;2025-12-03;14;1946
12;2025-12-03;15;2102
12;2025-12-03;16;2625
12;2025-12-03;17;3027
12;2025-12-03;18;3259
12;2025-12-03;19;2455
12;2025-12-03;20;1612
12;2025-12-03;21;975
12;2025-12-03;22;518
12;2025-12-03;23;263
12;2025-12-04;0;58
12;2025-12-04;1;2
12;2025-12-04;2;0
12;2025-12-04;3;0
12;2025-12-04;4;6
12;2025-12-04;5;323
12;2025-12-04;6;1383
12;2025-12-04;7;2740
12;2025-12-04;8;3898
12;2025-12-04;9;2670
12;2025-12-04;10;2093
12;2025-12-04;11;1842
12;2025-12-04;12;2020
12;2025-12-04;13;2112
12;2025-12-04;14;1946
12;2025-12-04;15;2102
12;2025-12-04;16;2625
12;2025-12-04;17;3027
12;2025-12-04;18;3259
12;2025-12-04;19;2455
12;2025-12-04;20;1612
12;2025-12-04;21;975
12;2025-12-04;22;518
12;2025-12-04;23;263
12;2025-12-05;0;50
12;2025-12-05;1;1
12;2025-12-05;2;0
12;2025-12-05;3;0
12;2025-12-05;4;4
12;2025-12-05;5;323
12;2025-12-05;6;1413
12;2025-12-05;7;2939
12;2025-12-05;8;3414
12;2025-12-05;9;2494
12;2025-12-05;10;1823
12;2025-12-05;11;1931
12;2025-12-05;12;2107
12;2025-12-05;13;2257
12;2025-12-05;14;1943
12;2025-12-05;15;2120
12;2025-12-05;16;2960
12;2025-12-05;17;2899
12;2025-12-05;18;2676
12;2025-12-05;19;2154
12;2025-12-05;20;1382
12;2025-12-05;21;995
12;2025-12-05;22;516
12;2025-12-05;23;340
12;2025-12-06;0;67
12;2025-12-06;1;2
12;2025-12-06;2;0
12;2025-12-06;3;0
12;2025-12-06;4;1
12;2025-12-06;5;222
12;2025-12-06;6;789
12;2025-12-06;7;896
12;2025-12-06;8;1044
12;2025-12-06;9;1244
12;2025-12-06;10;1478
12;2025-12-06;11;1501
12;2025-12-06;12;1539
12;2025-12-06;13;1747
12;2025-12-06;14;1580
12;2025-12-06;15;1550
12;2025-12-06;16;1669
12;2025-12-06;17;1599
12;2025-12-06;18;1588
12;2025-12-06;19;1334
12;2025-12-06;20;936
12;2025-12-06;21;761
12;2025-12-06;22;387
12;2025-12-06;23;291
12;2025-12-07;0;87
12;2025-12-07;1;4
12;2025-12-07;2;0
12;2025-12-07;3;0
12;2025-12-07;4;3
12;2025-12-07;5;141
12;2025-12-07;6;553
12;2025-12-07;7;751
12;2025-12-07;8;764
12;2025-12-07;9;964
12;2025-12-07;10;1211
12;2025-12-07;11;1321
12;2025-12-07;12;1396
12;2025-12-07;13;1640
12;2025-12-07;14;1541
12;2025-12-07;15;1576
12;2025-12-07;16;1575
12;2025-12-07;17;1628
12;2025-12-07;18;1413
12;2025-12-07;19;1055
12;2025-12-07;20;820
12;2025-12-07;21;628
12;2025-12-07;22;409
12;2025-12-07;23;207
12;2025-12-08;0;53
12;2025-12-08;1;4
12;2025-12-08;2;0
12;2025-12-08;3;0
12;2025-12-08;4;6
12;2025-12-08;5;326
12;2025-12-08;6;1309
12;2025-12-08;7;2686
12;2025-12-08;8;3440
12;2025-12-08;9;2255
12;2025-12-08;10;1709
12;2025-12-08;11;1733
12;2025-12-08;12;1904
12;2025-12-08;13;1868
12;2025-12-08;14;1921
12;2025-12-08;15;2104
12;2025-12-08;16;2691
12;2025-12-08;17;2976
12;2025-12-08;18;3209
12;2025-12-08;19;2455
12;2025-12-08;20;1674
12;2025-12-08;21;958
12;2025-12-08;22;470
12;2025-12-08;23;232
12;2025-12-09;0;58
12;2025-12-09;1;2
12;2025-12-09;2;0
12;2025-12-09;3;0
12;2025-12-09;4;6
12;2025-12-09;5;323
12;2025-12-09;6;1383
12;2025-12-09;7;2740
12;2025-12-09;8;3898
12;2025-12-09;9;2670
12;2025-12-09;10;2093
12;2025-12-09;11;1842
12;2025-12-09;12;2020
12;2025-12-09;13;2112
12;2025-12-09;14;1946
12;2025-12-09;15;2102
12;2025-12-09;16;2625
12;2025-12-09;17;3027
12;2025-12-09;18;3259
12;2025-12-09;19;2455
12;2025-12-09;20;1612
12;2025-12-09;21;975
12;2025-12-09;22;518
12;2025-12-09;23;263
12;2025-12-10;0;57
12;2025-12-10;1;2
12;2025-12-10;2;0
12;2025-12-10;3;0
12;2025-12-10;4;6
12;2025-12-10;5;318
12;2025-12-10;6;1361
12;2025-12-10;7;2696
12;2025-12-10;8;3835
12;2025-12-10;9;2627
12;2025-12-10;10;2059
12;2025-12-10;11;1812
12;2025-12-10;12;1987
12;2025-12-10;13;2078
12;2025-12-10;14;1915
12;2025-12-10;15;2068
12;2025-12-10;16;2583
12;2025-12-10;17;2978
12;2025-12-10;18;3207
12;2025-12-10;19;2416
12;2025-12-10;20;1586
12;2025-12-10;21;959
12;2025-12-10;22;510
12;2025-12-10;23;259
12;2025-12-11;0;58
12;2025-12-11;1;2
12;2025-12-11;2;0
12;2025-12-11;3;0
12;2025-12-11;4;6
12;2025-12-11;5;323
12;2025-12-11;6;1383
12;2025-12-11;7;2740
12;2025-12-11;8;3898
12;2025-12-11;9;2670
12;2025-12-11;10;2093
12;2025-12-11;11;1842
12;2025-12-11;12;2020
12;2025-12-11;13;2112
12;2025-12-11;14;1946
12;2025-12-11;15;2102
12;2025-12-11;16;2625
12;2025-12-11;17;3027
12;2025-12-11;18;3259
12;2025-12-11;19;2455
12;2025-12-11;20;1612
12;2025-12-11;21;975
12;2025-12-11;22;518
12;2025-12-11;23;263
12;2025-12-12;0;49
12;2025-12-12;1;1
12;2025-12-12;2;0
12;2025-12-12;3;0
12;2025-12-12;4;4
12;2025-12-12;5;315
12;2025-12-12;6;1379
12;2025-12-12;7;2868
12;2025-12-12;8;3332
12;2025-12-12;9;2434
12;2025-12-12;10;1779
12;2025-12-12;11;1884
12;2025-12-12;12;2056
12;2025-12-12;13;2202
12;2025-12-12;14;1896
12;2025-12-12;15;2069
12;2025-12-12;16;2889
12;2025-12-12;17;2829
12;2025-12-12;18;2612
12;2025-12-12;19;2102
12;2025-12-12;20;1349
12;2025-12-12;21;971
12;2025-12-12;22;504
12;2025-12-12;23;332
12;2025-12-13;0;66
12;2025-12-13;1;2
12;2025-12-13;2;0
12;2025-12-13;3;0
12;2025-12-13;4;1
12;2025-12-13;5;219
12;2025-12-13;6;778
12;2025-12-13;7;884
12;2025-12-13;8;1030
12;2025-12-13;9;1227
12;2025-12-13;10;1458
12;2025-12-13;11;1480
12;2025-12-13;12;1518
12;2025-12-13;13;1723
12;2025-12-13;14;1558
12;2025-12-13;15;1529
12;2025-12-13;16;1646
12;2025-12-13;17;1578
12;2025-12-13;18;1566
12;2025-12-13;19;1316
12;2025-12-13;20;923
12;2025-12-13;21;750
12;2025-12-13;22;382
12;2025-12-13;23;287
12;2025-12-14;0;87
12;2025-12-14;1;4
12;2025-12-14;2;0
12;2025-12-14;3;0
12;2025-12-14;4;3
12;2025-12-14;5;140
12;2025-12-14;6;551
12;2025-12-14;7;749
12;2025-12-14;8;762
12;2025-12-14;9;961
12;2025-12-14;10;1208
12;2025-12-14;11;1317
12;2025-12-14;12;1392
12;2025-12-14;13;1635
12;2025-12-14;14;1536
12;2025-12-14;15;1571
12;2025-12-14;16;1570
12;2025-12-14;17;1623
12;2025-12-14;18;1409
12;2025-12-14;19;1052
12;2025-12-14;20;817
12;2025-12-14;21;626
12;2025-12-14;22;407
12;2025-12-14;23;206
12;2025-12-15;0;53
12;2025-12-15;1;4
12;2025-12-15;2;0
12;2025-12-15;3;0
12;2025-12-15;4;6
12;2025-12-15;5;325
12;2025-12-15;6;1305
12;2025-12-15;7;2678
12;2025-12-15;8;3429
12;2025-12-15;9;2248
12;2025-12-15;10;1703
12;2025-12-15;11;1728
12;2025-12-15;12;1899
12;2025-12-15;13;1862
12;2025-12-15;14;1915
12;2025-12-15;15;2098
12;2025-12-15;16;2682
12;2025-12-15;17;2967
12;2025-12-15;18;3199
12;2025-12-15;19;2448
12;2025-12-15;20;1668
12;2025-12-15;21;955
12;2025-12-15;22;468
12;2025-12-15;23;231
12;2025-12-16;0;56
12;2025-12-16;1;2
12;2025-12-16;2;0
12;2025-12-16;3;0
12;2025-12-16;4;6
12;2025-12-16;5;314
12;2025-12-16;6;1342
12;2025-12-16;7;2660
12;2025-12-16;8;3783
12;2025-12-16;9;2592
12;2025-12-16;10;2032
12;2025-12-16;11;1788
12;2025-12-16;12;1960
12;2025-12-16;13;2050
12;2025-12-16;14;1889
12;2025-12-16;15;2040
12;2025-12-16;16;2549
12;2025-12-16;17;2938
12;2025-12-16;18;3163
12;2025-12-16;19;2383
12;2025-12-16;20;1565
12;2025-12-16;21;946
12;2025-12-16;22;503
12;2025-12-16;23;255
12;2025-12-17;0;58
12;2025-12-17;1;2
12;2025-12-17;2;0
12;2025-12-17;3;0
12;2025-12-17;4;6
12;2025-12-17;5;323
12;2025-12-17;6;1383
12;2025-12-17;7;2740
12;2025-12-17;8;3898
12;2025-12-17;9;2670
12;2025-12-17;10;2093
12;2025-12-17;11;1842
12;2025-12-17;12;2020
12;2025-12-17;13;2112
12;2025-12-17;14;1946
12;2025-12-17;15;2102
12;2025-12-17;16;2625
12;2025-12-17;17;3027
12;2025-12-17;18;3259
12;2025-12-17;19;2455
12;2025-12-17;20;1612
12;2025-12-17;21;975
12;2025-12-17;22;518
12;2025-12-17;23;263
12;2025-12-18;0;58
12;2025-12-18;1;2
12;2025-12-18;2;0
12;2025-12-18;3;0
12;2025-12-18;4;6
12;2025-12-18;5;323
12;2025-12-18;6;1383
12;2025-12-18;7;2740
12;2025-12-18;8;3898
12;2025-12-18;9;2670
12;2025-12-18;10;2093
12;2025-12-18;11;1842
12;2025-12-18;12;2020
12;2025-12-18;13;2112
12;2025-12-18;14;1946
12;2025-12-18;15;2102
12;2025-12-18;16;2625
12;2025-12-18;17;3027
12;2025-12-18;18;3259
12;2025-12-18;19;2455
12;2025-12-18;20;1612
12;2025-12-18;21;975
12;2025-12-18;22;518
12;2025-12-18;23;263
12;2025-12-19;0;50
12;2025-12-19;1;1
12;2025-12-19;2;0
12;2025-12-19;3;0
12;2025-12-19;4;4
12;2025-12-19;5;323
12;2025-12-19;6;1413
12;2025-12-19;7;2939
12;2025-12-19;8;3414
12;2025-12-19;9;2494
12;2025-12-19;10;1823
12;2025-12-19;11;1931
12;2025-12-19;12;2107
12;2025-12-19;13;2257
12;2025-12-19;14;1943
12;2025-12-19;15;2120
12;2025-12-19;16;2960
12;2025-12-19;17;2899
12;2025-12-19;18;2676
12;2025-12-19;19;2154
12;2025-12-19;20;1382
12;2025-12-19;21;995
12;2025-12-19;22;516
12;2025-12-19;23;340
12;2025-12-20;0;67
12;2025-12-20;1;2
12;2025-12-20;2;0
12;2025-12-20;3;0
12;2025-12-20;4;1
12;2025-12-20;5;222
12;2025-12-20;6;789
12;2025-12-20;7;896
12;2025-12-20;8;1044
12;2025-12-20;9;1244
12;2025-12-20;10;1478
12;2025-12-20;11;1501
12;2025-12-20;12;1539
12;2025-12-20;13;1747
12;2025-12-20;14;1580
12;2025-12-20;15;1550
12;2025-12-20;16;1669
12;2025-12-20;17;1599
12;2025-12-20;18;1588
12;2025-12-20;19;1334
12;2025-12-20;20;936
12;2025-12-20;21;761
12;2025-12-20;22;387
12;2025-12-20;23;291
12;2025-12-21;0;87
12;2025-12-21;1;4
12;2025-12-21;2;0
12;2025-12-21;3;0
12;2025-12-21;4;3
12;2025-12-21;5;140
12;2025-12-21;6;550
12;2025-12-21;7;747
12;2025-12-21;8;760
12;2025-12-21;9;958
12;2025-12-21;10;1204
12;2025-12-21;11;1313
12;2025-12-21;12;1388
12;2025-12-21;13;1630
12;2025-12-21;14;1531
12;2025-12-21;15;1567
12;2025-12-21;16;1566
12;2025-12-21;17;1618
12;2025-12-21;18;1405
12;2025-12-21;19;1049
12;2025-12-21;20;815
12;2025-12-21;21;624
12;2025-12-21;22;406
12;2025-12-21;23;206
12;2025-12-22;0;53
12;2025-12-22;1;4
12;2025-12-22;2;0
12;2025-12-22;3;0
12;2025-12-22;4;6
12;2025-12-22;5;322
12;2025-12-22;6;1294
12;2025-12-22;7;2656
12;2025-12-22;8;3401
12;2025-12-22;9;2230
12;2025-12-22;10;1690
12;2025-12-22;11;1714
12;2025-12-22;12;1883
12;2025-12-22;13;1847
12;2025-12-22;14;1899
12;2025-12-22;15;2080
12;2025-12-22;16;2660
12;2025-12-22;17;2943
12;2025-12-22;18;3173
12;2025-12-22;19;2427
12;2025-12-22;20;1655
12;2025-12-22;21;947
12;2025-12-22;22;465
12;2025-12-22;23;230
12;2025-12-23;0;58
12;2025-12-23;1;2
12;2025-12-23;2;0
12;2025-12-23;3;0
12;2025-12-23;4;6
12;2025-12-23;5;323
12;2025-12-23;6;1383
12;2025-12-23;7;2740
12;2025-12-23;8;3898
12;2025-12-23;9;2670
12;2025-12-23;10;2093
12;2025-12-23;11;1842
12;2025-12-23;12;2020
12;2025-12-23;13;2112
12;2025-12-23;14;1946
12;2025-12-23;15;2102
12;2025-12-23;16;2625
12;2025-12-23;17;3027
12;2025-12-23;18;3259
12;2025-12-23;19;2455
12;2025-12-23;20;1612
12;2025-12-23;21;975
12;2025-12-23;22;518
12;2025-12-23;23;263
12;2025-12-24;0;57
12;2025-12-24;1;2
12;2025-12-24;2;0
12;2025-12-24;3;0
12;2025-12-24;4;6
12;2025-12-24;5;318
12;2025-12-24;6;1361
12;2025-12-24;7;2696
12;2025-12-24;8;3835
12;2025-12-24;9;2627
12;2025-12-24;10;2059
12;2025-12-24;11;1812
12;2025-12-24;12;1987
12;2025-12-24;13;2078
12;2025-12-24;14;1915
12;2025-12-24;15;2068
12;2025-12-24;16;2583
12;2025-12-24;17;2978
12;2025-12-24;18;3207
12;2025-12-24;19;2416
12;2025-12-24;20;1586
12;2025-12-24;21;959
12;2025-12-24;22;510
12;2025-12-24;23;259
12;2025-12-25;0;56
12;2025-12-25;1;2
12;2025-12-25;2;0
12;2025-12-25;3;0
12;2025-12-25;4;6
12;2025-12-25;5;312
12;2025-12-25;6;1336
12;2025-12-25;7;2647
12;2025-12-25;8;3765
12;2025-12-25;9;2579
12;2025-12-25;10;2022
12;2025-12-25;11;1779
12;2025-12-25;12;1951
12;2025-12-25;13;2040
12;2025-12-25;14;1880
12;2025-12-25;15;2030
12;2025-12-25;16;2536
12;2025-12-25;17;2924
12;2025-12-25;18;3148
12;2025-12-25;19;2372
12;2025-12-25;20;1557
12;2025-12-25;21;942
12;2025-12-25;22;501
12;2025-12-25;23;254
12;2025-12-26;0;47
12;2025-12-26;1;1
12;2025-12-26;2;0
12;2025-12-26;3;0
12;2025-12-26;4;4
12;2025-12-26;5;302
12;2025-12-26;6;1324
12;2025-12-26;7;2753
12;2025-12-26;8;3198
12;2025-12-26;9;2336
12;2025-12-26;10;1708
12;2025-12-26;11;1809
12;2025-12-26;12;1974
12;2025-12-26;13;2114
12;2025-12-26;14;1820
12;2025-12-26;15;1985
12;2025-12-26;16;2773
12;2025-12-26;17;2716
12;2025-12-26;18;2507
12;2025-12-26;19;2018
12;2025-12-26;20;1295
12;2025-12-26;21;932
12;2025-12-26;22;483
12;2025-12-26;23;319
12;2025-12-27;0;67
12;2025-12-27;1;2
12;2025-12-27;2;0
12;2025-12-27;3;0
12;2025-12-27;4;1
12;2025-12-27;5;221
12;2025-12-27;6;784
12;2025-12-27;7;891
12;2025-12-27;8;1038
12;2025-12-27;9;1237
12;2025-12-27;10;1469
12;2025-12-27;11;1492
12;2025-12-27;12;1529
12;2025-12-27;13;1737
12;2025-12-27;14;1570
12;2025-12-27;15;1541
12;2025-12-27;16;1659
12;2025-12-27;17;1590
12;2025-12-27;18;1579
12;2025-12-27;19;1326
12;2025-12-27;20;931
12;2025-12-27;21;756
12;2025-12-27;22;385
12;2025-12-27;23;289
12;2025-12-28;0;84
12;2025-12-28;1;4
12;2025-12-28;2;0
12;2025-12-28;3;0
12;2025-12-28;4;3
12;2025-12-28;5;136
12;2025-12-28;6;533
12;2025-12-28;7;725
12;2025-12-28;8;737
12;2025-12-28;9;929
12;2025-12-28;10;1168
12;2025-12-28;11;1274
12;2025-12-28;12;1346
12;2025-12-28;13;1582
12;2025-12-28;14;1486
12;2025-12-28;15;1520
12;2025-12-28;16;1519
12;2025-12-28;17;1570
12;2025-12-28;18;1363
12;2025-12-28;19;1018
12;2025-12-28;20;791
12;2025-12-28;21;606
12;2025-12-28;22;394
12;2025-12-28;23;200
12;2025-12-29;0;46
12;2025-12-29;1;3
12;2025-12-29;2;0
12;2025-12-29;3;0
12;2025-12-29;4;5
12;2025-12-29;5;283
12;2025-12-29;6;1138
12;2025-12-29;7;2335
12;2025-12-29;8;2991
12;2025-12-29;9;1961
12;2025-12-29;10;1486
12;2025-12-29;11;1507
12;2025-12-29;12;1656
12;2025-12-29;13;1624
12;2025-12-29;14;1670
12;2025-12-29;15;1829
12;2025-12-29;16;2339
12;2025-12-29;17;2588
12;2025-12-29;18;2790
12;2025-12-29;19;2135
12;2025-12-29;20;1455
12;2025-12-29;21;833
12;2025-12-29;22;409
12;2025-12-29;23;202
12;2025-12-30;0;48
12;2025-12-30;1;2
12;2025-12-30;2;0
12;2025-12-30;3;0
12;2025-12-30;4;5
12;2025-12-30;5;269
12;2025-12-30;6;1152
12;2025-12-30;7;2282
12;2025-12-30;8;3246
12;2025-12-30;9;2224
12;2025-12-30;10;1743
12;2025-12-30;11;1534
12;2025-12-30;12;1682
12;2025-12-30;13;1759
12;2025-12-30;14;1621
12;2025-12-30;15;1750
12;2025-12-30;16;2187
12;2025-12-30;17;2521
12;2025-12-30;18;2714
12;2025-12-30;19;2045
12;2025-12-30;20;1343
12;2025-12-30;21;812
12;2025-12-30;22;432
12;2025-12-30;23;219
12;2025-12-31;0;77
12;2025-12-31;1;3
12;2025-12-31;2;0
12;2025-12-31;3;0
12;2025-12-31;4;3
12;2025-12-31;5;125
12;2025-12-31;6;490
12;2025-12-31;7;665
12;2025-12-31;8;677
12;2025-12-31;9;854
12;2025-12-31;10;1073
12;2025-12-31;11;1170
12;2025-12-31;12;1237
12;2025-12-31;13;1453
12;2025-12-31;14;1365
12;2025-12-31;15;1396
12;2025-12-31;16;1395
12;2025-12-31;17;1298
12;2025-12-31;18;1043
12;2025-12-31;19;717
12;2025-12-31;20;508
12;2025-12-31;21;320
12;2025-12-31;22;163
12;2025-12-31;23;82
17;2025-11-01;0;148
17;2025-11-01;1;19
17;2025-11-01;2;0
17;2025-11-01;3;0
17;2025-11-01;4;16
17;2025-11-01;5;203
17;2025-11-01;6;966
17;2025-11-01;7;2555
17;2025-11-01;8;3302
17;2025-11-01;9;2792
17;2025-11-01;10;2531
17;2025-11-01;11;2811
17;2025-11-01;12;2930
17;2025-11-01;13;3075
17;2025-11-01;14;3157
17;2025-11-01;15;3290
17;2025-11-01;16;3662
17;2025-11-01;17;3775
17;2025-11-01;18;3440
17;2025-11-01;19;2615
17;2025-11-01;20;1946
17;2025-11-01;21;1367
17;2025-11-01;22;695
17;2025-11-01;23;418
17;2025-11-02;0;193
17;2025-11-02;1;24
17;2025-11-02;2;0
17;2025-11-02;3;0
17;2025-11-02;4;3
17;2025-11-02;5;110
17;2025-11-02;6;454
17;2025-11-02;7;882
17;2025-11-02;8;1282
17;2025-11-02;9;1758
17;2025-11-02;10;2075
17;2025-11-02;11;2668
17;2025-11-02;12;3028
17;2025-11-02;13;3287
17;2025-11-02;14;3424
17;2025-11-02;15;3353
17;2025-11-02;16;3260
17;2025-11-02;17;3095
17;2025-11-02;18;2670
17;2025-11-02;19;2137
17;2025-11-02;20;1576
17;2025-11-02;21;1163
17;2025-11-02;22;712
17;2025-11-02;23;327
17;2025-11-03;0;162
17;2025-11-03;1;20
17;2025-11-03;2;0
17;2025-11-03;3;0
17;2025-11-03;4;2
17;2025-11-03;5;93
17;2025-11-03;6;382
17;2025-11-03;7;741
17;2025-11-03;8;1077
17;2025-11-03;9;1477
17;2025-11-03;10;1743
17;2025-11-03;11;2242
17;2025-11-03;12;2543
17;2025-11-03;13;2761
17;2025-11-03;14;2877
17;2025-11-03;15;2816
17;2025-11-03;16;2739
17;2025-11-03;17;2600
17;2025-11-03;18;2243
17;2025-11-03;19;1795
17;2025-11-03;20;1324
17;2025-11-03;21;977
17;2025-11-03;22;598
17;2025-11-03;23;275
17;2025-11-04;0;158
17;2025-11-04;1;20
17;2025-11-04;2;0
17;2025-11-04;3;0
17;2025-11-04;4;2
17;2025-11-04;5;91
17;2025-11-04;6;373
17;2025-11-04;7;723
17;2025-11-04;8;1052
17;2025-11-04;9;1442
17;2025-11-04;10;1702
17;2025-11-04;11;2189
17;2025-11-04;12;2484
17;2025-11-04;13;2697
17;2025-11-04;14;2809
17;2025-11-04;15;2751
17;2025-11-04;16;2675
17;2025-11-04;17;2539
17;2025-11-04;18;2190
17;2025-11-04;19;1753
17;2025-11-04;20;1293
17;2025-11-04;21;954
17;2025-11-04;22;584
17;2025-11-04;23;269
17;2025-11-05;0;115
17;2025-11-05;1;11
17;2025-11-05;2;0
17;2025-11-05;3;0
17;2025-11-05;4;24
17;2025-11-05;5;317
17;2025-11-05;6;1553
17;2025-11-05;7;4381
17;2025-11-05;8;5568
17;2025-11-05;9;3918
17;2025-11-05;10;3043
17;2025-11-05;11;2991
17;2025-11-05;12;2961
17;2025-11-05;13;3019
17;2025-11-05;14;3186
17;2025-11-05;15;3290
17;2025-11-05;16;3716
17;2025-11-05;17;4540
17;2025-11-05;18;4819
17;2025-11-05;19;3349
17;2025-11-05;20;2361
17;2025-11-05;21;1437
17;2025-11-05;22;650
17;2025-11-05;23;367
17;2025-11-06;0;115
17;2025-11-06;1;11
17;2025-11-06;2;0
17;2025-11-06;3;0
17;2025-11-06;4;24
17;2025-11-06;5;317
17;2025-11-06;6;1553
17;2025-11-06;7;4381
17;2025-11-06;8;5568
17;2025-11-06;9;3918
17;2025-11-06;10;3043
17;2025-11-06;11;2991
17;2025-11-06;12;2961
17;2025-11-06;13;3019
17;2025-11-06;14;3186
17;2025-11-06;15;3290
17;2025-11-06;16;3716
17;2025-11-06;17;4540
17;2025-11-06;18;4819
17;2025-11-06;19;3349
17;2025-11-06;20;2361
17;2025-11-06;21;1437
17;2025-11-06;22;650
17;2025-11-06;23;367
17;2025-11-07;0;134
17;2025-11-07;1;16
17;2025-11-07;2;0
17;2025-11-07;3;0
17;2025-11-07;4;30
17;2025-11-07;5;312
17;2025-11-07;6;1546
17;2025-11-07;7;4342
17;2025-11-07;8;5465
17;2025-11-07;9;3921
17;2025-11-07;10;3111
17;2025-11-07;11;3267
17;2025-11-07;12;3224
17;2025-11-07;13;3289
17;2025-11-07;14;3457
17;2025-11-07;15;3750
17;2025-11-07;16;4534
17;2025-11-07;17;5045
17;2025-11-07;18;4683
17;2025-11-07;19;3475
17;2025-11-07;20;2489
17;2025-11-07;21;1725
17;2025-11-07;22;764
17;2025-11-07;23;489
17;2025-11-08;0;207
17;2025-11-08;1;28
17;2025-11-08;2;0
17;2025-11-08;3;0
17;2025-11-08;4;6
17;2025-11-08;5;140
17;2025-11-08;6;594
17;2025-11-08;7;1294
17;2025-11-08;8;1834
17;2025-11-08;9;2332
17;2025-11-08;10;2607
17;2025-11-08;11;3108
17;2025-11-08;12;3443
17;2025-11-08;13;3716
17;2025-11-08;14;3727
17;2025-11-08;15;3720
17;2025-11-08;16;3739
17;2025-11-08;17;3439
17;2025-11-08;18;3037
17;2025-11-08;19;2406
17;2025-11-08;20;1897
17;2025-11-08;21;1359
17;2025-11-08;22;817
17;2025-11-08;23;459
17;2025-11-09;0;194
17;2025-11-09;1;25
17;2025-11-09;2;0
17;2025-11-09;3;0
17;2025-11-09;4;3
17;2025-11-09;5;111
17;2025-11-09;6;458
17;2025-11-09;7;889
17;2025-11-09;8;1293
17;2025-11-09;9;1772
17;2025-11-09;10;2091
17;2025-11-09;11;2690
17;2025-11-09;12;3052
17;2025-11-09;13;3314
17;2025-11-09;14;3452
17;2025-11-09;15;3380
17;2025-11-09;16;3287
17;2025-11-09;17;3120
17;2025-11-09;18;2692
17;2025-11-09;19;2155
17;2025-11-09;20;1589
17;2025-11-09;21;1173
17;2025-11-09;22;717
17;2025-11-09;23;330
17;2025-11-10;0;108
17;2025-11-10;1;14
17;2025-11-10;2;0
17;2025-11-10;3;0
17;2025-11-10;4;32
17;2025-11-10;5;299
17;2025-11-10;6;1563
17;2025-11-10;7;4197
17;2025-11-10;8;5408
17;2025-11-10;9;3829
17;2025-11-10;10;2744
17;2025-11-10;11;2751
17;2025-11-10;12;2798
17;2025-11-10;13;2880
17;2025-11-10;14;2953
17;2025-11-10;15;2993
17;2025-11-10;16;3593
17;2025-11-10;17;4084
17;2025-11-10;18;4620
17;2025-11-10;19;3148
17;2025-11-10;20;2115
17;2025-11-10;21;1352
17;2025-11-10;22;604
17;2025-11-10;23;286
17;2025-11-11;0;115
17;2025-11-11;1;11
17;2025-11-11;2;0
17;2025-11-11;3;0
17;2025-11-11;4;24
17;2025-11-11;5;317
17;2025-11-11;6;1553
17;2025-11-11;7;4381
17;2025-11-11;8;5568
17;2025-11-11;9;3918
17;2025-11-11;10;3043
17;2025-11-11;11;2991
17;2025-11-11;12;2961
17;2025-11-11;13;3019
17;2025-11-11;14;3186
17;2025-11-11;15;3290
17;2025-11-11;16;3716
17;2025-11-11;17;4540
17;2025-11-11;18;4819
17;2025-11-11;19;3349
17;2025-11-11;20;2361
17;2025-11-11;21;1437
17;2025-11-11;22;650
17;2025-11-11;23;367
17;2025-11-12;0;115
17;2025-11-12;1;11
17;2025-11-12;2;0
17;2025-11-12;3;0
17;2025-11-12;4;24
17;2025-11-12;5;317
17;2025-11-12;6;1553
17;2025-11-12;7;4381
17;2025-11-12;8;5568
17;2025-11-12;9;3918
17;2025-11-12;10;3043
17;2025-11-12;11;2991
17;2025-11-12;12;2961
17;2025-11-12;13;3019
17;2025-11-12;14;3186
17;2025-11-12;15;3290
17;2025-11-12;16;3716
17;2025-11-12;17;4540
17;2025-11-12;18;4819
17;2025-11-12;19;3349
17;2025-11-12;20;2361
17;2025-11-12;21;1437
17;2025-11-12;22;650
17;2025-11-12;23;367
17;2025-11-13;0;115
17;2025-11-13;1;11
17;2025-11-13;2;0
17;2025-11-13;3;0
17;2025-11-13;4;24
17;2025-11-13;5;317
17;2025-11-13;6;1553
17;2025-11-13;7;4381
17;2025-11-13;8;5568
17;2025-11-13;9;3918
17;2025-11-13;10;3043
17;2025-11-13;11;2991
17;2025-11-13;12;2961
17;2025-11-13;13;3019
17;2025-11-13;14;3186
17;2025-11-13;15;3290
17;2025-11-13;16;3716
17;2025-11-13;17;4540
17;2025-11-13;18;4819
17;2025-11-13;19;3349
17;2025-11-13;20;2361
17;2025-11-13;21;1437
17;2025-11-13;22;650
17;2025-11-13;23;367
17;2025-11-14;0;134
17;2025-11-14;1;16
17;2025-11-14;2;0
17;2025-11-14;3;0
17;2025-11-14;4;30
17;2025-11-14;5;312
17;2025-11-14;6;1546
17;2025-11-14;7;4342
17;2025-11-14;8;5465
17;2025-11-14;9;3921
17;2025-11-14;10;3111
17;2025-11-14;11;3267
17;2025-11-14;12;3224
17;2025-11-14;13;3289
17;2025-11-14;14;3457
17;2025-11-14;15;3750
17;2025-11-14;16;4534
17;2025-11-14;17;5045
17;2025-11-14;18;4683
17;2025-11-14;19;3475
17;2025-11-14;20;2489
17;2025-11-14;21;1725
17;2025-11-14;22;764
17;2025-11-14;23;489
17;2025-11-15;0;190
17;2025-11-15;1;26
17;2025-11-15;2;0
17;2025-11-15;3;0
17;2025-11-15;4;5
17;2025-11-15;5;128
17;2025-11-15;6;546
17;2025-11-15;7;1190
17;2025-11-15;8;1687
17;2025-11-15;9;2145
17;2025-11-15;10;2398
17;2025-11-15;11;2858
17;2025-11-15;12;3165
17;2025-11-15;13;3417
17;2025-11-15;14;3427
17;2025-11-15;15;3420
17;2025-11-15;16;3438
17;2025-11-15;17;3162
17;2025-11-15;18;2793
17;2025-11-15;19;2212
17;2025-11-15;20;1744
17;2025-11-15;21;1250
17;2025-11-15;22;751
17;2025-11-15;23;422
17;2025-11-16;0;194
17;2025-11-16;1;25
17;2025-11-16;2;0
17;2025-11-16;3;0
17;2025-11-16;4;3
17;2025-11-16;5;111
17;2025-11-16;6;458
17;2025-11-16;7;889
17;2025-11-16;8;1293
17;2025-11-16;9;1772
17;2025-11-16;10;2091
17;2025-11-16;11;2690
17;2025-11-16;12;3052
17;2025-11-16;13;3314
17;2025-11-16;14;3452
17;2025-11-16;15;3380
17;2025-11-16;16;3287
17;2025-11-16;17;3120
17;2025-11-16;18;2692
17;2025-11-16;19;2155
17;2025-11-16;20;1589
17;2025-11-16;21;1173
17;2025-11-16;22;717
17;2025-11-16;23;330
17;2025-11-17;0;105
17;2025-11-17;1;13
17;2025-11-17;2;0
17;2025-11-17;3;0
17;2025-11-17;4;31
17;2025-11-17;5;290
17;2025-11-17;6;1517
17;2025-11-17;7;4075
17;2025-11-17;8;5250
17;2025-11-17;9;3718
17;2025-11-17;10;2664
17;2025-11-17;11;2671
17;2025-11-17;12;2717
17;2025-11-17;13;2796
17;2025-11-17;14;2867
17;2025-11-17;15;2905
17;2025-11-17;16;3488
17;2025-11-17;17;3965
17;2025-11-17;18;4485
17;2025-11-17;19;3056
17;2025-11-17;20;2053
17;2025-11-17;21;1313
17;2025-11-17;22;586
17;2025-11-17;23;278
17;2025-11-18;0;111
17;2025-11-18;1;11
17;2025-11-18;2;0
17;2025-11-18;3;0
17;2025-11-18;4;24
17;2025-11-18;5;308
17;2025-11-18;6;1508
17;2025-11-18;7;4254
17;2025-11-18;8;5406
17;2025-11-18;9;3804
17;2025-11-18;10;2955
17;2025-11-18;11;2904
17;2025-11-18;12;2875
17;2025-11-18;13;2931
17;2025-11-18;14;3093
17;2025-11-18;15;3194
17;2025-11-18;16;3608
17;2025-11-18;17;4408
17;2025-11-18;18;4679
17;2025-11-18;19;3252
17;2025-11-18;20;2292
17;2025-11-18;21;1395
17;2025-11-18;22;631
17;2025-11-18;23;357
17;2025-11-19;0;111
17;2025-11-19;1;11
17;2025-11-19;2;0
17;2025-11-19;3;0
17;2025-11-19;4;24
17;2025-11-19;5;308
17;2025-11-19;6;1508
17;2025-11-19;7;4254
17;2025-11-19;8;5406
17;2025-11-19;9;3804
17;2025-11-19;10;2955
17;2025-11-19;11;2904
17;2025-11-19;12;2875
17;2025-11-19;13;2931
17;2025-11-19;14;3093
17;2025-11-19;15;3194
17;2025-11-19;16;3608
17;2025-11-19;17;4408
17;2025-11-19;18;4679
17;2025-11-19;19;3252
17;2025-11-19;20;2292
17;2025-11-19;21;1395
17;2025-11-19;22;631
17;2025-11-19;23;357
17;2025-11-20;0;111
17;2025-11-20;1;11
17;2025-11-20;2;0
17;2025-11-20;3;0
17;2025-11-20;4;24
17;2025-11-20;5;308
17;2025-11-20;6;1508
17;2025-11-20;7;4254
17;2025-11-20;8;5406
17;2025-11-20;9;3804
17;2025-11-20;10;2955
17;2025-11-20;11;2904
17;2025-11-20;12;2875
17;2025-11-20;13;2931
17;2025-11-20;14;3093
17;2025-11-20;15;3194
17;2025-11-20;16;3608
17;2025-11-20;17;4408
17;2025-11-20;18;4679
17;2025-11-20;19;3252
17;2025-11-20;20;2292
17;2025-11-20;21;1395
17;2025-11-20;22;631
17;2025-11-20;23;357
17;2025-11-21;0;129
17;2025-11-21;1;15
17;2025-11-21;2;0
17;2025-11-21;3;0
17;2025-11-21;4;29
17;2025-11-21;5;302
17;2025-11-21;6;1497
17;2025-11-21;7;4203
17;2025-11-21;8;5290
17;2025-11-21;9;3795
17;2025-11-21;10;3012
17;2025-11-21;11;3162
17;2025-11-21;12;3120
17;2025-11-21;13;3183
17;2025-11-21;14;3346
17;2025-11-21;15;3630
17;2025-11-21;16;4388
17;2025-11-21;17;4883
17;2025-11-21;18;4533
17;2025-11-21;19;3364
17;2025-11-21;20;2409
17;2025-11-21;21;1669
17;2025-11-21;22;739
17;2025-11-21;23;474
17;2025-11-22;0;201
17;2025-11-22;1;28
17;2025-11-22;2;0
17;2025-11-22;3;0
17;2025-11-22;4;5
17;2025-11-22;5;136
17;2025-11-22;6;579
17;2025-11-22;7;1260
17;2025-11-22;8;1787
17;2025-11-22;9;2272
17;2025-11-22;10;2539
17;2025-11-22;11;3027
17;2025-11-22;12;3353
17;2025-11-22;13;3619
17;2025-11-22;14;3630
17;2025-11-22;15;3623
17;2025-11-22;16;3642
17;2025-11-22;17;3350
17;2025-11-22;18;2958
17;2025-11-22;19;2343
17;2025-11-22;20;1847
17;2025-11-22;21;1324
17;2025-11-22;22;796
17;2025-11-22;23;447
17;2025-11-23;0;194
17;2025-11-23;1;25
17;2025-11-23;2;0
17;2025-11-23;3;0
17;2025-11-23;4;3
17;2025-11-23;5;111
17;2025-11-23;6;458
17;2025-11-23;7;889
17;2025-11-23;8;1293
17;2025-11-23;9;1772
17;2025-11-23;10;2091
17;2025-11-23;11;2690
17;2025-11-23;12;3052
17;2025-11-23;13;3314
17;2025-11-23;14;3452
17;2025-11-23;15;3380
17;2025-11-23;16;3287
17;2025-11-23;17;3120
17;2025-11-23;18;2692
17;2025-11-23;19;2155
17;2025-11-23;20;1589
17;2025-11-23;21;1173
17;2025-11-23;22;717
17;2025-11-23;23;330
17;2025-11-24;0;108
17;2025-11-24;1;14
17;2025-11-24;2;0
17;2025-11-24;3;0
17;2025-11-24;4;32
17;2025-11-24;5;298
17;2025-11-24;6;1558
17;2025-11-24;7;4184
17;2025-11-24;8;5391
17;2025-11-24;9;3818
17;2025-11-24;10;2735
17;2025-11-24;11;2742
17;2025-11-24;12;2790
17;2025-11-24;13;2871
17;2025-11-24;14;2943
17;2025-11-24;15;2983
17;2025-11-24;16;3582
17;2025-11-24;17;4071
17;2025-11-24;18;4606
17;2025-11-24;19;3138
17;2025-11-24;20;2108
17;2025-11-24;21;1348
17;2025-11-24;22;602
17;2025-11-24;23;285
17;2025-11-25;0;115
17;2025-11-25;1;11
17;2025-11-25;2;0
17;2025-11-25;3;0
17;2025-11-25;4;24
17;2025-11-25;5;317
17;2025-11-25;6;1553
17;2025-11-25;7;4381
17;2025-11-25;8;5568
17;2025-11-25;9;3918
17;2025-11-25;10;3043
17;2025-11-25;11;2991
17;2025-11-25;12;2961
17;2025-11-25;13;3019
17;2025-11-25;14;3186
17;2025-11-25;15;3290
17;2025-11-25;16;3716
17;2025-11-25;17;4540
17;2025-11-25;18;4819
17;2025-11-25;19;3349
17;2025-11-25;20;2361
17;2025-11-25;21;1437
17;2025-11-25;22;650
17;2025-11-25;23;367
17;2025-11-26;0;110
17;2025-11-26;1;10
17;2025-11-26;2;0
17;2025-11-26;3;0
17;2025-11-26;4;23
17;2025-11-26;5;303
17;2025-11-26;6;1486
17;2025-11-26;7;4192
17;2025-11-26;8;5328
17;2025-11-26;9;3749
17;2025-11-26;10;2912
17;2025-11-26;11;2862
17;2025-11-26;12;2833
17;2025-11-26;13;2888
17;2025-11-26;14;3048
17;2025-11-26;15;3148
17;2025-11-26;16;3556
17;2025-11-26;17;4344
17;2025-11-26;18;4611
17;2025-11-26;19;3205
17;2025-11-26;20;2259
17;2025-11-26;21;1375
17;2025-11-26;22;622
17;2025-11-26;23;351
17;2025-11-27;0;115
17;2025-11-27;1;11
17;2025-11-27;2;0
17;2025-11-27;3;0
17;2025-11-27;4;24
17;2025-11-27;5;317
17;2025-11-27;6;1553
17;2025-11-27;7;4381
17;2025-11-27;8;5568
17;2025-11-27;9;3918
17;2025-11-27;10;3043
17;2025-11-27;11;2991
17;2025-11-27;12;2961
17;2025-11-27;13;3019
17;2025-11-27;14;3186
17;2025-11-27;15;3290
17;2025-11-27;16;3716
17;2025-11-27;17;4540
17;2025-11-27;18;4819
17;2025-11-27;19;3349
17;2025-11-27;20;2361
17;2025-11-27;21;1437
17;2025-11-27;22;650
17;2025-11-27;23;367
17;2025-11-28;0;134
17;2025-11-28;1;16
17;2025-11-28;2;0
17;2025-11-28;3;0
17;2025-11-28;4;30
17;2025-11-28;5;312
17;2025-11-28;6;1546
17;2025-11-28;7;4342
17;2025-11-28;8;5465
17;2025-11-28;9;3921
17;2025-11-28;10;3111
17;2025-11-28;11;3267
17;2025-11-28;12;3224
17;2025-11-28;13;3289
17;2025-11-28;14;3457
17;2025-11-28;15;3750
17;2025-11-28;16;4534
17;2025-11-28;17;5045
17;2025-11-28;18;4683
17;2025-11-28;19;3475
17;2025-11-28;20;2489
17;2025-11-28;21;1725
17;2025-11-28;22;764
17;2025-11-28;23;489
17;2025-11-29;0;207
17;2025-11-29;1;28
17;2025-11-29;2;0
17;2025-11-29;3;0
17;2025-11-29;4;6
17;2025-11-29;5;140
17;2025-11-29;6;594
17;2025-11-29;7;1294
17;2025-11-29;8;1834
17;2025-11-29;9;2332
17;2025-11-29;10;2607
17;2025-11-29;11;3108
17;2025-11-29;12;3443
17;2025-11-29;13;3716
17;2025-11-29;14;3727
17;2025-11-29;15;3720
17;2025-11-29;16;3739
17;2025-11-29;17;3439
17;2025-11-29;18;3037
17;2025-11-29;19;2406
17;2025-11-29;20;1897
17;2025-11-29;21;1359
17;2025-11-29;22;817
17;2025-11-29;23;459
17;2025-11-30;0;194
17;2025-11-30;1;25
17;2025-11-30;2;0
17;2025-11-30;3;0
17;2025-11-30;4;3
17;2025-11-30;5;111
17;2025-11-30;6;458
17;2025-11-30;7;889
17;2025-11-30;8;1293
17;2025-11-30;9;1772
17;2025-11-30;10;2091
17;2025-11-30;11;2690
17;2025-11-30;12;3052
17;2025-11-30;13;3314
17;2025-11-30;14;3452
17;2025-11-30;15;3380
17;2025-11-30;16;3287
17;2025-11-30;17;3120
17;2025-11-30;18;2692
17;2025-11-30;19;2155
17;2025-11-30;20;1589
17;2025-11-30;21;1173
17;2025-11-30;22;717
17;2025-11-30;23;330
17;2025-12-01;0;108
17;2025-12-01;1;14
17;2025-12-01;2;0
17;2025-12-01;3;0
17;2025-12-01;4;32
17;2025-12-01;5;299
17;2025-12-01;6;1563
17;2025-12-01;7;4197
17;2025-12-01;8;5408
17;2025-12-01;9;3829
17;2025-12-01;10;2744
17;2025-12-01;11;2751
17;2025-12-01;12;2798
17;2025-12-01;13;2880
17;2025-12-01;14;2953
17;2025-12-01;15;2993
17;2025-12-01;16;3593
17;2025-12-01;17;4084
17;2025-12-01;18;4620
17;2025-12-01;19;3148
17;2025-12-01;20;2115
17;2025-12-01;21;1352
17;2025-12-01;22;604
17;2025-12-01;23;286
17;2025-12-02;0;115
17;2025-12-02;1;11
17;2025-12-02;2;0
17;2025-12-02;3;0
17;2025-12-02;4;24
17;2025-12-02;5;317
17;2025-12-02;6;1553
17;2025-12-02;7;4381
17;2025-12-02;8;5568
17;2025-12-02;9;3918
17;2025-12-02;10;3043
17;2025-12-02;11;2991
17;2025-12-02;12;2961
17;2025-12-02;13;3019
17;2025-12-02;14;3186
17;2025-12-02;15;3290
17;2025-12-02;16;3716
17;2025-12-02;17;4540
17;2025-12-02;18;4819
17;2025-12-02;19;3349
17;2025-12-02;20;2361
17;2025-12-02;21;1437
17;2025-12-02;22;650
17;2025-12-02;23;367
17;2025-12-03;0;115
17;2025-12-03;1;11
17;2025-12-03;2;0
17;2025-12-03;3;0
17;2025-12-03;4;24
17;2025-12-03;5;317
17;2025-12-03;6;1553
17;2025-12-03;7;4381
17;2025-12-03;8;5568
17;2025-12-03;9;3918
17;2025-12-03;10;3043
17;2025-12-03;11;2991
17;2025-12-03;12;2961
17;2025-12-03;13;3019
17;2025-12-03;14;3186
17;2025-12-03;15;3290
17;2025-12-03;16;3716
17;2025-12-03;17;4540
17;2025-12-03;18;4819
17;2025-12-03;19;3349
17;2025-12-03;20;2361
17;2025-12-03;21;1437
17;2025-12-03;22;650
17;2025-12-03;23;367
17;2025-12-04;0;115
17;2025-12-04;1;11
17;2025-12-04;2;0
17;2025-12-04;3;0
17;2025-12-04;4;24
17;2025-12-04;5;317
17;2025-12-04;6;1553
17;2025-12-04;7;4381
17;2025-12-04;8;5568
17;2025-12-04;9;3918
17;2025-12-04;10;3043
17;2025-12-04;11;2991
17;2025-12-04;12;2961
17;2025-12-04;13;3019
17;2025-12-04;14;3186
17;2025-12-04;15;3290
17;2025-12-04;16;3716
17;2025-12-04;17;4540
17;2025-12-04;18;4819
17;2025-12-04;19;3349
17;2025-12-04;20;2361
17;2025-12-04;21;1437
17;2025-12-04;22;650
17;2025-12-04;23;367
17;2025-12-05;0;134
17;2025-12-05;1;16
17;2025-12-05;2;0
17;2025-12-05;3;0
17;2025-12-05;4;30
17;2025-12-05;5;312
17;2025-12-05;6;1546
17;2025-12-05;7;4342
17;2025-12-05;8;5465
17;2025-12-05;9;3921
17;2025-12-05;10;3111
17;2025-12-05;11;3267
17;2025-12-05;12;3224
17;2025-12-05;13;3289
17;2025-12-05;14;3457
17;2025-12-05;15;3750
17;2025-12-05;16;4534
17;2025-12-05;17;5045
17;2025-12-05;18;4683
17;2025-12-05;19;3475
17;2025-12-05;20;2489
17;2025-12-05;21;1725
17;2025-12-05;22;764
17;2025-12-05;23;489
17;2025-12-06;0;207
17;2025-12-06;1;28
17;2025-12-06;2;0
17;2025-12-06;3;0
17;2025-12-06;4;6
17;2025-12-06;5;140
17;2025-12-06;6;594
17;2025-12-06;7;1294
17;2025-12-06;8;1834
17;2025-12-06;9;2332
17;2025-12-06;10;2607
17;2025-12-06;11;3108
17;2025-12-06;12;3443
17;2025-12-06;13;3716
17;2025-12-06;14;3727
17;2025-12-06;15;3720
17;2025-12-06;16;3739
17;2025-12-06;17;3439
17;2025-12-06;18;3037
17;2025-12-06;19;2406
17;2025-12-06;20;1897
17;2025-12-06;21;1359
17;2025-12-06;22;817
17;2025-12-06;23;459
17;2025-12-07;0;194
17;2025-12-07;1;25
17;2025-12-07;2;0
17;2025-12-07;3;0
17;2025-12-07;4;3
17;2025-12-07;5;111
17;2025-12-07;6;458
17;2025-12-07;7;889
17;2025-12-07;8;1293
17;2025-12-07;9;1772
17;2025-12-07;10;2091
17;2025-12-07;11;2690
17;2025-12-07;12;3052
17;2025-12-07;13;3314
17;2025-12-07;14;3452
17;2025-12-07;15;3380
17;2025-12-07;16;3287
17;2025-12-07;17;3120
17;2025-12-07;18;2692
17;2025-12-07;19;2155
17;2025-12-07;20;1589
17;2025-12-07;21;1173
17;2025-12-07;22;717
17;2025-12-07;23;330
17;2025-12-08;0;108
17;2025-12-08;1;14
17;2025-12-08;2;0
17;2025-12-08;3;0
17;2025-12-08;4;32
17;2025-12-08;5;299
17;2025-12-08;6;1563
17;2025-12-08;7;4197
17;2025-12-08;8;5408
17;2025-12-08;9;3829
17;2025-12-08;10;2744
17;2025-12-08;11;2751
17;2025-12-08;12;2798
17;2025-12-08;13;2880
17;2025-12-08;14;2953
17;2025-12-08;15;2993
17;2025-12-08;16;3593
17;2025-12-08;17;4084
17;2025-12-08;18;4620
17;2025-12-08;19;3148
17;2025-12-08;20;2115
17;2025-12-08;21;1352
17;2025-12-08;22;604
17;2025-12-08;23;286
17;2025-12-09;0;115
17;2025-12-09;1;11
17;2025-12-09;2;0
17;2025-12-09;3;0
17;2025-12-09;4;24
17;2025-12-09;5;317
17;2025-12-09;6;1553
17;2025-12-09;7;4381
17;2025-12-09;8;5568
17;2025-12-09;9;3918
17;2025-12-09;10;3043
17;2025-12-09;11;2991
17;2025-12-09;12;2961
17;2025-12-09;13;3019
17;2025-12-09;14;3186
17;2025-12-09;15;3290
17;2025-12-09;16;3716
17;2025-12-09;17;4540
17;2025-12-09;18;4819
17;2025-12-09;19;3349
17;2025-12-09;20;2361
17;2025-12-09;21;1437
17;2025-12-09;22;650
17;2025-12-09;23;367
17;2025-12-10;0;113
17;2025-12-10;1;11
17;2025-12-10;2;0
17;2025-12-10;3;0
17;2025-12-10;4;24
17;2025-12-10;5;312
17;2025-12-10;6;1528
17;2025-12-10;7;4311
17;2025-12-10;8;5479
17;2025-12-10;9;3855
17;2025-12-10;10;2994
17;2025-12-10;11;2943
17;2025-12-10;12;2913
17;2025-12-10;13;2970
17;2025-12-10;14;3135
17;2025-12-10;15;3237
17;2025-12-10;16;3657
17;2025-12-10;17;4468
17;2025-12-10;18;4742
17;2025-12-10;19;3296
17;2025-12-10;20;2323
17;2025-12-10;21;1414
17;2025-12-10;22;639
17;2025-12-10;23;361
17;2025-12-11;0;115
17;2025-12-11;1;11
17;2025-12-11;2;0
17;2025-12-11;3;0
17;2025-12-11;4;24
17;2025-12-11;5;317
17;2025-12-11;6;1553
17;2025-12-11;7;4381
17;2025-12-11;8;5568
17;2025-12-11;9;3918
17;2025-12-11;10;3043
17;2025-12-11;11;2991
17;2025-12-11;12;2961
17;2025-12-11;13;3019
17;2025-12-11;14;3186
17;2025-12-11;15;3290
17;2025-12-11;16;3716
17;2025-12-11;17;4540
17;2025-12-11;18;4819
17;2025-12-11;19;3349
17;2025-12-11;20;2361
17;2025-12-11;21;1437
17;2025-12-11;22;650
17;2025-12-11;23;367
17;2025-12-12;0;130
17;2025-12-12;1;15
17;2025-12-12;2;0
17;2025-12-12;3;0
17;2025-12-12;4;29
17;2025-12-12;5;304
17;2025-12-12;6;1509
17;2025-12-12;7;4237
17;2025-12-12;8;5333
17;2025-12-12;9;3827
17;2025-12-12;10;3036
17;2025-12-12;11;3188
17;2025-12-12;12;3146
17;2025-12-12;13;3210
17;2025-12-12;14;3374
17;2025-12-12;15;3660
17;2025-12-12;16;4424
17;2025-12-12;17;4924
17;2025-12-12;18;4571
17;2025-12-12;19;3391
17;2025-12-12;20;2429
17;2025-12-12;21;1683
17;2025-12-12;22;746
17;2025-12-12;23;477
17;2025-12-13;0;204
17;2025-12-13;1;28
17;2025-12-13;2;0
17;2025-12-13;3;0
17;2025-12-13;4;6
17;2025-12-13;5;138
17;2025-12-13;6;586
17;2025-12-13;7;1276
17;2025-12-13;8;1809
17;2025-12-13;9;2300
17;2025-12-13;10;2572
17;2025-12-13;11;3065
17;2025-12-13;12;3395
17;2025-12-13;13;3665
17;2025-12-13;14;3676
17;2025-12-13;15;3669
17;2025-12-13;16;3688
17;2025-12-13;17;3392
17;2025-12-13;18;2996
17;2025-12-13;19;2373
17;2025-12-13;20;1871
17;2025-12-13;21;1341
17;2025-12-13;22;806
17;2025-12-13;23;453
17;2025-12-14;0;194
17;2025-12-14;1;24
17;2025-12-14;2;0
17;2025-12-14;3;0
17;2025-12-14;4;3
17;2025-12-14;5;111
17;2025-12-14;6;456
17;2025-12-14;7;886
17;2025-12-14;8;1289
17;2025-12-14;9;1767
17;2025-12-14;10;2085
17;2025-12-14;11;2682
17;2025-12-14;12;3043
17;2025-12-14;13;3304
17;2025-12-14;14;3441
17;2025-12-14;15;3370
17;2025-12-14;16;3277
17;2025-12-14;17;3110
17;2025-12-14;18;2683
17;2025-12-14;19;2148
17;2025-12-14;20;1584
17;2025-12-14;21;1169
17;2025-12-14;22;715
17;2025-12-14;23;329
17;2025-12-15;0;108
17;2025-12-15;1;14
17;2025-12-15;2;0
17;2025-12-15;3;0
17;2025-12-15;4;32
17;2025-12-15;5;298
17;2025-12-15;6;1558
17;2025-12-15;7;4184
17;2025-12-15;8;5391
17;2025-12-15;9;3818
17;2025-12-15;10;2735
17;2025-12-15;11;2742
17;2025-12-15;12;2790
17;2025-12-15;13;2871
17;2025-12-15;14;2943
17;2025-12-15;15;2983
17;2025-12-15;16;3582
17;2025-12-15;17;4071
17;2025-12-15;18;4606
17;2025-12-15;19;3138
17;2025-12-15;20;2108
17;2025-12-15;21;1348
17;2025-12-15;22;602
17;2025-12-15;23;285
17;2025-12-16;0;111
17;2025-12-16;1;11
17;2025-12-16;2;0
17;2025-12-16;3;0
17;2025-12-16;4;24
17;2025-12-16;5;308
17;2025-12-16;6;1508
17;2025-12-16;7;4253
17;2025-12-16;8;5405
17;2025-12-16;9;3803
17;2025-12-16;10;2954
17;2025-12-16;11;2903
17;2025-12-16;12;2874
17;2025-12-16;13;2930
17;2025-12-16;14;3092
17;2025-12-16;15;3193
17;2025-12-16;16;3607
17;2025-12-16;17;4407
17;2025-12-16;18;4678
17;2025-12-16;19;3251
17;2025-12-16;20;2291
17;2025-12-16;21;1395
17;2025-12-16;22;631
17;2025-12-16;23;357
17;2025-12-17;0;115
17;2025-12-17;1;11
17;2025-12-17;2;0
17;2025-12-17;3;0
17;2025-12-17;4;24
17;2025-12-17;5;317
17;2025-12-17;6;1553
17;2025-12-17;7;4381
17;2025-12-17;8;5568
17;2025-12-17;9;3918
17;2025-12-17;10;3043
17;2025-12-17;11;2991
17;2025-12-17;12;2961
17;2025-12-17;13;3019
17;2025-12-17;14;3186
17;2025-12-17;15;3290
17;2025-12-17;16;3716
17;2025-12-17;17;4540
17;2025-12-17;18;4819
17;2025-12-17;19;3349
17;2025-12-17;20;2361
17;2025-12-17;21;1437
17;2025-12-17;22;650
17;2025-12-17;23;367
17;2025-12-18;0;115
17;2025-12-18;1;11
17;2025-12-18;2;0
17;2025-12-18;3;0
17;2025-12-18;4;24
17;2025-12-18;5;317
17;2025-12-18;6;1553
17;2025-12-18;7;4381
17;2025-12-18;8;5568
17;2025-12-18;9;3918
17;2025-12-18;10;3043
17;2025-12-18;11;2991
17;2025-12-18;12;2961
17;2025-12-18;13;3019
17;2025-12-18;14;3186
17;2025-12-18;15;3290
17;2025-12-18;16;3716
17;2025-12-18;17;4540
17;2025-12-18;18;4819
17;2025-12-18;19;3349
17;2025-12-18;20;2361
17;2025-12-18;21;1437
17;2025-12-18;22;650
17;2025-12-18;23;367
17;2025-12-19;0;134
17;2025-12-19;1;16
17;2025-12-19;2;0
17;2025-12-19;3;0
17;2025-12-19;4;30
17;2025-12-19;5;312
17;2025-12-19;6;1546
17;2025-12-19;7;4342
17;2025-12-19;8;5465
17;2025-12-19;9;3921
17;2025-12-19;10;3111
17;2025-12-19;11;3267
17;2025-12-19;12;3224
17;2025-12-19;13;3289
17;2025-12-19;14;3457
17;2025-12-19;15;3750
17;2025-12-19;16;4534
17;2025-12-19;17;5045
17;2025-12-19;18;4683
17;2025-12-19;19;3475
17;2025-12-19;20;2489
17;2025-12-19;21;1725
17;2025-12-19;22;764
17;2025-12-19;23;489
17;2025-12-20;0;207
17;2025-12-20;1;28
17;2025-12-20;2;0
17;2025-12-20;3;0
17;2025-12-20;4;6
17;2025-12-20;5;140
17;2025-12-20;6;594
17;2025-12-20;7;1294
17;2025-12-20;8;1834
17;2025-12-20;9;2332
17;2025-12-20;10;2607
17;2025-12-20;11;3108
17;2025-12-20;12;3443
17;2025-12-20;13;3716
17;2025-12-20;14;3727
17;2025-12-20;15;3720
17;2025-12-20;16;3739
17;2025-12-20;17;3439
17;2025-12-20;18;3037
17;2025-12-20;19;2406
17;2025-12-20;20;1897
17;2025-12-20;21;1359
17;2025-12-20;22;817
17;2025-12-20;23;459
17;2025-12-21;0;193
17;2025-12-21;1;24
17;2025-12-21;2;0
17;2025-12-21;3;0
17;2025-12-21;4;3
17;2025-12-21;5;111
17;2025-12-21;6;455
17;2025-12-21;7;883
17;2025-12-21;8;1285
17;2025-12-21;9;1762
17;2025-12-21;10;2079
17;2025-12-21;11;2674
17;2025-12-21;12;3034
17;2025-12-21;13;3294
17;2025-12-21;14;3431
17;2025-12-21;15;3360
17;2025-12-21;16;3267
17;2025-12-21;17;3101
17;2025-12-21;18;2676
17;2025-12-21;19;2142
17;2025-12-21;20;1579
17;2025-12-21;21;1166
17;2025-12-21;22;713
17;2025-12-21;23;328
17;2025-12-22;0;107
17;2025-12-22;1;14
17;2025-12-22;2;0
17;2025-12-22;3;0
17;2025-12-22;4;32
17;2025-12-22;5;296
17;2025-12-22;6;1545
17;2025-12-22;7;4150
17;2025-12-22;8;5347
17;2025-12-22;9;3786
17;2025-12-22;10;2713
17;2025-12-22;11;2720
17;2025-12-22;12;2767
17;2025-12-22;13;2847
17;2025-12-22;14;2919
17;2025-12-22;15;2959
17;2025-12-22;16;3552
17;2025-12-22;17;4038
17;2025-12-22;18;4568
17;2025-12-22;19;3112
17;2025-12-22;20;2091
17;2025-12-22;21;1337
17;2025-12-22;22;597
17;2025-12-22;23;283
17;2025-12-23;0;115
17;2025-12-23;1;11
17;2025-12-23;2;0
17;2025-12-23;3;0
17;2025-12-23;4;24
17;2025-12-23;5;317
17;2025-12-23;6;1553
17;2025-12-23;7;4381
17;2025-12-23;8;5568
17;2025-12-23;9;3918
17;2025-12-23;10;3043
17;2025-12-23;11;2991
17;2025-12-23;12;2961
17;2025-12-23;13;3019
17;2025-12-23;14;3186
17;2025-12-23;15;3290
17;2025-12-23;16;3716
17;2025-12-23;17;4540
17;2025-12-23;18;4819
17;2025-12-23;19;3349
17;2025-12-23;20;2361
17;2025-12-23;21;1437
17;2025-12-23;22;650
17;2025-12-23;23;367
17;2025-12-24;0;113
17;2025-12-24;1;11
17;2025-12-24;2;0
17;2025-12-24;3;0
17;2025-12-24;4;24
17;2025-12-24;5;312
17;2025-12-24;6;1528
17;2025-12-24;7;4311
17;2025-12-24;8;5479
17;2025-12-24;9;3855
17;2025-12-24;10;2994
17;2025-12-24;11;2943
17;2025-12-24;12;2913
17;2025-12-24;13;2970
17;2025-12-24;14;3135
17;2025-12-24;15;3237
17;2025-12-24;16;3657
17;2025-12-24;17;4468
17;2025-12-24;18;4742
17;2025-12-24;19;3296
17;2025-12-24;20;2323
17;2025-12-24;21;1414
17;2025-12-24;22;639
17;2025-12-24;23;361
17;2025-12-25;0;111
17;2025-12-25;1;11
17;2025-12-25;2;0
17;2025-12-25;3;0
17;2025-12-25;4;23
17;2025-12-25;5;306
17;2025-12-25;6;1500
17;2025-12-25;7;4232
17;2025-12-25;8;5379
17;2025-12-25;9;3785
17;2025-12-25;10;2940
17;2025-12-25;11;2889
17;2025-12-25;12;2860
17;2025-12-25;13;2916
17;2025-12-25;14;3078
17;2025-12-25;15;3178
17;2025-12-25;16;3590
17;2025-12-25;17;4386
17;2025-12-25;18;4656
17;2025-12-25;19;3236
17;2025-12-25;20;2280
17;2025-12-25;21;1389
17;2025-12-25;22;628
17;2025-12-25;23;355
17;2025-12-26;0;125
17;2025-12-26;1;15
17;2025-12-26;2;0
17;2025-12-26;3;0
17;2025-12-26;4;28
17;2025-12-26;5;292
17;2025-12-26;6;1449
17;2025-12-26;7;4067
17;2025-12-26;8;5119
17;2025-12-26;9;3673
17;2025-12-26;10;2914
17;2025-12-26;11;3060
17;2025-12-26;12;3019
17;2025-12-26;13;3081
17;2025-12-26;14;3238
17;2025-12-26;15;3513
17;2025-12-26;16;4246
17;2025-12-26;17;4726
17;2025-12-26;18;4387
17;2025-12-26;19;3255
17;2025-12-26;20;2332
17;2025-12-26;21;1616
17;2025-12-26;22;716
17;2025-12-26;23;458
17;2025-12-27;0;206
17;2025-12-27;1;28
17;2025-12-27;2;0
17;2025-12-27;3;0
17;2025-12-27;4;6
17;2025-12-27;5;139
17;2025-12-27;6;591
17;2025-12-27;7;1286
17;2025-12-27;8;1823
17;2025-12-27;9;2318
17;2025-12-27;10;2592
17;2025-12-27;11;3089
17;2025-12-27;12;3422
17;2025-12-27;13;3693
17;2025-12-27;14;3704
17;2025-12-27;15;3697
17;2025-12-27;16;3717
17;2025-12-27;17;3419
17;2025-12-27;18;3019
17;2025-12-27;19;2391
17;2025-12-27;20;1885
17;2025-12-27;21;1351
17;2025-12-27;22;812
17;2025-12-27;23;456
17;2025-12-28;0;187
17;2025-12-28;1;24
17;2025-12-28;2;0
17;2025-12-28;3;0
17;2025-12-28;4;3
17;2025-12-28;5;107
17;2025-12-28;6;442
17;2025-12-28;7;857
17;2025-12-28;8;1247
17;2025-12-28;9;1709
17;2025-12-28;10;2017
17;2025-12-28;11;2595
17;2025-12-28;12;2944
17;2025-12-28;13;3197
17;2025-12-28;14;3330
17;2025-12-28;15;3260
17;2025-12-28;16;3171
17;2025-12-28;17;3010
17;2025-12-28;18;2596
17;2025-12-28;19;2078
17;2025-12-28;20;1532
17;2025-12-28;21;1131
17;2025-12-28;22;692
17;2025-12-28;23;318
17;2025-12-29;0;94
17;2025-12-29;1;12
17;2025-12-29;2;0
17;2025-12-29;3;0
17;2025-12-29;4;28
17;2025-12-29;5;260
17;2025-12-29;6;1359
17;2025-12-29;7;3649
17;2025-12-29;8;4702
17;2025-12-29;9;3329
17;2025-12-29;10;2386
17;2025-12-29;11;2391
17;2025-12-29;12;2433
17;2025-12-29;13;2504
17;2025-12-29;14;2567
17;2025-12-29;15;2602
17;2025-12-29;16;3124
17;2025-12-29;17;3551
17;2025-12-29;18;4017
17;2025-12-29;19;2737
17;2025-12-29;20;1839
17;2025-12-29;21;1175
17;2025-12-29;22;525
17;2025-12-29;23;249
17;2025-12-30;0;96
17;2025-12-30;1;9
17;2025-12-30;2;0
17;2025-12-30;3;0
17;2025-12-30;4;20
17;2025-12-30;5;264
17;2025-12-30;6;1294
17;2025-12-30;7;3649
17;2025-12-30;8;4638
17;2025-12-30;9;3263
17;2025-12-30;10;2535
17;2025-12-30;11;2491
17;2025-12-30;12;2466
17;2025-12-30;13;2514
17;2025-12-30;14;2653
17;2025-12-30;15;2740
17;2025-12-30;16;3095
17;2025-12-30;17;3781
17;2025-12-30;18;4014
17;2025-12-30;19;2790
17;2025-12-30;20;1966
17;2025-12-30;21;1197
17;2025-12-30;22;541
17;2025-12-30;23;306
17;2025-12-31;0;172
17;2025-12-31;1;22
17;2025-12-31;2;0
17;2025-12-31;3;0
17;2025-12-31;4;3
17;2025-12-31;5;99
17;2025-12-31;6;406
17;2025-12-31;7;787
17;2025-12-31;8;1145
17;2025-12-31;9;1570
17;2025-12-31;10;1853
17;2025-12-31;11;2383
17;2025-12-31;12;2704
17;2025-12-31;13;2936
17;2025-12-31;14;3058
17;2025-12-31;15;2994
17;2025-12-31;16;2912
17;2025-12-31;17;2487
17;2025-12-31;18;1987
17;2025-12-31;19;1463
17;2025-12-31;20;985
17;2025-12-31;21;597
17;2025-12-31;22;286
17;2025-12-31;23;132
25;2025-11-01;0;3
25;2025-11-01;1;0
25;2025-11-01;2;0
25;2025-11-01;3;0
25;2025-11-01;4;0
25;2025-11-01;5;16
25;2025-11-01;6;193
25;2025-11-01;7;320
25;2025-11-01;8;536
25;2025-11-01;9;319
25;2025-11-01;10;320
25;2025-11-01;11;364
25;2025-11-01;12;367
25;2025-11-01;13;553
25;2025-11-01;14;484
25;2025-11-01;15;653
25;2025-11-01;16;705
25;2025-11-01;17;602
25;2025-11-01;18;549
25;2025-11-01;19;500
25;2025-11-01;20;275
25;2025-11-01;21;197
25;2025-11-01;22;92
25;2025-11-01;23;22
25;2025-11-02;0;16
25;2025-11-02;1;1
25;2025-11-02;2;0
25;2025-11-02;3;0
25;2025-11-02;4;0
25;2025-11-02;5;10
25;2025-11-02;6;109
25;2025-11-02;7;101
25;2025-11-02;8;192
25;2025-11-02;9;217
25;2025-11-02;10;219
25;2025-11-02;11;315
25;2025-11-02;12;377
25;2025-11-02;13;495
25;2025-11-02;14;578
25;2025-11-02;15;664
25;2025-11-02;16;565
25;2025-11-02;17;562
25;2025-11-02;18;432
25;2025-11-02;19;290
25;2025-11-02;20;231
25;2025-11-02;21;144
25;2025-11-02;22;92
25;2025-11-02;23;35
25;2025-11-03;0;13
25;2025-11-03;1;0
25;2025-11-03;2;0
25;2025-11-03;3;0
25;2025-11-03;4;0
25;2025-11-03;5;9
25;2025-11-03;6;91
25;2025-11-03;7;85
25;2025-11-03;8;161
25;2025-11-03;9;182
25;2025-11-03;10;184
25;2025-11-03;11;264
25;2025-11-03;12;316
25;2025-11-03;13;416
25;2025-11-03;14;486
25;2025-11-03;15;558
25;2025-11-03;16;475
25;2025-11-03;17;472
25;2025-11-03;18;363
25;2025-11-03;19;244
25;2025-11-03;20;194
25;2025-11-03;21;121
25;2025-11-03;22;77
25;2025-11-03;23;29
25;2025-11-04;0;13
25;2025-11-04;1;0
25;2025-11-04;2;0
25;2025-11-04;3;0
25;2025-11-04;4;0
25;2025-11-04;5;8
25;2025-11-04;6;89
25;2025-11-04;7;83
25;2025-11-04;8;157
25;2025-11-04;9;178
25;2025-11-04;10;180
25;2025-11-04;11;258
25;2025-11-04;12;309
25;2025-11-04;13;406
25;2025-11-04;14;474
25;2025-11-04;15;545
25;2025-11-04;16;464
25;2025-11-04;17;461
25;2025-11-04;18;355
25;2025-11-04;19;238
25;2025-11-04;20;189
25;2025-11-04;21;118
25;2025-11-04;22;76
25;2025-11-04;23;28
25;2025-11-05;0;3
25;2025-11-05;1;0
25;2025-11-05;2;0
25;2025-11-05;3;0
25;2025-11-05;4;0
25;2025-11-05;5;18
25;2025-11-05;6;263
25;2025-11-05;7;530
25;2025-11-05;8;951
25;2025-11-05;9;465
25;2025-11-05;10;403
25;2025-11-05;11;423
25;2025-11-05;12;434
25;2025-11-05;13;556
25;2025-11-05;14;479
25;2025-11-05;15;612
25;2025-11-05;16;664
25;2025-11-05;17;770
25;2025-11-05;18;765
25;2025-11-05;19;614
25;2025-11-05;20;324
25;2025-11-05;21;224
25;2025-11-05;22;93
25;2025-11-05;23;6
25;2025-11-06;0;3
25;2025-11-06;1;0
25;2025-11-06;2;0
25;2025-11-06;3;0
25;2025-11-06;4;0
25;2025-11-06;5;18
25;2025-11-06;6;263
25;2025-11-06;7;530
25;2025-11-06;8;951
25;2025-11-06;9;465
25;2025-11-06;10;403
25;2025-11-06;11;423
25;2025-11-06;12;434
25;2025-11-06;13;556
25;2025-11-06;14;479
25;2025-11-06;15;612
25;2025-11-06;16;664
25;2025-11-06;17;770
25;2025-11-06;18;765
25;2025-11-06;19;614
25;2025-11-06;20;324
25;2025-11-06;21;224
25;2025-11-06;22;93
25;2025-11-06;23;6
25;2025-11-07;0;0
25;2025-11-07;1;0
25;2025-11-07;2;0
25;2025-11-07;3;0
25;2025-11-07;4;0
25;2025-11-07;5;17
25;2025-11-07;6;316
25;2025-11-07;7;613
25;2025-11-07;8;946
25;2025-11-07;9;475
25;2025-11-07;10;468
25;2025-11-07;11;480
25;2025-11-07;12;473
25;2025-11-07;13;655
25;2025-11-07;14;488
25;2025-11-07;15;773
25;2025-11-07;16;941
25;2025-11-07;17;838
25;2025-11-07;18;781
25;2025-11-07;19;732
25;2025-11-07;20;396
25;2025-11-07;21;273
25;2025-11-07;22;107
25;2025-11-07;23;11
25;2025-11-08;0;6
25;2025-11-08;1;0
25;2025-11-08;2;0
25;2025-11-08;3;0
25;2025-11-08;4;0
25;2025-11-08;5;21
25;2025-11-08;6;135
25;2025-11-08;7;131
25;2025-11-08;8;304
25;2025-11-08;9;273
25;2025-11-08;10;281
25;2025-11-08;11;374
25;2025-11-08;12;391
25;2025-11-08;13;647
25;2025-11-08;14;655
25;2025-11-08;15;766
25;2025-11-08;16;716
25;2025-11-08;17;574
25;2025-11-08;18;506
25;2025-11-08;19;439
25;2025-11-08;20;248
25;2025-11-08;21;190
25;2025-11-08;22;110
25;2025-11-08;23;42
25;2025-11-09;0;16
25;2025-11-09;1;1
25;2025-11-09;2;0
25;2025-11-09;3;0
25;2025-11-09;4;0
25;2025-11-09;5;10
25;2025-11-09;6;109
25;2025-11-09;7;102
25;2025-11-09;8;193
25;2025-11-09;9;219
25;2025-11-09;10;221
25;2025-11-09;11;317
25;2025-11-09;12;380
25;2025-11-09;13;499
25;2025-11-09;14;583
25;2025-11-09;15;669
25;2025-11-09;16;570
25;2025-11-09;17;567
25;2025-11-09;18;436
25;2025-11-09;19;293
25;2025-11-09;20;232
25;2025-11-09;21;145
25;2025-11-09;22;93
25;2025-11-09;23;35
25;2025-11-10;0;8
25;2025-11-10;1;0
25;2025-11-10;2;0
25;2025-11-10;3;0
25;2025-11-10;4;0
25;2025-11-10;5;18
25;2025-11-10;6;265
25;2025-11-10;7;564
25;2025-11-10;8;1120
25;2025-11-10;9;603
25;2025-11-10;10;333
25;2025-11-10;11;451
25;2025-11-10;12;391
25;2025-11-10;13;587
25;2025-11-10;14;473
25;2025-11-10;15;478
25;2025-11-10;16;779
25;2025-11-10;17;838
25;2025-11-10;18;826
25;2025-11-10;19;649
25;2025-11-10;20;334
25;2025-11-10;21;207
25;2025-11-10;22;95
25;2025-11-10;23;17
25;2025-11-11;0;3
25;2025-11-11;1;0
25;2025-11-11;2;0
25;2025-11-11;3;0
25;2025-11-11;4;0
25;2025-11-11;5;18
25;2025-11-11;6;263
25;2025-11-11;7;530
25;2025-11-11;8;951
25;2025-11-11;9;465
25;2025-11-11;10;403
25;2025-11-11;11;423
25;2025-11-11;12;434
25;2025-11-11;13;556
25;2025-11-11;14;479
25;2025-11-11;15;612
25;2025-11-11;16;664
25;2025-11-11;17;770
25;2025-11-11;18;765
25;2025-11-11;19;614
25;2025-11-11;20;324
25;2025-11-11;21;224
25;2025-11-11;22;93
25;2025-11-11;23;6
25;2025-11-12;0;3
25;2025-11-12;1;0
25;2025-11-12;2;0
25;2025-11-12;3;0
25;2025-11-12;4;0
25;2025-11-12;5;18
25;2025-11-12;6;263
25;2025-11-12;7;530
25;2025-11-12;8;951
25;2025-11-12;9;465
25;2025-11-12;10;403
25;2025-11-12;11;423
25;2025-11-12;12;434
25;2025-11-12;13;556
25;2025-11-12;14;479
25;2025-11-12;15;612
25;2025-11-12;16;664
25;2025-11-12;17;770
25;2025-11-12;18;765
25;2025-11-12;19;614
25;2025-11-12;20;324
25;2025-11-12;21;224
25;2025-11-12;22;93
25;2025-11-12;23;6
25;2025-11-13;0;3
25;2025-11-13;1;0
25;2025-11-13;2;0
25;2025-11-13;3;0
25;2025-11-13;4;0
25;2025-11-13;5;18
25;2025-11-13;6;263
25;2025-11-13;7;530
25;2025-11-13;8;951
25;2025-11-13;9;465
25;2025-11-13;10;403
25;2025-11-13;11;423
25;2025-11-13;12;434
25;2025-11-13;13;556
25;2025-11-13;14;479
25;2025-11-13;15;612
25;2025-11-13;16;664
25;2025-11-13;17;770
25;2025-11-13;18;765
25;2025-11-13;19;614
25;2025-11-13;20;324
25;2025-11-13;21;224
25;2025-11-13;22;93
25;2025-11-13;23;6
25;2025-11-14;0;0
25;2025-11-14;1;0
25;2025-11-14;2;0
25;2025-11-14;3;0
25;2025-11-14;4;0
25;2025-11-14;5;17
25;2025-11-14;6;316
25;2025-11-14;7;613
25;2025-11-14;8;946
25;2025-11-14;9;475
25;2025-11-14;10;468
25;2025-11-14;11;480
25;2025-11-14;12;473
25;2025-11-14;13;655
25;2025-11-14;14;488
25;2025-11-14;15;773
25;2025-11-14;16;941
25;2025-11-14;17;838
25;2025-11-14;18;781
25;2025-11-14;19;732
25;2025-11-14;20;396
25;2025-11-14;21;273
25;2025-11-14;22;107
25;2025-11-14;23;11
25;2025-11-15;0;6
25;2025-11-15;1;0
25;2025-11-15;2;0
25;2025-11-15;3;0
25;2025-11-15;4;0
25;2025-11-15;5;19
25;2025-11-15;6;124
25;2025-11-15;7;120
25;2025-11-15;8;279
25;2025-11-15;9;251
25;2025-11-15;10;258
25;2025-11-15;11;344
25;2025-11-15;12;360
25;2025-11-15;13;595
25;2025-11-15;14;603
25;2025-11-15;15;704
25;2025-11-15;16;658
25;2025-11-15;17;528
25;2025-11-15;18;466
25;2025-11-15;19;404
25;2025-11-15;20;228
25;2025-11-15;21;175
25;2025-11-15;22;101
25;2025-11-15;23;39
25;2025-11-16;0;16
25;2025-11-16;1;1
25;2025-11-16;2;0
25;2025-11-16;3;0
25;2025-11-16;4;0
25;2025-11-16;5;10
25;2025-11-16;6;109
25;2025-11-16;7;102
25;2025-11-16;8;193
25;2025-11-16;9;219
25;2025-11-16;10;221
25;2025-11-16;11;317
25;2025-11-16;12;380
25;2025-11-16;13;499
25;2025-11-16;14;583
25;2025-11-16;15;669
25;2025-11-16;16;570
25;2025-11-16;17;567
25;2025-11-16;18;436
25;2025-11-16;19;293
25;2025-11-16;20;232
25;2025-11-16;21;145
25;2025-11-16;22;93
25;2025-11-16;23;35
25;2025-11-17;0;8
25;2025-11-17;1;0
25;2025-11-17;2;0
25;2025-11-17;3;0
25;2025-11-17;4;0
25;2025-11-17;5;18
25;2025-11-17;6;258
25;2025-11-17;7;548
25;2025-11-17;8;1087
25;2025-11-17;9;586
25;2025-11-17;10;323
25;2025-11-17;11;437
25;2025-11-17;12;380
25;2025-11-17;13;570
25;2025-11-17;14;459
25;2025-11-17;15;464
25;2025-11-17;16;757
25;2025-11-17;17;813
25;2025-11-17;18;802
25;2025-11-17;19;630
25;2025-11-17;20;325
25;2025-11-17;21;201
25;2025-11-17;22;93
25;2025-11-17;23;17
25;2025-11-18;0;3
25;2025-11-18;1;0
25;2025-11-18;2;0
25;2025-11-18;3;0
25;2025-11-18;4;0
25;2025-11-18;5;18
25;2025-11-18;6;255
25;2025-11-18;7;515
25;2025-11-18;8;923
25;2025-11-18;9;451
25;2025-11-18;10;391
25;2025-11-18;11;411
25;2025-11-18;12;422
25;2025-11-18;13;540
25;2025-11-18;14;465
25;2025-11-18;15;595
25;2025-11-18;16;644
25;2025-11-18;17;748
25;2025-11-18;18;743
25;2025-11-18;19;597
25;2025-11-18;20;314
25;2025-11-18;21;218
25;2025-11-18;22;90
25;2025-11-18;23;6
25;2025-11-19;0;3
25;2025-11-19;1;0
25;2025-11-19;2;0
25;2025-11-19;3;0
25;2025-11-19;4;0
25;2025-11-19;5;18
25;2025-11-19;6;255
25;2025-11-19;7;515
25;2025-11-19;8;923
25;2025-11-19;9;451
25;2025-11-19;10;391
25;2025-11-19;11;411
25;2025-11-19;12;422
25;2025-11-19;13;540
25;2025-11-19;14;465
25;2025-11-19;15;595
25;2025-11-19;16;644
25;2025-11-19;17;748
25;2025-11-19;18;743
25;2025-11-19;19;597
25;2025-11-19;20;314
25;2025-11-19;21;218
25;2025-11-19;22;90
25;2025-11-19;23;6
25;2025-11-20;0;3
25;2025-11-20;1;0
25;2025-11-20;2;0
25;2025-11-20;3;0
25;2025-11-20;4;0
25;2025-11-20;5;18
25;2025-11-20;6;255
25;2025-11-20;7;515
25;2025-11-20;8;923
25;2025-11-20;9;451
25;2025-11-20;10;391
25;2025-11-20;11;411
25;2025-11-20;12;422
25;2025-11-20;13;540
25;2025-11-20;14;465
25;2025-11-20;15;595
25;2025-11-20;16;644
25;2025-11-20;17;748
25;2025-11-20;18;743
25;2025-11-20;19;597
25;2025-11-20;20;314
25;2025-11-20;21;218
25;2025-11-20;22;90
25;2025-11-20;23;6
25;2025-11-21;0;0
25;2025-11-21;1;0
25;2025-11-21;2;0
25;2025-11-21;3;0
25;2025-11-21;4;0
25;2025-11-21;5;16
25;2025-11-21;6;306
25;2025-11-21;7;594
25;2025-11-21;8;915
25;2025-11-21;9;460
25;2025-11-21;10;453
25;2025-11-21;11;465
25;2025-11-21;12;457
25;2025-11-21;13;634
25;2025-11-21;14;473
25;2025-11-21;15;748
25;2025-11-21;16;911
25;2025-11-21;17;811
25;2025-11-21;18;756
25;2025-11-21;19;709
25;2025-11-21;20;384
25;2025-11-21;21;264
25;2025-11-21;22;104
25;2025-11-21;23;11
25;2025-11-22;0;6
25;2025-11-22;1;0
25;2025-11-22;2;0
25;2025-11-22;3;0
25;2025-11-22;4;0
25;2025-11-22;5;20
25;2025-11-22;6;131
25;2025-11-22;7;128
25;2025-11-22;8;296
25;2025-11-22;9;266
25;2025-11-22;10;274
25;2025-11-22;11;364
25;2025-11-22;12;381
25;2025-11-22;13;630
25;2025-11-22;14;638
25;2025-11-22;15;746
25;2025-11-22;16;697
25;2025-11-22;17;559
25;2025-11-22;18;493
25;2025-11-22;19;428
25;2025-11-22;20;241
25;2025-11-22;21;185
25;2025-11-22;22;107
25;2025-11-22;23;41
25;2025-11-23;0;16
25;2025-11-23;1;1
25;2025-11-23;2;0
25;2025-11-23;3;0
25;2025-11-23;4;0
25;2025-11-23;5;10
25;2025-11-23;6;109
25;2025-11-23;7;102
25;2025-11-23;8;193
25;2025-11-23;9;219
25;2025-11-23;10;221
25;2025-11-23;11;317
25;2025-11-23;12;380
25;2025-11-23;13;499
25;2025-11-23;14;583
25;2025-11-23;15;669
25;2025-11-23;16;570
25;2025-11-23;17;567
25;2025-11-23;18;436
25;2025-11-23;19;293
25;2025-11-23;20;232
25;2025-11-23;21;145
25;2025-11-23;22;93
25;2025-11-23;23;35
25;2025-11-24;0;8
25;2025-11-24;1;0
25;2025-11-24;2;0
25;2025-11-24;3;0
25;2025-11-24;4;0
25;2025-11-24;5;18
25;2025-11-24;6;264
25;2025-11-24;7;562
25;2025-11-24;8;1116
25;2025-11-24;9;602
25;2025-11-24;10;332
25;2025-11-24;11;449
25;2025-11-24;12;390
25;2025-11-24;13;585
25;2025-11-24;14;471
25;2025-11-24;15;477
25;2025-11-24;16;777
25;2025-11-24;17;835
25;2025-11-24;18;823
25;2025-11-24;19;647
25;2025-11-24;20;333
25;2025-11-24;21;206
25;2025-11-24;22;95
25;2025-11-24;23;17
25;2025-11-25;0;3
25;2025-11-25;1;0
25;2025-11-25;2;0
25;2025-11-25;3;0
25;2025-11-25;4;0
25;2025-11-25;5;18
25;2025-11-25;6;263
25;2025-11-25;7;530
25;2025-11-25;8;951
25;2025-11-25;9;465
25;2025-11-25;10;403
25;2025-11-25;11;423
25;2025-11-25;12;434
25;2025-11-25;13;556
25;2025-11-25;14;479
25;2025-11-25;15;612
25;2025-11-25;16;664
25;2025-11-25;17;770
25;2025-11-25;18;765
25;2025-11-25;19;614
25;2025-11-25;20;324
25;2025-11-25;21;224
25;2025-11-25;22;93
25;2025-11-25;23;6
25;2025-11-26;0;3
25;2025-11-26;1;0
25;2025-11-26;2;0
25;2025-11-26;3;0
25;2025-11-26;4;0
25;2025-11-26;5;18
25;2025-11-26;6;251
25;2025-11-26;7;507
25;2025-11-26;8;910
25;2025-11-26;9;445
25;2025-11-26;10;386
25;2025-11-26;11;405
25;2025-11-26;12;415
25;2025-11-26;13;532
25;2025-11-26;14;459
25;2025-11-26;15;586
25;2025-11-26;16;635
25;2025-11-26;17;737
25;2025-11-26;18;732
25;2025-11-26;19;588
25;2025-11-26;20;310
25;2025-11-26;21;214
25;2025-11-26;22;89
25;2025-11-26;23;6
25;2025-11-27;0;3
25;2025-11-27;1;0
25;2025-11-27;2;0
25;2025-11-27;3;0
25;2025-11-27;4;0
25;2025-11-27;5;18
25;2025-11-27;6;263
25;2025-11-27;7;530
25;2025-11-27;8;951
25;2025-11-27;9;465
25;2025-11-27;10;403
25;2025-11-27;11;423
25;2025-11-27;12;434
25;2025-11-27;13;556
25;2025-11-27;14;479
25;2025-11-27;15;612
25;2025-11-27;16;664
25;2025-11-27;17;770
25;2025-11-27;18;765
25;2025-11-27;19;614
25;2025-11-27;20;324
25;2025-11-27;21;224
25;2025-11-27;22;93
25;2025-11-27;23;6
25;2025-11-28;0;0
25;2025-11-28;1;0
25;2025-11-28;2;0
25;2025-11-28;3;0
25;2025-11-28;4;0
25;2025-11-28;5;17
25;2025-11-28;6;316
25;2025-11-28;7;613
25;2025-11-28;8;946
25;2025-11-28;9;475
25;2025-11-28;10;468
25;2025-11-28;11;480
25;2025-11-28;12;473
25;2025-11-28;13;655
25;2025-11-28;14;488
25;2025-11-28;15;773
25;2025-11-28;16;941
25;2025-11-28;17;838
25;2025-11-28;18;781
25;2025-11-28;19;732
25;2025-11-28;20;396
25;2025-11-28;21;273
25;2025-11-28;22;107
25;2025-11-28;23;11
25;2025-11-29;0;6
25;2025-11-29;1;0
25;2025-11-29;2;0
25;2025-11-29;3;0
25;2025-11-29;4;0
25;2025-11-29;5;21
25;2025-11-29;6;135
25;2025-11-29;7;131
25;2025-11-29;8;304
25;2025-11-29;9;273
25;2025-11-29;10;281
25;2025-11-29;11;374
25;2025-11-29;12;391
25;2025-11-29;13;647
25;2025-11-29;14;655
25;2025-11-29;15;766
25;2025-11-29;16;716
25;2025-11-29;17;574
25;2025-11-29;18;506
25;2025-11-29;19;439
25;2025-11-29;20;248
25;2025-11-29;21;190
25;2025-11-29;22;110
25;2025-11-29;23;42
25;2025-11-30;0;16
25;2025-11-30;1;1
25;2025-11-30;2;0
25;2025-11-30;3;0
25;2025-11-30;4;0
25;2025-11-30;5;10
25;2025-11-30;6;109
25;2025-11-30;7;102
25;2025-11-30;8;193
25;2025-11-30;9;219
25;2025-11-30;10;221
25;2025-11-30;11;317
25;2025-11-30;12;380
25;2025-11-30;13;499
25;2025-11-30;14;583
25;2025-11-30;15;669
25;2025-11-30;16;570
25;2025-11-30;17;567
25;2025-11-30;18;436
25;2025-11-30;19;293
25;2025-11-30;20;232
25;2025-11-30;21;145
25;2025-11-30;22;93
25;2025-11-30;23;35
25;2025-12-01;0;8
25;2025-12-01;1;0
25;2025-12-01;2;0
25;2025-12-01;3;0
25;2025-12-01;4;0
25;2025-12-01;5;18
25;2025-12-01;6;265
25;2025-12-01;7;564
25;2025-12-01;8;1120
25;2025-12-01;9;603
25;2025-12-01;10;333
25;2025-12-01;11;451
25;2025-12-01;12;391
25;2025-12-01;13;587
25;2025-12-01;14;473
25;2025-12-01;15;478
25;2025-12-01;16;779
25;2025-12-01;17;838
25;2025-12-01;18;826
25;2025-12-01;19;649
25;2025-12-01;20;334
25;2025-12-01;21;207
25;2025-12-01;22;95
25;2025-12-01;23;17
25;2025-12-02;0;3
25;2025-12-02;1;0
25;2025-12-02;2;0
25;2025-12-02;3;0
25;2025-12-02;4;0
25;2025-12-02;5;18
25;2025-12-02;6;263
25;2025-12-02;7;530
25;2025-12-02;8;951
25;2025-12-02;9;465
25;2025-12-02;10;403
25;2025-12-02;11;423
25;2025-12-02;12;434
25;2025-12-02;13;556
25;2025-12-02;14;479
25;2025-12-02;15;612
25;2025-12-02;16;664
25;2025-12-02;17;770
25;2025-12-02;18;765
25;2025-12-02;19;614
25;2025-12-02;20;324
25;2025-12-02;21;224
25;2025-12-02;22;93
25;2025-12-02;23;6
25;2025-12-03;0;3
25;2025-12-03;1;0
25;2025-12-03;2;0
25;2025-12-03;3;0
25;2025-12-03;4;0
25;2025-12-03;5;18
25;2025-12-03;6;263
25;2025-12-03;7;530
25;2025-12-03;8;951
25;2025-12-03;9;465
25;2025-12-03;10;403
25;2025-12-03;11;423
25;2025-12-03;12;434
25;2025-12-03;13;556
25;2025-12-03;14;479
25;2025-12-03;15;612
25;2025-12-03;16;664
25;2025-12-03;17;770
25;2025-12-03;18;765
25;2025-12-03;19;614
25;2025-12-03;20;324
25;2025-12-03;21;224
25;2025-12-03;22;93
25;2025-12-03;23;6
25;2025-12-04;0;3
25;2025-12-04;1;0
25;2025-12-04;2;0
25;2025-12-04;3;0
25;2025-12-04;4;0
25;2025-12-04;5;18
25;2025-12-04;6;263
25;2025-12-04;7;530
25;2025-12-04;8;951
25;2025-12-04;9;465
25;2025-12-04;10;403
25;2025-12-04;11;423
25;2025-12-04;12;434
25;2025-12-04;13;556
25;2025-12-04;14;479
25;2025-12-04;15;612
25;2025-12-04;16;664
25;2025-12-04;17;770
25;2025-12-04;18;765
25;2025-12-04;19;614
25;2025-12-04;20;324
25;2025-12-04;21;224
25;2025-12-04;22;93
25;2025-12-04;23;6
25;2025-12-05;0;0
25;2025-12-05;1;0
25;2025-12-05;2;0
25;2025-12-05;3;0
25;2025-12-05;4;0
25;2025-12-05;5;17
25;2025-12-05;6;316
25;2025-12-05;7;613
25;2025-12-05;8;946
25;2025-12-05;9;475
25;2025-12-05;10;468
25;2025-12-05;11;480
25;2025-12-05;12;473
25;2025-12-05;13;655
25;2025-12-05;14;488
25;2025-12-05;15;773
25;2025-12-05;16;941
25;2025-12-05;17;838
25;2025-12-05;18;781
25;2025-12-05;19;732
25;2025-12-05;20;396
25;2025-12-05;21;273
25;2025-12-05;22;107
25;2025-12-05;23;11
25;2025-12-06;0;6
25;2025-12-06;1;0
25;2025-12-06;2;0
25;2025-12-06;3;0
25;2025-12-06;4;0
25;2025-12-06;5;21
25;2025-12-06;6;135
25;2025-12-06;7;131
25;2025-12-06;8;304
25;2025-12-06;9;273
25;2025-12-06;10;281
25;2025-12-06;11;374
25;2025-12-06;12;391
25;2025-12-06;13;647
25;2025-12-06;14;655
25;2025-12-06;15;766
25;2025-12-06;16;716
25;2025-12-06;17;574
25;2025-12-06;18;506
25;2025-12-06;19;439
25;2025-12-06;20;248
25;2025-12-06;21;190
25;2025-12-06;22;110
25;2025-12-06;23;42
25;2025-12-07;0;16
25;2025-12-07;1;1
25;2025-12-07;2;0
25;2025-12-07;3;0
25;2025-12-07;4;0
25;2025-12-07;5;10
25;2025-12-07;6;109
25;2025-12-07;7;102
25;2025-12-07;8;193
25;2025-12-07;9;219
25;2025-12-07;10;221
25;2025-12-07;11;317
25;2025-12-07;12;380
25;2025-12-07;13;499
25;2025-12-07;14;583
25;2025-12-07;15;669
25;2025-12-07;16;570
25;2025-12-07;17;567
25;2025-12-07;18;436
25;2025-12-07;19;293
25;2025-12-07;20;232
25;2025-12-07;21;145
25;2025-12-07;22;93
25;2025-12-07;23;35
25;2025-12-08;0;8
25;2025-12-08;1;0
25;2025-12-08;2;0
25;2025-12-08;3;0
25;2025-12-08;4;0
25;2025-12-08;5;18
25;2025-12-08;6;265
25;2025-12-08;7;564
25;2025-12-08;8;1120
25;2025-12-08;9;603
25;2025-12-08;10;333
25;2025-12-08;11;451
25;2025-12-08;12;391
25;2025-12-08;13;587
25;2025-12-08;14;473
25;2025-12-08;15;478
25;2025-12-08;16;779
25;2025-12-08;17;838
25;2025-12-08;18;826
25;2025-12-08;19;649
25;2025-12-08;20;334
25;2025-12-08;21;207
25;2025-12-08;22;95
25;2025-12-08;23;17
25;2025-12-09;0;3
25;2025-12-09;1;0
25;2025-12-09;2;0
25;2025-12-09;3;0
25;2025-12-09;4;0
25;2025-12-09;5;18
25;2025-12-09;6;263
25;2025-12-09;7;530
25;2025-12-09;8;951
25;2025-12-09;9;465
25;2025-12-09;10;403
25;2025-12-09;11;423
25;2025-12-09;12;434
25;2025-12-09;13;556
25;2025-12-09;14;479
25;2025-12-09;15;612
25;2025-12-09;16;664
25;2025-12-09;17;770
25;2025-12-09;18;765
25;2025-12-09;19;614
25;2025-12-09;20;324
25;2025-12-09;21;224
25;2025-12-09;22;93
25;2025-12-09;23;6
25;2025-12-10;0;3
25;2025-12-10;1;0
25;2025-12-10;2;0
25;2025-12-10;3;0
25;2025-12-10;4;0
25;2025-12-10;5;18
25;2025-12-10;6;259
25;2025-12-10;7;522
25;2025-12-10;8;936
25;2025-12-10;9;458
25;2025-12-10;10;397
25;2025-12-10;11;417
25;2025-12-10;12;427
25;2025-12-10;13;547
25;2025-12-10;14;472
25;2025-12-10;15;603
25;2025-12-10;16;653
25;2025-12-10;17;758
25;2025-12-10;18;753
25;2025-12-10;19;605
25;2025-12-10;20;318
25;2025-12-10;21;221
25;2025-12-10;22;92
25;2025-12-10;23;6
25;2025-12-11;0;3
25;2025-12-11;1;0
25;2025-12-11;2;0
25;2025-12-11;3;0
25;2025-12-11;4;0
25;2025-12-11;5;18
25;2025-12-11;6;263
25;2025-12-11;7;530
25;2025-12-11;8;951
25;2025-12-11;9;465
25;2025-12-11;10;403
25;2025-12-11;11;423
25;2025-12-11;12;434
25;2025-12-11;13;556
25;2025-12-11;14;479
25;2025-12-11;15;612
25;2025-12-11;16;664
25;2025-12-11;17;770
25;2025-12-11;18;765
25;2025-12-11;19;614
25;2025-12-11;20;324
25;2025-12-11;21;224
25;2025-12-11;22;93
25;2025-12-11;23;6
25;2025-12-12;0;0
25;2025-12-12;1;0
25;2025-12-12;2;0
25;2025-12-12;3;0
25;2025-12-12;4;0
25;2025-12-12;5;16
25;2025-12-12;6;308
25;2025-12-12;7;598
25;2025-12-12;8;923
25;2025-12-12;9;463
25;2025-12-12;10;457
25;2025-12-12;11;469
25;2025-12-12;12;461
25;2025-12-12;13;639
25;2025-12-12;14;476
25;2025-12-12;15;754
25;2025-12-12;16;918
25;2025-12-12;17;818
25;2025-12-12;18;762
25;2025-12-12;19;715
25;2025-12-12;20;387
25;2025-12-12;21;266
25;2025-12-12;22;105
25;2025-12-12;23;11
25;2025-12-13;0;6
25;2025-12-13;1;0
25;2025-12-13;2;0
25;2025-12-13;3;0
25;2025-12-13;4;0
25;2025-12-13;5;20
25;2025-12-13;6;133
25;2025-12-13;7;129
25;2025-12-13;8;299
25;2025-12-13;9;270
25;2025-12-13;10;277
25;2025-12-13;11;369
25;2025-12-13;12;386
25;2025-12-13;13;638
25;2025-12-13;14;646
25;2025-12-13;15;756
25;2025-12-13;16;706
25;2025-12-13;17;567
25;2025-12-13;18;499
25;2025-12-13;19;433
25;2025-12-13;20;244
25;2025-12-13;21;188
25;2025-12-13;22;109
25;2025-12-13;23;41
25;2025-12-14;0;16
25;2025-12-14;1;1
25;2025-12-14;2;0
25;2025-12-14;3;0
25;2025-12-14;4;0
25;2025-12-14;5;10
25;2025-12-14;6;109
25;2025-12-14;7;102
25;2025-12-14;8;193
25;2025-12-14;9;218
25;2025-12-14;10;220
25;2025-12-14;11;316
25;2025-12-14;12;379
25;2025-12-14;13;498
25;2025-12-14;14;581
25;2025-12-14;15;667
25;2025-12-14;16;568
25;2025-12-14;17;565
25;2025-12-14;18;434
25;2025-12-14;19;292
25;2025-12-14;20;232
25;2025-12-14;21;145
25;2025-12-14;22;93
25;2025-12-14;23;35
25;2025-12-15;0;8
25;2025-12-15;1;0
25;2025-12-15;2;0
25;2025-12-15;3;0
25;2025-12-15;4;0
25;2025-12-15;5;18
25;2025-12-15;6;264
25;2025-12-15;7;562
25;2025-12-15;8;1116
25;2025-12-15;9;602
25;2025-12-15;10;332
25;2025-12-15;11;449
25;2025-12-15;12;390
25;2025-12-15;13;585
25;2025-12-15;14;471
25;2025-12-15;15;477
25;2025-12-15;16;777
25;2025-12-15;17;835
25;2025-12-15;18;823
25;2025-12-15;19;647
25;2025-12-15;20;333
25;2025-12-15;21;206
25;2025-12-15;22;95
25;2025-12-15;23;17
25;2025-12-16;0;3
25;2025-12-16;1;0
25;2025-12-16;2;0
25;2025-12-16;3;0
25;2025-12-16;4;0
25;2025-12-16;5;18
25;2025-12-16;6;255
25;2025-12-16;7;515
25;2025-12-16;8;923
25;2025-12-16;9;451
25;2025-12-16;10;391
25;2025-12-16;11;411
25;2025-12-16;12;421
25;2025-12-16;13;540
25;2025-12-16;14;465
25;2025-12-16;15;594
25;2025-12-16;16;644
25;2025-12-16;17;747
25;2025-12-16;18;742
25;2025-12-16;19;596
25;2025-12-16;20;314
25;2025-12-16;21;218
25;2025-12-16;22;90
25;2025-12-16;23;6
25;2025-12-17;0;3
25;2025-12-17;1;0
25;2025-12-17;2;0
25;2025-12-17;3;0
25;2025-12-17;4;0
25;2025-12-17;5;18
25;2025-12-17;6;263
25;2025-12-17;7;530
25;2025-12-17;8;951
25;2025-12-17;9;465
25;2025-12-17;10;403
25;2025-12-17;11;423
25;2025-12-17;12;434
25;2025-12-17;13;556
25;2025-12-17;14;479
25;2025-12-17;15;612
25;2025-12-17;16;664
25;2025-12-17;17;770
25;2025-12-17;18;765
25;2025-12-17;19;614
25;2025-12-17;20;324
25;2025-12-17;21;224
25;2025-12-17;22;93
25;2025-12-17;23;6
25;2025-12-18;0;3
25;2025-12-18;1;0
25;2025-12-18;2;0
25;2025-12-18;3;0
25;2025-12-18;4;0
25;2025-12-18;5;18
25;2025-12-18;6;263
25;2025-12-18;7;530
25;2025-12-18;8;951
25;2025-12-18;9;465
25;2025-12-18;10;403
25;2025-12-18;11;423
25;2025-12-18;12;434
25;2025-12-18;13;556
25;2025-12-18;14;479
25;2025-12-18;15;612
25;2025-12-18;16;664
25;2025-12-18;17;770
25;2025-12-18;18;765
25;2025-12-18;19;614
25;2025-12-18;20;324
25;2025-12-18;21;224
25;2025-12-18;22;93
25;2025-12-18;23;6
25;2025-12-19;0;0
25;2025-12-19;1;0
25;2025-12-19;2;0
25;2025-12-19;3;0
25;2025-12-19;4;0
25;2025-12-19;5;17
25;2025-12-19;6;316
25;2025-12-19;7;613
25;2025-12-19;8;946
25;2025-12-19;9;475
25;2025-12-19;10;468
25;2025-12-19;11;480
25;2025-12-19;12;473
25;2025-12-19;13;655
25;2025-12-19;14;488
25;2025-12-19;15;773
25;2025-12-19;16;941
25;2025-12-19;17;838
25;2025-12-19;18;781
25;2025-12-19;19;732
25;2025-12-19;20;396
25;2025-12-19;21;273
25;2025-12-19;22;107
25;2025-12-19;23;11
25;2025-12-20;0;6
25;2025-12-20;1;0
25;2025-12-20;2;0
25;2025-12-20;3;0
25;2025-12-20;4;0
25;2025-12-20;5;21
25;2025-12-20;6;135
25;2025-12-20;7;131
25;2025-12-20;8;304
25;2025-12-20;9;273
25;2025-12-20;10;281
25;2025-12-20;11;374
25;2025-12-20;12;391
25;2025-12-20;13;647
25;2025-12-20;14;655
25;2025-12-20;15;766
25;2025-12-20;16;716
25;2025-12-20;17;574
25;2025-12-20;18;506
25;2025-12-20;19;439
25;2025-12-20;20;248
25;2025-12-20;21;190
25;2025-12-20;22;110
25;2025-12-20;23;42
25;2025-12-21;0;16
25;2025-12-21;1;1
25;2025-12-21;2;0
25;2025-12-21;3;0
25;2025-12-21;4;0
25;2025-12-21;5;10
25;2025-12-21;6;109
25;2025-12-21;7;102
25;2025-12-21;8;192
25;2025-12-21;9;218
25;2025-12-21;10;219
25;2025-12-21;11;315
25;2025-12-21;12;377
25;2025-12-21;13;496
25;2025-12-21;14;579
25;2025-12-21;15;665
25;2025-12-21;16;566
25;2025-12-21;17;563
25;2025-12-21;18;433
25;2025-12-21;19;291
25;2025-12-21;20;231
25;2025-12-21;21;144
25;2025-12-21;22;92
25;2025-12-21;23;35
25;2025-12-22;0;8
25;2025-12-22;1;0
25;2025-12-22;2;0
25;2025-12-22;3;0
25;2025-12-22;4;0
25;2025-12-22;5;18
25;2025-12-22;6;262
25;2025-12-22;7;558
25;2025-12-22;8;1107
25;2025-12-22;9;597
25;2025-12-22;10;329
25;2025-12-22;11;445
25;2025-12-22;12;387
25;2025-12-22;13;581
25;2025-12-22;14;468
25;2025-12-22;15;473
25;2025-12-22;16;771
25;2025-12-22;17;828
25;2025-12-22;18;817
25;2025-12-22;19;642
25;2025-12-22;20;331
25;2025-12-22;21;204
25;2025-12-22;22;94
25;2025-12-22;23;17
25;2025-12-23;0;3
25;2025-12-23;1;0
25;2025-12-23;2;0
25;2025-12-23;3;0
25;2025-12-23;4;0
25;2025-12-23;5;18
25;2025-12-23;6;263
25;2025-12-23;7;530
25;2025-12-23;8;951
25;2025-12-23;9;465
25;2025-12-23;10;403
25;2025-12-23;11;423
25;2025-12-23;12;434
25;2025-12-23;13;556
25;2025-12-23;14;479
25;2025-12-23;15;612
25;2025-12-23;16;664
25;2025-12-23;17;770
25;2025-12-23;18;765
25;2025-12-23;19;614
25;2025-12-23;20;324
25;2025-12-23;21;224
25;2025-12-23;22;93
25;2025-12-23;23;6
25;2025-12-24;0;3
25;2025-12-24;1;0
25;2025-12-24;2;0
25;2025-12-24;3;0
25;2025-12-24;4;0
25;2025-12-24;5;18
25;2025-12-24;6;259
25;2025-12-24;7;522
25;2025-12-24;8;936
25;2025-12-24;9;458
25;2025-12-24;10;397
25;2025-12-24;11;417
25;2025-12-24;12;427
25;2025-12-24;13;547
25;2025-12-24;14;472
25;2025-12-24;15;603
25;2025-12-24;16;653
25;2025-12-24;17;758
25;2025-12-24;18;753
25;2025-12-24;19;605
25;2025-12-24;20;318
25;2025-12-24;21;221
25;2025-12-24;22;92
25;2025-12-24;23;6
25;2025-12-25;0;3
25;2025-12-25;1;0
25;2025-12-25;2;0
25;2025-12-25;3;0
25;2025-12-25;4;0
25;2025-12-25;5;18
25;2025-12-25;6;254
25;2025-12-25;7;512
25;2025-12-25;8;919
25;2025-12-25;9;449
25;2025-12-25;10;389
25;2025-12-25;11;409
25;2025-12-25;12;419
25;2025-12-25;13;537
25;2025-12-25;14;463
25;2025-12-25;15;592
25;2025-12-25;16;641
25;2025-12-25;17;744
25;2025-12-25;18;739
25;2025-12-25;19;594
25;2025-12-25;20;313
25;2025-12-25;21;217
25;2025-12-25;22;90
25;2025-12-25;23;6
25;2025-12-26;0;0
25;2025-12-26;1;0
25;2025-12-26;2;0
25;2025-12-26;3;0
25;2025-12-26;4;0
25;2025-12-26;5;16
25;2025-12-26;6;296
25;2025-12-26;7;574
25;2025-12-26;8;886
25;2025-12-26;9;445
25;2025-12-26;10;439
25;2025-12-26;11;450
25;2025-12-26;12;443
25;2025-12-26;13;613
25;2025-12-26;14;457
25;2025-12-26;15;724
25;2025-12-26;16;881
25;2025-12-26;17;785
25;2025-12-26;18;732
25;2025-12-26;19;686
25;2025-12-26;20;371
25;2025-12-26;21;255
25;2025-12-26;22;100
25;2025-12-26;23;11
25;2025-12-27;0;6
25;2025-12-27;1;0
25;2025-12-27;2;0
25;2025-12-27;3;0
25;2025-12-27;4;0
25;2025-12-27;5;21
25;2025-12-27;6;134
25;2025-12-27;7;130
25;2025-12-27;8;302
25;2025-12-27;9;272
25;2025-12-27;10;279
25;2025-12-27;11;372
25;2025-12-27;12;389
25;2025-12-27;13;643
25;2025-12-27;14;651
25;2025-12-27;15;761
25;2025-12-27;16;712
25;2025-12-27;17;571
25;2025-12-27;18;503
25;2025-12-27;19;437
25;2025-12-27;20;246
25;2025-12-27;21;189
25;2025-12-27;22;109
25;2025-12-27;23;42
25;2025-12-28;0;15
25;2025-12-28;1;1
25;2025-12-28;2;0
25;2025-12-28;3;0
25;2025-12-28;4;0
25;2025-12-28;5;10
25;2025-12-28;6;106
25;2025-12-28;7;99
25;2025-12-28;8;187
25;2025-12-28;9;211
25;2025-12-28;10;213
25;2025-12-28;11;306
25;2025-12-28;12;366
25;2025-12-28;13;482
25;2025-12-28;14;562
25;2025-12-28;15;646
25;2025-12-28;16;550
25;2025-12-28;17;547
25;2025-12-28;18;420
25;2025-12-28;19;282
25;2025-12-28;20;224
25;2025-12-28;21;140
25;2025-12-28;22;90
25;2025-12-28;23;34
25;2025-12-29;0;7
25;2025-12-29;1;0
25;2025-12-29;2;0
25;2025-12-29;3;0
25;2025-12-29;4;0
25;2025-12-29;5;16
25;2025-12-29;6;231
25;2025-12-29;7;490
25;2025-12-29;8;974
25;2025-12-29;9;525
25;2025-12-29;10;289
25;2025-12-29;11;392
25;2025-12-29;12;340
25;2025-12-29;13;511
25;2025-12-29;14;411
25;2025-12-29;15;416
25;2025-12-29;16;678
25;2025-12-29;17;728
25;2025-12-29;18;718
25;2025-12-29;19;564
25;2025-12-29;20;291
25;2025-12-29;21;180
25;2025-12-29;22;83
25;2025-12-29;23;15
25;2025-12-30;0;3
25;2025-12-30;1;0
25;2025-12-30;2;0
25;2025-12-30;3;0
25;2025-12-30;4;0
25;2025-12-30;5;15
25;2025-12-30;6;219
25;2025-12-30;7;442
25;2025-12-30;8;792
25;2025-12-30;9;387
25;2025-12-30;10;336
25;2025-12-30;11;353
25;2025-12-30;12;362
25;2025-12-30;13;463
25;2025-12-30;14;399
25;2025-12-30;15;510
25;2025-12-30;16;553
25;2025-12-30;17;641
25;2025-12-30;18;637
25;2025-12-30;19;512
25;2025-12-30;20;270
25;2025-12-30;21;187
25;2025-12-30;22;78
25;2025-12-30;23;5
25;2025-12-31;0;14
25;2025-12-31;1;0
25;2025-12-31;2;0
25;2025-12-31;3;0
25;2025-12-31;4;0
25;2025-12-31;5;9
25;2025-12-31;6;97
25;2025-12-31;7;90
25;2025-12-31;8;171
25;2025-12-31;9;194
25;2025-12-31;10;196
25;2025-12-31;11;281
25;2025-12-31;12;336
25;2025-12-31;13;442
25;2025-12-31;14;516
25;2025-12-31;15;593
25;2025-12-31;16;505
25;2025-12-31;17;452
25;2025-12-31;18;322
25;2025-12-31;19;199
25;2025-12-31;20;144
25;2025-12-31;21;74
25;2025-12-31;22;37
25;2025-12-31;23;14
26;2025-11-01;0;43
26;2025-11-01;1;1
26;2025-11-01;2;0
26;2025-11-01;3;0
26;2025-11-01;4;1
26;2025-11-01;5;70
26;2025-11-01;6;369
26;2025-11-01;7;747
26;2025-11-01;8;1479
26;2025-11-01;9;1072
26;2025-11-01;10;1050
26;2025-11-01;11;1122
26;2025-11-01;12;1137
26;2025-11-01;13;1168
26;2025-11-01;14;1308
26;2025-11-01;15;1205
26;2025-11-01;16;1374
26;2025-11-01;17;1381
26;2025-11-01;18;1153
26;2025-11-01;19;887
26;2025-11-01;20;623
26;2025-11-01;21;408
26;2025-11-01;22;197
26;2025-11-01;23;151
26;2025-11-02;0;52
26;2025-11-02;1;4
26;2025-11-02;2;0
26;2025-11-02;3;0
26;2025-11-02;4;2
26;2025-11-02;5;22
26;2025-11-02;6;166
26;2025-11-02;7;273
26;2025-11-02;8;403
26;2025-11-02;9;555
26;2025-11-02;10;625
26;2025-11-02;11;872
26;2025-11-02;12;862
26;2025-11-02;13;925
26;2025-11-02;14;906
26;2025-11-02;15;827
26;2025-11-02;16;790
26;2025-11-02;17;815
26;2025-11-02;18;732
26;2025-11-02;19;537
26;2025-11-02;20;420
26;2025-11-02;21;292
26;2025-11-02;22;169
26;2025-11-02;23;112
26;2025-11-03;0;44
26;2025-11-03;1;3
26;2025-11-03;2;0
26;2025-11-03;3;0
26;2025-11-03;4;1
26;2025-11-03;5;18
26;2025-11-03;6;139
26;2025-11-03;7;229
26;2025-11-03;8;339
26;2025-11-03;9;466
26;2025-11-03;10;525
26;2025-11-03;11;732
26;2025-11-03;12;724
26;2025-11-03;13;777
26;2025-11-03;14;761
26;2025-11-03;15;695
26;2025-11-03;16;664
26;2025-11-03;17;685
26;2025-11-03;18;615
26;2025-11-03;19;451
26;2025-11-03;20;353
26;2025-11-03;21;245
26;2025-11-03;22;142
26;2025-11-03;23;94
26;2025-11-04;0;43
26;2025-11-04;1;3
26;2025-11-04;2;0
26;2025-11-04;3;0
26;2025-11-04;4;1
26;2025-11-04;5;18
26;2025-11-04;6;136
26;2025-11-04;7;224
26;2025-11-04;8;331
26;2025-11-04;9;455
26;2025-11-04;10;513
26;2025-11-04;11;715
26;2025-11-04;12;707
26;2025-11-04;13;759
26;2025-11-04;14;743
26;2025-11-04;15;679
26;2025-11-04;16;648
26;2025-11-04;17;669
26;2025-11-04;18;600
26;2025-11-04;19;440
26;2025-11-04;20;345
26;2025-11-04;21;239
26;2025-11-04;22;138
26;2025-11-04;23;92
26;2025-11-05;0;34
26;2025-11-05;1;1
26;2025-11-05;2;0
26;2025-11-05;3;0
26;2025-11-05;4;2
26;2025-11-05;5;98
26;2025-11-05;6;444
26;2025-11-05;7;1124
26;2025-11-05;8;2322
26;2025-11-05;9;1490
26;2025-11-05;10;1212
26;2025-11-05;11;1103
26;2025-11-05;12;1149
26;2025-11-05;13;1127
26;2025-11-05;14;1294
26;2025-11-05;15;1406
26;2025-11-05;16;1496
26;2025-11-05;17;1672
26;2025-11-05;18;1853
26;2025-11-05;19;1217
26;2025-11-05;20;725
26;2025-11-05;21;518
26;2025-11-05;22;206
26;2025-11-05;23;123
26;2025-11-06;0;34
26;2025-11-06;1;1
26;2025-11-06;2;0
26;2025-11-06;3;0
26;2025-11-06;4;2
26;2025-11-06;5;98
26;2025-11-06;6;444
26;2025-11-06;7;1124
26;2025-11-06;8;2322
26;2025-11-06;9;1490
26;2025-11-06;10;1212
26;2025-11-06;11;1103
26;2025-11-06;12;1149
26;2025-11-06;13;1127
26;2025-11-06;14;1294
26;2025-11-06;15;1406
26;2025-11-06;16;1496
26;2025-11-06;17;1672
26;2025-11-06;18;1853
26;2025-11-06;19;1217
26;2025-11-06;20;725
26;2025-11-06;21;518
26;2025-11-06;22;206
26;2025-11-06;23;123
26;2025-11-07;0;31
26;2025-11-07;1;0
26;2025-11-07;2;0
26;2025-11-07;3;0
26;2025-11-07;4;1
26;2025-11-07;5;86
26;2025-11-07;6;489
26;2025-11-07;7;1094
26;2025-11-07;8;2286
26;2025-11-07;9;1429
26;2025-11-07;10;1217
26;2025-11-07;11;1187
26;2025-11-07;12;1137
26;2025-11-07;13;1224
26;2025-11-07;14;1448
26;2025-11-07;15;1358
26;2025-11-07;16;1642
26;2025-11-07;17;1749
26;2025-11-07;18;1373
26;2025-11-07;19;966
26;2025-11-07;20;677
26;2025-11-07;21;446
26;2025-11-07;22;182
26;2025-11-07;23;137
26;2025-11-08;0;52
26;2025-11-08;1;2
26;2025-11-08;2;0
26;2025-11-08;3;0
26;2025-11-08;4;2
26;2025-11-08;5;51
26;2025-11-08;6;230
26;2025-11-08;7;367
26;2025-11-08;8;613
26;2025-11-08;9;661
26;2025-11-08;10;820
26;2025-11-08;11;984
26;2025-11-08;12;1060
26;2025-11-08;13;1036
26;2025-11-08;14;1086
26;2025-11-08;15;978
26;2025-11-08;16;1026
26;2025-11-08;17;937
26;2025-11-08;18;866
26;2025-11-08;19;752
26;2025-11-08;20;530
26;2025-11-08;21;345
26;2025-11-08;22;198
26;2025-11-08;23;154
26;2025-11-09;0;53
26;2025-11-09;1;4
26;2025-11-09;2;0
26;2025-11-09;3;0
26;2025-11-09;4;2
26;2025-11-09;5;22
26;2025-11-09;6;167
26;2025-11-09;7;275
26;2025-11-09;8;406
26;2025-11-09;9;560
26;2025-11-09;10;630
26;2025-11-09;11;879
26;2025-11-09;12;869
26;2025-11-09;13;933
26;2025-11-09;14;913
26;2025-11-09;15;834
26;2025-11-09;16;797
26;2025-11-09;17;822
26;2025-11-09;18;738
26;2025-11-09;19;541
26;2025-11-09;20;424
26;2025-11-09;21;294
26;2025-11-09;22;170
26;2025-11-09;23;113
26;2025-11-10;0;31
26;2025-11-10;1;1
26;2025-11-10;2;0
26;2025-11-10;3;0
26;2025-11-10;4;1
26;2025-11-10;5;92
26;2025-11-10;6;463
26;2025-11-10;7;1179
26;2025-11-10;8;2273
26;2025-11-10;9;1470
26;2025-11-10;10;1215
26;2025-11-10;11;993
26;2025-11-10;12;1039
26;2025-11-10;13;1077
26;2025-11-10;14;1233
26;2025-11-10;15;1222
26;2025-11-10;16;1334
26;2025-11-10;17;1641
26;2025-11-10;18;1856
26;2025-11-10;19;1172
26;2025-11-10;20;699
26;2025-11-10;21;442
26;2025-11-10;22;202
26;2025-11-10;23;108
26;2025-11-11;0;34
26;2025-11-11;1;1
26;2025-11-11;2;0
26;2025-11-11;3;0
26;2025-11-11;4;2
26;2025-11-11;5;98
26;2025-11-11;6;444
26;2025-11-11;7;1124
26;2025-11-11;8;2322
26;2025-11-11;9;1490
26;2025-11-11;10;1212
26;2025-11-11;11;1103
26;2025-11-11;12;1149
26;2025-11-11;13;1127
26;2025-11-11;14;1294
26;2025-11-11;15;1406
26;2025-11-11;16;1496
26;2025-11-11;17;1672
26;2025-11-11;18;1853
26;2025-11-11;19;1217
26;2025-11-11;20;725
26;2025-11-11;21;518
26;2025-11-11;22;206
26;2025-11-11;23;123
26;2025-11-12;0;34
26;2025-11-12;1;1
26;2025-11-12;2;0
26;2025-11-12;3;0
26;2025-11-12;4;2
26;2025-11-12;5;98
26;2025-11-12;6;444
26;2025-11-12;7;1124
26;2025-11-12;8;2322
26;2025-11-12;9;1490
26;2025-11-12;10;1212
26;2025-11-12;11;1103
26;2025-11-12;12;1149
26;2025-11-12;13;1127
26;2025-11-12;14;1294
26;2025-11-12;15;1406
26;2025-11-12;16;1496
26;2025-11-12;17;1672
26;2025-11-12;18;1853
26;2025-11-12;19;1217
26;2025-11-12;20;725
26;2025-11-12;21;518
26;2025-11-12;22;206
26;2025-11-12;23;123
26;2025-11-13;0;34
26;2025-11-13;1;1
26;2025-11-13;2;0
26;2025-11-13;3;0
26;2025-11-13;4;2
26;2025-11-13;5;98
26;2025-11-13;6;444
26;2025-11-13;7;1124
26;2025-11-13;8;2322
26;2025-11-13;9;1490
26;2025-11-13;10;1212
26;2025-11-13;11;1103
26;2025-11-13;12;1149
26;2025-11-13;13;1127
26;2025-11-13;14;1294
26;2025-11-13;15;1406
26;2025-11-13;16;1496
26;2025-11-13;17;1672
26;2025-11-13;18;1853
26;2025-11-13;19;1217
26;2025-11-13;20;725
26;2025-11-13;21;518
26;2025-11-13;22;206
26;2025-11-13;23;123
26;2025-11-14;0;31
26;2025-11-14;1;0
26;2025-11-14;2;0
26;2025-11-14;3;0
26;2025-11-14;4;1
26;2025-11-14;5;86
26;2025-11-14;6;489
26;2025-11-14;7;1094
26;2025-11-14;8;2286
26;2025-11-14;9;1429
26;2025-11-14;10;1217
26;2025-11-14;11;1187
26;2025-11-14;12;1137
26;2025-11-14;13;1224
26;2025-11-14;14;1448
26;2025-11-14;15;1358
26;2025-11-14;16;1642
26;2025-11-14;17;1749
26;2025-11-14;18;1373
26;2025-11-14;19;966
26;2025-11-14;20;677
26;2025-11-14;21;446
26;2025-11-14;22;182
26;2025-11-14;23;137
26;2025-11-15;0;48
26;2025-11-15;1;2
26;2025-11-15;2;0
26;2025-11-15;3;0
26;2025-11-15;4;2
26;2025-11-15;5;46
26;2025-11-15;6;211
26;2025-11-15;7;337
26;2025-11-15;8;564
26;2025-11-15;9;608
26;2025-11-15;10;754
26;2025-11-15;11;905
26;2025-11-15;12;974
26;2025-11-15;13;953
26;2025-11-15;14;998
26;2025-11-15;15;899
26;2025-11-15;16;943
26;2025-11-15;17;862
26;2025-11-15;18;796
26;2025-11-15;19;691
26;2025-11-15;20;488
26;2025-11-15;21;317
26;2025-11-15;22;182
26;2025-11-15;23;142
26;2025-11-16;0;53
26;2025-11-16;1;4
26;2025-11-16;2;0
26;2025-11-16;3;0
26;2025-11-16;4;2
26;2025-11-16;5;22
26;2025-11-16;6;167
26;2025-11-16;7;275
26;2025-11-16;8;406
26;2025-11-16;9;560
26;2025-11-16;10;630
26;2025-11-16;11;879
26;2025-11-16;12;869
26;2025-11-16;13;933
26;2025-11-16;14;913
26;2025-11-16;15;834
26;2025-11-16;16;797
26;2025-11-16;17;822
26;2025-11-16;18;738
26;2025-11-16;19;541
26;2025-11-16;20;424
26;2025-11-16;21;294
26;2025-11-16;22;170
26;2025-11-16;23;113
26;2025-11-17;0;30
26;2025-11-17;1;1
26;2025-11-17;2;0
26;2025-11-17;3;0
26;2025-11-17;4;1
26;2025-11-17;5;89
26;2025-11-17;6;449
26;2025-11-17;7;1145
26;2025-11-17;8;2207
26;2025-11-17;9;1427
26;2025-11-17;10;1179
26;2025-11-17;11;964
26;2025-11-17;12;1009
26;2025-11-17;13;1046
26;2025-11-17;14;1197
26;2025-11-17;15;1187
26;2025-11-17;16;1296
26;2025-11-17;17;1593
26;2025-11-17;18;1802
26;2025-11-17;19;1138
26;2025-11-17;20;679
26;2025-11-17;21;429
26;2025-11-17;22;197
26;2025-11-17;23;105
26;2025-11-18;0;33
26;2025-11-18;1;1
26;2025-11-18;2;0
26;2025-11-18;3;0
26;2025-11-18;4;2
26;2025-11-18;5;95
26;2025-11-18;6;431
26;2025-11-18;7;1091
26;2025-11-18;8;2255
26;2025-11-18;9;1446
26;2025-11-18;10;1177
26;2025-11-18;11;1071
26;2025-11-18;12;1116
26;2025-11-18;13;1094
26;2025-11-18;14;1257
26;2025-11-18;15;1365
26;2025-11-18;16;1452
26;2025-11-18;17;1624
26;2025-11-18;18;1799
26;2025-11-18;19;1182
26;2025-11-18;20;704
26;2025-11-18;21;503
26;2025-11-18;22;200
26;2025-11-18;23;120
26;2025-11-19;0;33
26;2025-11-19;1;1
26;2025-11-19;2;0
26;2025-11-19;3;0
26;2025-11-19;4;2
26;2025-11-19;5;95
26;2025-11-19;6;431
26;2025-11-19;7;1091
26;2025-11-19;8;2255
26;2025-11-19;9;1446
26;2025-11-19;10;1177
26;2025-11-19;11;1071
26;2025-11-19;12;1116
26;2025-11-19;13;1094
26;2025-11-19;14;1257
26;2025-11-19;15;1365
26;2025-11-19;16;1452
26;2025-11-19;17;1624
26;2025-11-19;18;1799
26;2025-11-19;19;1182
26;2025-11-19;20;704
26;2025-11-19;21;503
26;2025-11-19;22;200
26;2025-11-19;23;120
26;2025-11-20;0;33
26;2025-11-20;1;1
26;2025-11-20;2;0
26;2025-11-20;3;0
26;2025-11-20;4;2
26;2025-11-20;5;95
26;2025-11-20;6;431
26;2025-11-20;7;1091
26;2025-11-20;8;2255
26;2025-11-20;9;1446
26;2025-11-20;10;1177
26;2025-11-20;11;1071
26;2025-11-20;12;1116
26;2025-11-20;13;1094
26;2025-11-20;14;1257
26;2025-11-20;15;1365
26;2025-11-20;16;1452
26;2025-11-20;17;1624
26;2025-11-20;18;1799
26;2025-11-20;19;1182
26;2025-11-20;20;704
26;2025-11-20;21;503
26;2025-11-20;22;200
26;2025-11-20;23;120
26;2025-11-21;0;30
26;2025-11-21;1;0
26;2025-11-21;2;0
26;2025-11-21;3;0
26;2025-11-21;4;1
26;2025-11-21;5;84
26;2025-11-21;6;473
26;2025-11-21;7;1059
26;2025-11-21;8;2212
26;2025-11-21;9;1383
26;2025-11-21;10;1178
26;2025-11-21;11;1149
26;2025-11-21;12;1101
26;2025-11-21;13;1184
26;2025-11-21;14;1402
26;2025-11-21;15;1315
26;2025-11-21;16;1589
26;2025-11-21;17;1693
26;2025-11-21;18;1329
26;2025-11-21;19;935
26;2025-11-21;20;655
26;2025-11-21;21;432
26;2025-11-21;22;176
26;2025-11-21;23;133
26;2025-11-22;0;51
26;2025-11-22;1;2
26;2025-11-22;2;0
26;2025-11-22;3;0
26;2025-11-22;4;2
26;2025-11-22;5;49
26;2025-11-22;6;224
26;2025-11-22;7;357
26;2025-11-22;8;597
26;2025-11-22;9;644
26;2025-11-22;10;798
26;2025-11-22;11;958
26;2025-11-22;12;1032
26;2025-11-22;13;1009
26;2025-11-22;14;1058
26;2025-11-22;15;952
26;2025-11-22;16;999
26;2025-11-22;17;913
26;2025-11-22;18;844
26;2025-11-22;19;732
26;2025-11-22;20;516
26;2025-11-22;21;336
26;2025-11-22;22;193
26;2025-11-22;23;150
26;2025-11-23;0;53
26;2025-11-23;1;4
26;2025-11-23;2;0
26;2025-11-23;3;0
26;2025-11-23;4;2
26;2025-11-23;5;22
26;2025-11-23;6;167
26;2025-11-23;7;275
26;2025-11-23;8;406
26;2025-11-23;9;560
26;2025-11-23;10;630
26;2025-11-23;11;879
26;2025-11-23;12;869
26;2025-11-23;13;933
26;2025-11-23;14;913
26;2025-11-23;15;834
26;2025-11-23;16;797
26;2025-11-23;17;822
26;2025-11-23;18;738
26;2025-11-23;19;541
26;2025-11-23;20;424
26;2025-11-23;21;294
26;2025-11-23;22;170
26;2025-11-23;23;113
26;2025-11-24;0;31
26;2025-11-24;1;1
26;2025-11-24;2;0
26;2025-11-24;3;0
26;2025-11-24;4;1
26;2025-11-24;5;91
26;2025-11-24;6;461
26;2025-11-24;7;1175
26;2025-11-24;8;2266
26;2025-11-24;9;1465
26;2025-11-24;10;1211
26;2025-11-24;11;990
26;2025-11-24;12;1036
26;2025-11-24;13;1074
26;2025-11-24;14;1229
26;2025-11-24;15;1219
26;2025-11-24;16;1330
26;2025-11-24;17;1636
26;2025-11-24;18;1851
26;2025-11-24;19;1169
26;2025-11-24;20;697
26;2025-11-24;21;440
26;2025-11-24;22;202
26;2025-11-24;23;108
26;2025-11-25;0;34
26;2025-11-25;1;1
26;2025-11-25;2;0
26;2025-11-25;3;0
26;2025-11-25;4;2
26;2025-11-25;5;98
26;2025-11-25;6;444
26;2025-11-25;7;1124
26;2025-11-25;8;2322
26;2025-11-25;9;1490
26;2025-11-25;10;1212
26;2025-11-25;11;1103
26;2025-11-25;12;1149
26;2025-11-25;13;1127
26;2025-11-25;14;1294
26;2025-11-25;15;1406
26;2025-11-25;16;1496
26;2025-11-25;17;1672
26;2025-11-25;18;1853
26;2025-11-25;19;1217
26;2025-11-25;20;725
26;2025-11-25;21;518
26;2025-11-25;22;206
26;2025-11-25;23;123
26;2025-11-26;0;32
26;2025-11-26;1;1
26;2025-11-26;2;0
26;2025-11-26;3;0
26;2025-11-26;4;2
26;2025-11-26;5;94
26;2025-11-26;6;425
26;2025-11-26;7;1076
26;2025-11-26;8;2222
26;2025-11-26;9;1425
26;2025-11-26;10;1160
26;2025-11-26;11;1055
26;2025-11-26;12;1100
26;2025-11-26;13;1078
26;2025-11-26;14;1238
26;2025-11-26;15;1346
26;2025-11-26;16;1431
26;2025-11-26;17;1600
26;2025-11-26;18;1773
26;2025-11-26;19;1165
26;2025-11-26;20;694
26;2025-11-26;21;495
26;2025-11-26;22;197
26;2025-11-26;23;118
26;2025-11-27;0;34
26;2025-11-27;1;1
26;2025-11-27;2;0
26;2025-11-27;3;0
26;2025-11-27;4;2
26;2025-11-27;5;98
26;2025-11-27;6;444
26;2025-11-27;7;1124
26;2025-11-27;8;2322
26;2025-11-27;9;1490
26;2025-11-27;10;1212
26;2025-11-27;11;1103
26;2025-11-27;12;1149
26;2025-11-27;13;1127
26;2025-11-27;14;1294
26;2025-11-27;15;1406
26;2025-11-27;16;1496
26;2025-11-27;17;1672
26;2025-11-27;18;1853
26;2025-11-27;19;1217
26;2025-11-27;20;725
26;2025-11-27;21;518
26;2025-11-27;22;206
26;2025-11-27;23;123
26;2025-11-28;0;31
26;2025-11-28;1;0
26;2025-11-28;2;0
26;2025-11-28;3;0
26;2025-11-28;4;1
26;2025-11-28;5;86
26;2025-11-28;6;489
26;2025-11-28;7;1094
26;2025-11-28;8;2286
26;2025-11-28;9;1429
26;2025-11-28;10;1217
26;2025-11-28;11;1187
26;2025-11-28;12;1137
26;2025-11-28;13;1224
26;2025-11-28;14;1448
26;2025-11-28;15;1358
26;2025-11-28;16;1642
26;2025-11-28;17;1749
26;2025-11-28;18;1373
26;2025-11-28;19;966
26;2025-11-28;20;677
26;2025-11-28;21;446
26;2025-11-28;22;182
26;2025-11-28;23;137
26;2025-11-29;0;52
26;2025-11-29;1;2
26;2025-11-29;2;0
26;2025-11-29;3;0
26;2025-11-29;4;2
26;2025-11-29;5;51
26;2025-11-29;6;230
26;2025-11-29;7;367
26;2025-11-29;8;613
26;2025-11-29;9;661
26;2025-11-29;10;820
26;2025-11-29;11;984
26;2025-11-29;12;1060
26;2025-11-29;13;1036
26;2025-11-29;14;1086
26;2025-11-29;15;978
26;2025-11-29;16;1026
26;2025-11-29;17;937
26;2025-11-29;18;866
26;2025-11-29;19;752
26;2025-11-29;20;530
26;2025-11-29;21;345
26;2025-11-29;22;198
26;2025-11-29;23;154
26;2025-11-30;0;53
26;2025-11-30;1;4
26;2025-11-30;2;0
26;2025-11-30;3;0
26;2025-11-30;4;2
26;2025-11-30;5;22
26;2025-11-30;6;167
26;2025-11-30;7;275
26;2025-11-30;8;406
26;2025-11-30;9;560
26;2025-11-30;10;630
26;2025-11-30;11;879
26;2025-11-30;12;869
26;2025-11-30;13;933
26;2025-11-30;14;913
26;2025-11-30;15;834
26;2025-11-30;16;797
26;2025-11-30;17;822
26;2025-11-30;18;738
26;2025-11-30;19;541
26;2025-11-30;20;424
26;2025-11-30;21;294
26;2025-11-30;22;170
26;2025-11-30;23;113
26;2025-12-01;0;31
26;2025-12-01;1;1
26;2025-12-01;2;0
26;2025-12-01;3;0
26;2025-12-01;4;1
26;2025-12-01;5;92
26;2025-12-01;6;463
26;2025-12-01;7;1179
26;2025-12-01;8;2273
26;2025-12-01;9;1470
26;2025-12-01;10;1215
26;2025-12-01;11;993
26;2025-12-01;12;1039
26;2025-12-01;13;1077
26;2025-12-01;14;1233
26;2025-12-01;15;1222
26;2025-12-01;16;1334
26;2025-12-01;17;1641
26;2025-12-01;18;1856
26;2025-12-01;19;1172
26;2025-12-01;20;699
26;2025-12-01;21;442
26;2025-12-01;22;202
26;2025-12-01;23;108
26;2025-12-02;0;34
26;2025-12-02;1;1
26;2025-12-02;2;0
26;2025-12-02;3;0
26;2025-12-02;4;2
26;2025-12-02;5;98
26;2025-12-02;6;444
26;2025-12-02;7;1124
26;2025-12-02;8;2322
26;2025-12-02;9;1490
26;2025-12-02;10;1212
26;2025-12-02;11;1103
26;2025-12-02;12;1149
26;2025-12-02;13;1127
26;2025-12-02;14;1294
26;2025-12-02;15;1406
26;2025-12-02;16;1496
26;2025-12-02;17;1672
26;2025-12-02;18;1853
26;2025-12-02;19;1217
26;2025-12-02;20;725
26;2025-12-02;21;518
26;2025-12-02;22;206
26;2025-12-02;23;123
26;2025-12-03;0;34
26;2025-12-03;1;1
26;2025-12-03;2;0
26;2025-12-03;3;0
26;2025-12-03;4;2
26;2025-12-03;5;98
26;2025-12-03;6;444
26;2025-12-03;7;1124
26;2025-12-03;8;2322
26;2025-12-03;9;1490
26;2025-12-03;10;1212
26;2025-12-03;11;1103
26;2025-12-03;12;1149
26;2025-12-03;13;1127
26;2025-12-03;14;1294
26;2025-12-03;15;1406
26;2025-12-03;16;1496
26;2025-12-03;17;1672
26;2025-12-03;18;1853
26;2025-12-03;19;1217
26;2025-12-03;20;725
26;2025-12-03;21;518
26;2025-12-03;22;206
26;2025-12-03;23;123
26;2025-12-04;0;34
26;2025-12-04;1;1
26;2025-12-04;2;0
26;2025-12-04;3;0
26;2025-12-04;4;2
26;2025-12-04;5;98
26;2025-12-04;6;444
26;2025-12-04;7;1124
26;2025-12-04;8;2322
26;2025-12-04;9;1490
26;2025-12-04;10;1212
26;2025-12-04;11;1103
26;2025-12-04;12;1149
26;2025-12-04;13;1127
26;2025-12-04;14;1294
26;2025-12-04;15;1406
26;2025-12-04;16;1496
26;2025-12-04;17;1672
26;2025-12-04;18;1853
26;2025-12-04;19;1217
26;2025-12-04;20;725
26;2025-12-04;21;518
26;2025-12-04;22;206
26;2025-12-04;23;123
26;2025-12-05;0;31
26;2025-12-05;1;0
26;2025-12-05;2;0
26;2025-12-05;3;0
26;2025-12-05;4;1
26;2025-12-05;5;86
26;2025-12-05;6;489
26;2025-12-05;7;1094
26;2025-12-05;8;2286
26;2025-12-05;9;1429
26;2025-12-05;10;1217
26;2025-12-05;11;1187
26;2025-12-05;12;1137
26;2025-12-05;13;1224
26;2025-12-05;14;1448
26;2025-12-05;15;1358
26;2025-12-05;16;1642
26;2025-12-05;17;1749
26;2025-12-05;18;1373
26;2025-12-05;19;966
26;2025-12-05;20;677
26;2025-12-05;21;446
26;2025-12-05;22;182
26;2025-12-05;23;137
26;2025-12-06;0;52
26;2025-12-06;1;2
26;2025-12-06;2;0
26;2025-12-06;3;0
26;2025-12-06;4;2
26;2025-12-06;5;51
26;2025-12-06;6;230
26;2025-12-06;7;367
26;2025-12-06;8;613
26;2025-12-06;9;661
26;2025-12-06;10;820
26;2025-12-06;11;984
26;2025-12-06;12;1060
26;2025-12-06;13;1036
26;2025-12-06;14;1086
26;2025-12-06;15;978
26;2025-12-06;16;1026
26;2025-12-06;17;937
26;2025-12-06;18;866
26;2025-12-06;19;752
26;2025-12-06;20;530
26;2025-12-06;21;345
26;2025-12-06;22;198
26;2025-12-06;23;154
26;2025-12-07;0;53
26;2025-12-07;1;4
26;2025-12-07;2;0
26;2025-12-07;3;0
26;2025-12-07;4;2
26;2025-12-07;5;22
26;2025-12-07;6;167
26;2025-12-07;7;275
26;2025-12-07;8;406
26;2025-12-07;9;560
26;2025-12-07;10;630
26;2025-12-07;11;879
26;2025-12-07;12;869
26;2025-12-07;13;933
26;2025-12-07;14;913
26;2025-12-07;15;834
26;2025-12-07;16;797
26;2025-12-07;17;822
26;2025-12-07;18;738
26;2025-12-07;19;541
26;2025-12-07;20;424
26;2025-12-07;21;294
26;2025-12-07;22;170
26;2025-12-07;23;113
26;2025-12-08;0;31
26;2025-12-08;1;1
26;2025-12-08;2;0
26;2025-12-08;3;0
26;2025-12-08;4;1
26;2025-12-08;5;92
26;2025-12-08;6;463
26;2025-12-08;7;1179
26;2025-12-08;8;2273
26;2025-12-08;9;1470
26;2025-12-08;10;1215
26;2025-12-08;11;993
26;2025-12-08;12;1039
26;2025-12-08;13;1077
26;2025-12-08;14;1233
26;2025-12-08;15;1222
26;2025-12-08;16;1334
26;2025-12-08;17;1641
26;2025-12-08;18;1856
26;2025-12-08;19;1172
26;2025-12-08;20;699
26;2025-12-08;21;442
26;2025-12-08;22;202
26;2025-12-08;23;108
26;2025-12-09;0;34
26;2025-12-09;1;1
26;2025-12-09;2;0
26;2025-12-09;3;0
26;2025-12-09;4;2
26;2025-12-09;5;98
26;2025-12-09;6;444
26;2025-12-09;7;1124
26;2025-12-09;8;2322
26;2025-12-09;9;1490
26;2025-12-09;10;1212
26;2025-12-09;11;1103
26;2025-12-09;12;1149
26;2025-12-09;13;1127
26;2025-12-09;14;1294
26;2025-12-09;15;1406
26;2025-12-09;16;1496
26;2025-12-09;17;1672
26;2025-12-09;18;1853
26;2025-12-09;19;1217
26;2025-12-09;20;725
26;2025-12-09;21;518
26;2025-12-09;22;206
26;2025-12-09;23;123
26;2025-12-10;0;33
26;2025-12-10;1;1
26;2025-12-10;2;0
26;2025-12-10;3;0
26;2025-12-10;4;2
26;2025-12-10;5;96
26;2025-12-10;6;437
26;2025-12-10;7;1106
26;2025-12-10;8;2285
26;2025-12-10;9;1466
26;2025-12-10;10;1193
26;2025-12-10;11;1085
26;2025-12-10;12;1131
26;2025-12-10;13;1109
26;2025-12-10;14;1274
26;2025-12-10;15;1384
26;2025-12-10;16;1472
26;2025-12-10;17;1646
26;2025-12-10;18;1824
26;2025-12-10;19;1198
26;2025-12-10;20;714
26;2025-12-10;21;509
26;2025-12-10;22;203
26;2025-12-10;23;121
26;2025-12-11;0;34
26;2025-12-11;1;1
26;2025-12-11;2;0
26;2025-12-11;3;0
26;2025-12-11;4;2
26;2025-12-11;5;98
26;2025-12-11;6;444
26;2025-12-11;7;1124
26;2025-12-11;8;2322
26;2025-12-11;9;1490
26;2025-12-11;10;1212
26;2025-12-11;11;1103
26;2025-12-11;12;1149
26;2025-12-11;13;1127
26;2025-12-11;14;1294
26;2025-12-11;15;1406
26;2025-12-11;16;1496
26;2025-12-11;17;1672
26;2025-12-11;18;1853
26;2025-12-11;19;1217
26;2025-12-11;20;725
26;2025-12-11;21;518
26;2025-12-11;22;206
26;2025-12-11;23;123
26;2025-12-12;0;30
26;2025-12-12;1;0
26;2025-12-12;2;0
26;2025-12-12;3;0
26;2025-12-12;4;1
26;2025-12-12;5;84
26;2025-12-12;6;477
26;2025-12-12;7;1067
26;2025-12-12;8;2231
26;2025-12-12;9;1394
26;2025-12-12;10;1188
26;2025-12-12;11;1159
26;2025-12-12;12;1110
26;2025-12-12;13;1194
26;2025-12-12;14;1413
26;2025-12-12;15;1326
26;2025-12-12;16;1602
26;2025-12-12;17;1707
26;2025-12-12;18;1340
26;2025-12-12;19;943
26;2025-12-12;20;661
26;2025-12-12;21;435
26;2025-12-12;22;178
26;2025-12-12;23;134
26;2025-12-13;0;51
26;2025-12-13;1;2
26;2025-12-13;2;0
26;2025-12-13;3;0
26;2025-12-13;4;2
26;2025-12-13;5;50
26;2025-12-13;6;227
26;2025-12-13;7;362
26;2025-12-13;8;605
26;2025-12-13;9;652
26;2025-12-13;10;808
26;2025-12-13;11;970
26;2025-12-13;12;1045
26;2025-12-13;13;1022
26;2025-12-13;14;1071
26;2025-12-13;15;964
26;2025-12-13;16;1012
26;2025-12-13;17;925
26;2025-12-13;18;854
26;2025-12-13;19;741
26;2025-12-13;20;523
26;2025-12-13;21;340
26;2025-12-13;22;196
26;2025-12-13;23;152
26;2025-12-14;0;52
26;2025-12-14;1;4
26;2025-12-14;2;0
26;2025-12-14;3;0
26;2025-12-14;4;2
26;2025-12-14;5;22
26;2025-12-14;6;167
26;2025-12-14;7;274
26;2025-12-14;8;405
26;2025-12-14;9;558
26;2025-12-14;10;628
26;2025-12-14;11;876
26;2025-12-14;12;866
26;2025-12-14;13;930
26;2025-12-14;14;911
26;2025-12-14;15;831
26;2025-12-14;16;794
26;2025-12-14;17;819
26;2025-12-14;18;735
26;2025-12-14;19;539
26;2025-12-14;20;422
26;2025-12-14;21;293
26;2025-12-14;22;169
26;2025-12-14;23;113
26;2025-12-15;0;31
26;2025-12-15;1;1
26;2025-12-15;2;0
26;2025-12-15;3;0
26;2025-12-15;4;1
26;2025-12-15;5;91
26;2025-12-15;6;461
26;2025-12-15;7;1175
26;2025-12-15;8;2266
26;2025-12-15;9;1465
26;2025-12-15;10;1211
26;2025-12-15;11;990
26;2025-12-15;12;1036
26;2025-12-15;13;1074
26;2025-12-15;14;1229
26;2025-12-15;15;1219
26;2025-12-15;16;1330
26;2025-12-15;17;1636
26;2025-12-15;18;1851
26;2025-12-15;19;1169
26;2025-12-15;20;697
26;2025-12-15;21;440
26;2025-12-15;22;202
26;2025-12-15;23;108
26;2025-12-16;0;33
26;2025-12-16;1;1
26;2025-12-16;2;0
26;2025-12-16;3;0
26;2025-12-16;4;2
26;2025-12-16;5;95
26;2025-12-16;6;431
26;2025-12-16;7;1091
26;2025-12-16;8;2254
26;2025-12-16;9;1446
26;2025-12-16;10;1177
26;2025-12-16;11;1071
26;2025-12-16;12;1115
26;2025-12-16;13;1094
26;2025-12-16;14;1256
26;2025-12-16;15;1365
26;2025-12-16;16;1452
26;2025-12-16;17;1623
26;2025-12-16;18;1799
26;2025-12-16;19;1182
26;2025-12-16;20;704
26;2025-12-16;21;503
26;2025-12-16;22;200
26;2025-12-16;23;120
26;2025-12-17;0;34
26;2025-12-17;1;1
26;2025-12-17;2;0
26;2025-12-17;3;0
26;2025-12-17;4;2
26;2025-12-17;5;98
26;2025-12-17;6;444
26;2025-12-17;7;1124
26;2025-12-17;8;2322
26;2025-12-17;9;1490
26;2025-12-17;10;1212
26;2025-12-17;11;1103
26;2025-12-17;12;1149
26;2025-12-17;13;1127
26;2025-12-17;14;1294
26;2025-12-17;15;1406
26;2025-12-17;16;1496
26;2025-12-17;17;1672
26;2025-12-17;18;1853
26;2025-12-17;19;1217
26;2025-12-17;20;725
26;2025-12-17;21;518
26;2025-12-17;22;206
26;2025-12-17;23;123
26;2025-12-18;0;34
26;2025-12-18;1;1
26;2025-12-18;2;0
26;2025-12-18;3;0
26;2025-12-18;4;2
26;2025-12-18;5;98
26;2025-12-18;6;444
26;2025-12-18;7;1124
26;2025-12-18;8;2322
26;2025-12-18;9;1490
26;2025-12-18;10;1212
26;2025-12-18;11;1103
26;2025-12-18;12;1149
26;2025-12-18;13;1127
26;2025-12-18;14;1294
26;2025-12-18;15;1406
26;2025-12-18;16;1496
26;2025-12-18;17;1672
26;2025-12-18;18;1853
26;2025-12-18;19;1217
26;2025-12-18;20;725
26;2025-12-18;21;518
26;2025-12-18;22;206
26;2025-12-18;23;123
26;2025-12-19;0;31
26;2025-12-19;1;0
26;2025-12-19;2;0
26;2025-12-19;3;0
26;2025-12-19;4;1
26;2025-12-19;5;86
26;2025-12-19;6;489
26;2025-12-19;7;1094
26;2025-12-19;8;2286
26;2025-12-19;9;1429
26;2025-12-19;10;1217
26;2025-12-19;11;1187
26;2025-12-19;12;1137
26;2025-12-19;13;1224
26;2025-12-19;14;1448
26;2025-12-19;15;1358
26;2025-12-19;16;1642
26;2025-12-19;17;1749
26;2025-12-19;18;1373
26;2025-12-19;19;966
26;2025-12-19;20;677
26;2025-12-19;21;446
26;2025-12-19;22;182
26;2025-12-19;23;137
26;2025-12-20;0;52
26;2025-12-20;1;2
26;2025-12-20;2;0
26;2025-12-20;3;0
26;2025-12-20;4;2
26;2025-12-20;5;51
26;2025-12-20;6;230
26;2025-12-20;7;367
26;2025-12-20;8;613
26;2025-12-20;9;661
26;2025-12-20;10;820
26;2025-12-20;11;984
26;2025-12-20;12;1060
26;2025-12-20;13;1036
26;2025-12-20;14;1086
26;2025-12-20;15;978
26;2025-12-20;16;1026
26;2025-12-20;17;937
26;2025-12-20;18;866
26;2025-12-20;19;752
26;2025-12-20;20;530
26;2025-12-20;21;345
26;2025-12-20;22;198
26;2025-12-20;23;154
26;2025-12-21;0;52
26;2025-12-21;1;4
26;2025-12-21;2;0
26;2025-12-21;3;0
26;2025-12-21;4;2
26;2025-12-21;5;22
26;2025-12-21;6;166
26;2025-12-21;7;274
26;2025-12-21;8;404
26;2025-12-21;9;556
26;2025-12-21;10;626
26;2025-12-21;11;873
26;2025-12-21;12;864
26;2025-12-21;13;927
26;2025-12-21;14;908
26;2025-12-21;15;829
26;2025-12-21;16;792
26;2025-12-21;17;817
26;2025-12-21;18;733
26;2025-12-21;19;538
26;2025-12-21;20;421
26;2025-12-21;21;292
26;2025-12-21;22;169
26;2025-12-21;23;112
26;2025-12-22;0;31
26;2025-12-22;1;1
26;2025-12-22;2;0
26;2025-12-22;3;0
26;2025-12-22;4;1
26;2025-12-22;5;91
26;2025-12-22;6;457
26;2025-12-22;7;1166
26;2025-12-22;8;2248
26;2025-12-22;9;1453
26;2025-12-22;10;1201
26;2025-12-22;11;982
26;2025-12-22;12;1028
26;2025-12-22;13;1065
26;2025-12-22;14;1219
26;2025-12-22;15;1209
26;2025-12-22;16;1319
26;2025-12-22;17;1623
26;2025-12-22;18;1835
26;2025-12-22;19;1159
26;2025-12-22;20;691
26;2025-12-22;21;437
26;2025-12-22;22;200
26;2025-12-22;23;107
26;2025-12-23;0;34
26;2025-12-23;1;1
26;2025-12-23;2;0
26;2025-12-23;3;0
26;2025-12-23;4;2
26;2025-12-23;5;98
26;2025-12-23;6;444
26;2025-12-23;7;1124
26;2025-12-23;8;2322
26;2025-12-23;9;1490
26;2025-12-23;10;1212
26;2025-12-23;11;1103
26;2025-12-23;12;1149
26;2025-12-23;13;1127
26;2025-12-23;14;1294
26;2025-12-23;15;1406
26;2025-12-23;16;1496
26;2025-12-23;17;1672
26;2025-12-23;18;1853
26;2025-12-23;19;1217
26;2025-12-23;20;725
26;2025-12-23;21;518
26;2025-12-23;22;206
26;2025-12-23;23;123
26;2025-12-24;0;33
26;2025-12-24;1;1
26;2025-12-24;2;0
26;2025-12-24;3;0
26;2025-12-24;4;2
26;2025-12-24;5;96
26;2025-12-24;6;437
26;2025-12-24;7;1106
26;2025-12-24;8;2285
26;2025-12-24;9;1466
26;2025-12-24;10;1193
26;2025-12-24;11;1085
26;2025-12-24;12;1131
26;2025-12-24;13;1109
26;2025-12-24;14;1274
26;2025-12-24;15;1384
26;2025-12-24;16;1472
26;2025-12-24;17;1646
26;2025-12-24;18;1824
26;2025-12-24;19;1198
26;2025-12-24;20;714
26;2025-12-24;21;509
26;2025-12-24;22;203
26;2025-12-24;23;121
26;2025-12-25;0;33
26;2025-12-25;1;1
26;2025-12-25;2;0
26;2025-12-25;3;0
26;2025-12-25;4;2
26;2025-12-25;5;95
26;2025-12-25;6;429
26;2025-12-25;7;1086
26;2025-12-25;8;2243
26;2025-12-25;9;1439
26;2025-12-25;10;1171
26;2025-12-25;11;1065
26;2025-12-25;12;1110
26;2025-12-25;13;1089
26;2025-12-25;14;1250
26;2025-12-25;15;1359
26;2025-12-25;16;1445
26;2025-12-25;17;1616
26;2025-12-25;18;1790
26;2025-12-25;19;1176
26;2025-12-25;20;701
26;2025-12-25;21;500
26;2025-12-25;22;199
26;2025-12-25;23;119
26;2025-12-26;0;29
26;2025-12-26;1;0
26;2025-12-26;2;0
26;2025-12-26;3;0
26;2025-12-26;4;1
26;2025-12-26;5;81
26;2025-12-26;6;458
26;2025-12-26;7;1024
26;2025-12-26;8;2141
26;2025-12-26;9;1338
26;2025-12-26;10;1140
26;2025-12-26;11;1112
26;2025-12-26;12;1065
26;2025-12-26;13;1146
26;2025-12-26;14;1356
26;2025-12-26;15;1272
26;2025-12-26;16;1538
26;2025-12-26;17;1638
26;2025-12-26;18;1286
26;2025-12-26;19;905
26;2025-12-26;20;634
26;2025-12-26;21;418
26;2025-12-26;22;170
26;2025-12-26;23;128
26;2025-12-27;0;52
26;2025-12-27;1;2
26;2025-12-27;2;0
26;2025-12-27;3;0
26;2025-12-27;4;2
26;2025-12-27;5;50
26;2025-12-27;6;229
26;2025-12-27;7;364
26;2025-12-27;8;609
26;2025-12-27;9;658
26;2025-12-27;10;815
26;2025-12-27;11;978
26;2025-12-27;12;1053
26;2025-12-27;13;1030
26;2025-12-27;14;1079
26;2025-12-27;15;972
26;2025-12-27;16;1020
26;2025-12-27;17;932
26;2025-12-27;18;861
26;2025-12-27;19;747
26;2025-12-27;20;527
26;2025-12-27;21;343
26;2025-12-27;22;197
26;2025-12-27;23;153
26;2025-12-28;0;51
26;2025-12-28;1;4
26;2025-12-28;2;0
26;2025-12-28;3;0
26;2025-12-28;4;2
26;2025-12-28;5;21
26;2025-12-28;6;161
26;2025-12-28;7;266
26;2025-12-28;8;392
26;2025-12-28;9;540
26;2025-12-28;10;607
26;2025-12-28;11;848
26;2025-12-28;12;838
26;2025-12-28;13;900
26;2025-12-28;14;881
26;2025-12-28;15;804
26;2025-12-28;16;768
26;2025-12-28;17;793
26;2025-12-28;18;711
26;2025-12-28;19;522
26;2025-12-28;20;409
26;2025-12-28;21;284
26;2025-12-28;22;164
26;2025-12-28;23;109
26;2025-12-29;0;27
26;2025-12-29;1;1
26;2025-12-29;2;0
26;2025-12-29;3;0
26;2025-12-29;4;1
26;2025-12-29;5;80
26;2025-12-29;6;402
26;2025-12-29;7;1025
26;2025-12-29;8;1977
26;2025-12-29;9;1278
26;2025-12-29;10;1056
26;2025-12-29;11;864
26;2025-12-29;12;904
26;2025-12-29;13;937
26;2025-12-29;14;1072
26;2025-12-29;15;1063
26;2025-12-29;16;1160
26;2025-12-29;17;1427
26;2025-12-29;18;1614
26;2025-12-29;19;1019
26;2025-12-29;20;608
26;2025-12-29;21;384
26;2025-12-29;22;176
26;2025-12-29;23;94
26;2025-12-30;0;28
26;2025-12-30;1;1
26;2025-12-30;2;0
26;2025-12-30;3;0
26;2025-12-30;4;2
26;2025-12-30;5;82
26;2025-12-30;6;370
26;2025-12-30;7;936
26;2025-12-30;8;1934
26;2025-12-30;9;1241
26;2025-12-30;10;1010
26;2025-12-30;11;919
26;2025-12-30;12;957
26;2025-12-30;13;939
26;2025-12-30;14;1078
26;2025-12-30;15;1171
26;2025-12-30;16;1246
26;2025-12-30;17;1393
26;2025-12-30;18;1544
26;2025-12-30;19;1014
26;2025-12-30;20;604
26;2025-12-30;21;431
26;2025-12-30;22;171
26;2025-12-30;23;103
26;2025-12-31;0;47
26;2025-12-31;1;3
26;2025-12-31;2;0
26;2025-12-31;3;0
26;2025-12-31;4;1
26;2025-12-31;5;19
26;2025-12-31;6;148
26;2025-12-31;7;244
26;2025-12-31;8;360
26;2025-12-31;9;496
26;2025-12-31;10;558
26;2025-12-31;11;778
26;2025-12-31;12;770
26;2025-12-31;13;826
26;2025-12-31;14;809
26;2025-12-31;15;739
26;2025-12-31;16;706
26;2025-12-31;17;655
26;2025-12-31;18;544
26;2025-12-31;19;367
26;2025-12-31;20;263
26;2025-12-31;21;150
26;2025-12-31;22;68
26;2025-12-31;23;45
28;2025-11-01;0;1
28;2025-11-01;1;0
28;2025-11-01;2;0
28;2025-11-01;3;0
28;2025-11-01;4;1
28;2025-11-01;5;55
28;2025-11-01;6;195
28;2025-11-01;7;562
28;2025-11-01;8;920
28;2025-11-01;9;671
28;2025-11-01;10;576
28;2025-11-01;11;568
28;2025-11-01;12;718
28;2025-11-01;13;687
28;2025-11-01;14;644
28;2025-11-01;15;715
28;2025-11-01;16;807
28;2025-11-01;17;851
28;2025-11-01;18;714
28;2025-11-01;19;554
28;2025-11-01;20;374
28;2025-11-01;21;314
28;2025-11-01;22;109
28;2025-11-01;23;17
28;2025-11-02;0;2
28;2025-11-02;1;0
28;2025-11-02;2;0
28;2025-11-02;3;0
28;2025-11-02;4;0
28;2025-11-02;5;31
28;2025-11-02;6;81
28;2025-11-02;7;172
28;2025-11-02;8;268
28;2025-11-02;9;370
28;2025-11-02;10;414
28;2025-11-02;11;455
28;2025-11-02;12;470
28;2025-11-02;13;572
28;2025-11-02;14;544
28;2025-11-02;15;537
28;2025-11-02;16;481
28;2025-11-02;17;516
28;2025-11-02;18;446
28;2025-11-02;19;402
28;2025-11-02;20;304
28;2025-11-02;21;244
28;2025-11-02;22;115
28;2025-11-02;23;13
28;2025-11-03;0;2
28;2025-11-03;1;0
28;2025-11-03;2;0
28;2025-11-03;3;0
28;2025-11-03;4;0
28;2025-11-03;5;26
28;2025-11-03;6;68
28;2025-11-03;7;144
28;2025-11-03;8;225
28;2025-11-03;9;311
28;2025-11-03;10;348
28;2025-11-03;11;382
28;2025-11-03;12;395
28;2025-11-03;13;480
28;2025-11-03;14;457
28;2025-11-03;15;451
28;2025-11-03;16;404
28;2025-11-03;17;434
28;2025-11-03;18;375
28;2025-11-03;19;338
28;2025-11-03;20;255
28;2025-11-03;21;205
28;2025-11-03;22;96
28;2025-11-03;23;11
28;2025-11-04;0;2
28;2025-11-04;1;0
28;2025-11-04;2;0
28;2025-11-04;3;0
28;2025-11-04;4;0
28;2025-11-04;5;26
28;2025-11-04;6;66
28;2025-11-04;7;141
28;2025-11-04;8;220
28;2025-11-04;9;303
28;2025-11-04;10;340
28;2025-11-04;11;373
28;2025-11-04;12;386
28;2025-11-04;13;469
28;2025-11-04;14;446
28;2025-11-04;15;441
28;2025-11-04;16;394
28;2025-11-04;17;424
28;2025-11-04;18;366
28;2025-11-04;19;330
28;2025-11-04;20;249
28;2025-11-04;21;200
28;2025-11-04;22;94
28;2025-11-04;23;11
28;2025-11-05;0;0
28;2025-11-05;1;0
28;2025-11-05;2;0
28;2025-11-05;3;0
28;2025-11-05;4;1
28;2025-11-05;5;73
28;2025-11-05;6;243
28;2025-11-05;7;818
28;2025-11-05;8;1373
28;2025-11-05;9;906
28;2025-11-05;10;639
28;2025-11-05;11;598
28;2025-11-05;12;749
28;2025-11-05;13;719
28;2025-11-05;14;693
28;2025-11-05;15;730
28;2025-11-05;16;903
28;2025-11-05;17;1031
28;2025-11-05;18;1014
28;2025-11-05;19;793
28;2025-11-05;20;525
28;2025-11-05;21;301
28;2025-11-05;22;112
28;2025-11-05;23;9
28;2025-11-06;0;0
28;2025-11-06;1;0
28;2025-11-06;2;0
28;2025-11-06;3;0
28;2025-11-06;4;1
28;2025-11-06;5;73
28;2025-11-06;6;243
28;2025-11-06;7;818
28;2025-11-06;8;1373
28;2025-11-06;9;906
28;2025-11-06;10;639
28;2025-11-06;11;598
28;2025-11-06;12;749
28;2025-11-06;13;719
28;2025-11-06;14;693
28;2025-11-06;15;730
28;2025-11-06;16;903
28;2025-11-06;17;1031
28;2025-11-06;18;1014
28;2025-11-06;19;793
28;2025-11-06;20;525
28;2025-11-06;21;301
28;2025-11-06;22;112
28;2025-11-06;23;9
28;2025-11-07;0;0
28;2025-11-07;1;0
28;2025-11-07;2;0
28;2025-11-07;3;0
28;2025-11-07;4;1
28;2025-11-07;5;70
28;2025-11-07;6;286
28;2025-11-07;7;909
28;2025-11-07;8;1461
28;2025-11-07;9;880
28;2025-11-07;10;634
28;2025-11-07;11;612
28;2025-11-07;12;820
28;2025-11-07;13;749
28;2025-11-07;14;708
28;2025-11-07;15;802
28;2025-11-07;16;996
28;2025-11-07;17;1115
28;2025-11-07;18;918
28;2025-11-07;19;722
28;2025-11-07;20;460
28;2025-11-07;21;365
28;2025-11-07;22;112
28;2025-11-07;23;23
28;2025-11-08;0;2
28;2025-11-08;1;0
28;2025-11-08;2;0
28;2025-11-08;3;0
28;2025-11-08;4;1
28;2025-11-08;5;40
28;2025-11-08;6;108
28;2025-11-08;7;239
28;2025-11-08;8;416
28;2025-11-08;9;469
28;2025-11-08;10;511
28;2025-11-08;11;515
28;2025-11-08;12;611
28;2025-11-08;13;614
28;2025-11-08;14;572
28;2025-11-08;15;620
28;2025-11-08;16;618
28;2025-11-08;17;596
28;2025-11-08;18;515
28;2025-11-08;19;391
28;2025-11-08;20;288
28;2025-11-08;21;261
28;2025-11-08;22;104
28;2025-11-08;23;12
28;2025-11-09;0;2
28;2025-11-09;1;0
28;2025-11-09;2;0
28;2025-11-09;3;0
28;2025-11-09;4;0
28;2025-11-09;5;31
28;2025-11-09;6;81
28;2025-11-09;7;173
28;2025-11-09;8;271
28;2025-11-09;9;373
28;2025-11-09;10;418
28;2025-11-09;11;459
28;2025-11-09;12;474
28;2025-11-09;13;577
28;2025-11-09;14;549
28;2025-11-09;15;541
28;2025-11-09;16;484
28;2025-11-09;17;520
28;2025-11-09;18;450
28;2025-11-09;19;405
28;2025-11-09;20;306
28;2025-11-09;21;246
28;2025-11-09;22;116
28;2025-11-09;23;13
28;2025-11-10;0;0
28;2025-11-10;1;1
28;2025-11-10;2;0
28;2025-11-10;3;0
28;2025-11-10;4;2
28;2025-11-10;5;65
28;2025-11-10;6;239
28;2025-11-10;7;733
28;2025-11-10;8;1250
28;2025-11-10;9;725
28;2025-11-10;10;601
28;2025-11-10;11;507
28;2025-11-10;12;651
28;2025-11-10;13;683
28;2025-11-10;14;669
28;2025-11-10;15;655
28;2025-11-10;16;983
28;2025-11-10;17;1012
28;2025-11-10;18;995
28;2025-11-10;19;717
28;2025-11-10;20;494
28;2025-11-10;21;300
28;2025-11-10;22;98
28;2025-11-10;23;4
28;2025-11-11;0;0
28;2025-11-11;1;0
28;2025-11-11;2;0
28;2025-11-11;3;0
28;2025-11-11;4;1
28;2025-11-11;5;73
28;2025-11-11;6;243
28;2025-11-11;7;818
28;2025-11-11;8;1373
28;2025-11-11;9;906
28;2025-11-11;10;639
28;2025-11-11;11;598
28;2025-11-11;12;749
28;2025-11-11;13;719
28;2025-11-11;14;693
28;2025-11-11;15;730
28;2025-11-11;16;903
28;2025-11-11;17;1031
28;2025-11-11;18;1014
28;2025-11-11;19;793
28;2025-11-11;20;525
28;2025-11-11;21;301
28;2025-11-11;22;112
28;2025-11-11;23;9
28;2025-11-12;0;0
28;2025-11-12;1;0
28;2025-11-12;2;0
28;2025-11-12;3;0
28;2025-11-12;4;1
28;2025-11-12;5;73
28;2025-11-12;6;243
28;2025-11-12;7;818
28;2025-11-12;8;1373
28;2025-11-12;9;906
28;2025-11-12;10;639
28;2025-11-12;11;598
28;2025-11-12;12;749
28;2025-11-12;13;719
28;2025-11-12;14;693
28;2025-11-12;15;730
28;2025-11-12;16;903
28;2025-11-12;17;1031
28;2025-11-12;18;1014
28;2025-11-12;19;793
28;2025-11-12;20;525
28;2025-11-12;21;301
28;2025-11-12;22;112
28;2025-11-12;23;9
28;2025-11-13;0;0
28;2025-11-13;1;0
28;2025-11-13;2;0
28;2025-11-13;3;0
28;2025-11-13;4;1
28;2025-11-13;5;73
28;2025-11-13;6;243
28;2025-11-13;7;818
28;2025-11-13;8;1373
28;2025-11-13;9;906
28;2025-11-13;10;639
28;2025-11-13;11;598
28;2025-11-13;12;749
28;2025-11-13;13;719
28;2025-11-13;14;693
28;2025-11-13;15;730
28;2025-11-13;16;903
28;2025-11-13;17;1031
28;2025-11-13;18;1014
28;2025-11-13;19;793
28;2025-11-13;20;525
28;2025-11-13;21;301
28;2025-11-13;22;112
28;2025-11-13;23;9
28;2025-11-14;0;0
28;2025-11-14;1;0
28;2025-11-14;2;0
28;2025-11-14;3;0
28;2025-11-14;4;1
28;2025-11-14;5;70
28;2025-11-14;6;286
28;2025-11-14;7;909
28;2025-11-14;8;1461
28;2025-11-14;9;880
28;2025-11-14;10;634
28;2025-11-14;11;612
28;2025-11-14;12;820
28;2025-11-14;13;749
28;2025-11-14;14;708
28;2025-11-14;15;802
28;2025-11-14;16;996
28;2025-11-14;17;1115
28;2025-11-14;18;918
28;2025-11-14;19;722
28;2025-11-14;20;460
28;2025-11-14;21;365
28;2025-11-14;22;112
28;2025-11-14;23;23
28;2025-11-15;0;2
28;2025-11-15;1;0
28;2025-11-15;2;0
28;2025-11-15;3;0
28;2025-11-15;4;1
28;2025-11-15;5;37
28;2025-11-15;6;100
28;2025-11-15;7;220
28;2025-11-15;8;383
28;2025-11-15;9;431
28;2025-11-15;10;470
28;2025-11-15;11;474
28;2025-11-15;12;562
28;2025-11-15;13;565
28;2025-11-15;14;526
28;2025-11-15;15;570
28;2025-11-15;16;568
28;2025-11-15;17;548
28;2025-11-15;18;474
28;2025-11-15;19;359
28;2025-11-15;20;265
28;2025-11-15;21;240
28;2025-11-15;22;95
28;2025-11-15;23;11
28;2025-11-16;0;2
28;2025-11-16;1;0
28;2025-11-16;2;0
28;2025-11-16;3;0
28;2025-11-16;4;0
28;2025-11-16;5;31
28;2025-11-16;6;81
28;2025-11-16;7;173
28;2025-11-16;8;271
28;2025-11-16;9;373
28;2025-11-16;10;418
28;2025-11-16;11;459
28;2025-11-16;12;474
28;2025-11-16;13;577
28;2025-11-16;14;549
28;2025-11-16;15;541
28;2025-11-16;16;484
28;2025-11-16;17;520
28;2025-11-16;18;450
28;2025-11-16;19;405
28;2025-11-16;20;306
28;2025-11-16;21;246
28;2025-11-16;22;116
28;2025-11-16;23;13
28;2025-11-17;0;0
28;2025-11-17;1;1
28;2025-11-17;2;0
28;2025-11-17;3;0
28;2025-11-17;4;2
28;2025-11-17;5;64
28;2025-11-17;6;232
28;2025-11-17;7;712
28;2025-11-17;8;1214
28;2025-11-17;9;704
28;2025-11-17;10;584
28;2025-11-17;11;492
28;2025-11-17;12;632
28;2025-11-17;13;663
28;2025-11-17;14;650
28;2025-11-17;15;636
28;2025-11-17;16;955
28;2025-11-17;17;983
28;2025-11-17;18;966
28;2025-11-17;19;696
28;2025-11-17;20;480
28;2025-11-17;21;291
28;2025-11-17;22;95
28;2025-11-17;23;4
28;2025-11-18;0;0
28;2025-11-18;1;0
28;2025-11-18;2;0
28;2025-11-18;3;0
28;2025-11-18;4;1
28;2025-11-18;5;71
28;2025-11-18;6;236
28;2025-11-18;7;794
28;2025-11-18;8;1333
28;2025-11-18;9;880
28;2025-11-18;10;620
28;2025-11-18;11;580
28;2025-11-18;12;727
28;2025-11-18;13;699
28;2025-11-18;14;673
28;2025-11-18;15;709
28;2025-11-18;16;877
28;2025-11-18;17;1001
28;2025-11-18;18;985
28;2025-11-18;19;770
28;2025-11-18;20;510
28;2025-11-18;21;292
28;2025-11-18;22;109
28;2025-11-18;23;9
28;2025-11-19;0;0
28;2025-11-19;1;0
28;2025-11-19;2;0
28;2025-11-19;3;0
28;2025-11-19;4;1
28;2025-11-19;5;71
28;2025-11-19;6;236
28;2025-11-19;7;794
28;2025-11-19;8;1333
28;2025-11-19;9;880
28;2025-11-19;10;620
28;2025-11-19;11;580
28;2025-11-19;12;727
28;2025-11-19;13;699
28;2025-11-19;14;673
28;2025-11-19;15;709
28;2025-11-19;16;877
28;2025-11-19;17;1001
28;2025-11-19;18;985
28;2025-11-19;19;770
28;2025-11-19;20;510
28;2025-11-19;21;292
28;2025-11-19;22;109
28;2025-11-19;23;9
28;2025-11-20;0;0
28;2025-11-20;1;0
28;2025-11-20;2;0
28;2025-11-20;3;0
28;2025-11-20;4;1
28;2025-11-20;5;71
28;2025-11-20;6;236
28;2025-11-20;7;794
28;2025-11-20;8;1333
28;2025-11-20;9;880
28;2025-11-20;10;620
28;2025-11-20;11;580
28;2025-11-20;12;727
28;2025-11-20;13;699
28;2025-11-20;14;673
28;2025-11-20;15;709
28;2025-11-20;16;877
28;2025-11-20;17;1001
28;2025-11-20;18;985
28;2025-11-20;19;770
28;2025-11-20;20;510
28;2025-11-20;21;292
28;2025-11-20;22;109
28;2025-11-20;23;9
28;2025-11-21;0;0
28;2025-11-21;1;0
28;2025-11-21;2;0
28;2025-11-21;3;0
28;2025-11-21;4;1
28;2025-11-21;5;68
28;2025-11-21;6;277
28;2025-11-21;7;879
28;2025-11-21;8;1414
28;2025-11-21;9;852
28;2025-11-21;10;614
28;2025-11-21;11;592
28;2025-11-21;12;793
28;2025-11-21;13;725
28;2025-11-21;14;686
28;2025-11-21;15;776
28;2025-11-21;16;964
28;2025-11-21;17;1079
28;2025-11-21;18;888
28;2025-11-21;19;699
28;2025-11-21;20;445
28;2025-11-21;21;353
28;2025-11-21;22;109
28;2025-11-21;23;22
28;2025-11-22;0;2
28;2025-11-22;1;0
28;2025-11-22;2;0
28;2025-11-22;3;0
28;2025-11-22;4;1
28;2025-11-22;5;39
28;2025-11-22;6;106
28;2025-11-22;7;233
28;2025-11-22;8;406
28;2025-11-22;9;456
28;2025-11-22;10;498
28;2025-11-22;11;502
28;2025-11-22;12;595
28;2025-11-22;13;598
28;2025-11-22;14;557
28;2025-11-22;15;604
28;2025-11-22;16;602
28;2025-11-22;17;581
28;2025-11-22;18;502
28;2025-11-22;19;381
28;2025-11-22;20;280
28;2025-11-22;21;254
28;2025-11-22;22;101
28;2025-11-22;23;12
28;2025-11-23;0;2
28;2025-11-23;1;0
28;2025-11-23;2;0
28;2025-11-23;3;0
28;2025-11-23;4;0
28;2025-11-23;5;31
28;2025-11-23;6;81
28;2025-11-23;7;173
28;2025-11-23;8;271
28;2025-11-23;9;373
28;2025-11-23;10;418
28;2025-11-23;11;459
28;2025-11-23;12;474
28;2025-11-23;13;577
28;2025-11-23;14;549
28;2025-11-23;15;541
28;2025-11-23;16;484
28;2025-11-23;17;520
28;2025-11-23;18;450
28;2025-11-23;19;405
28;2025-11-23;20;306
28;2025-11-23;21;246
28;2025-11-23;22;116
28;2025-11-23;23;13
28;2025-11-24;0;0
28;2025-11-24;1;1
28;2025-11-24;2;0
28;2025-11-24;3;0
28;2025-11-24;4;2
28;2025-11-24;5;65
28;2025-11-24;6;238
28;2025-11-24;7;731
28;2025-11-24;8;1246
28;2025-11-24;9;723
28;2025-11-24;10;599
28;2025-11-24;11;505
28;2025-11-24;12;649
28;2025-11-24;13;681
28;2025-11-24;14;667
28;2025-11-24;15;653
28;2025-11-24;16;980
28;2025-11-24;17;1009
28;2025-11-24;18;992
28;2025-11-24;19;714
28;2025-11-24;20;493
28;2025-11-24;21;299
28;2025-11-24;22;97
28;2025-11-24;23;4
28;2025-11-25;0;0
28;2025-11-25;1;0
28;2025-11-25;2;0
28;2025-11-25;3;0
28;2025-11-25;4;1
28;2025-11-25;5;73
28;2025-11-25;6;243
28;2025-11-25;7;818
28;2025-11-25;8;1373
28;2025-11-25;9;906
28;2025-11-25;10;639
28;2025-11-25;11;598
28;2025-11-25;12;749
28;2025-11-25;13;719
28;2025-11-25;14;693
28;2025-11-25;15;730
28;2025-11-25;16;903
28;2025-11-25;17;1031
28;2025-11-25;18;1014
28;2025-11-25;19;793
28;2025-11-25;20;525
28;2025-11-25;21;301
28;2025-11-25;22;112
28;2025-11-25;23;9
28;2025-11-26;0;0
28;2025-11-26;1;0
28;2025-11-26;2;0
28;2025-11-26;3;0
28;2025-11-26;4;1
28;2025-11-26;5;70
28;2025-11-26;6;232
28;2025-11-26;7;782
28;2025-11-26;8;1313
28;2025-11-26;9;867
28;2025-11-26;10;611
28;2025-11-26;11;572
28;2025-11-26;12;717
28;2025-11-26;13;688
28;2025-11-26;14;664
28;2025-11-26;15;699
28;2025-11-26;16;864
28;2025-11-26;17;986
28;2025-11-26;18;970
28;2025-11-26;19;759
28;2025-11-26;20;503
28;2025-11-26;21;288
28;2025-11-26;22;107
28;2025-11-26;23;9
28;2025-11-27;0;0
28;2025-11-27;1;0
28;2025-11-27;2;0
28;2025-11-27;3;0
28;2025-11-27;4;1
28;2025-11-27;5;73
28;2025-11-27;6;243
28;2025-11-27;7;818
28;2025-11-27;8;1373
28;2025-11-27;9;906
28;2025-11-27;10;639
28;2025-11-27;11;598
28;2025-11-27;12;749
28;2025-11-27;13;719
28;2025-11-27;14;693
28;2025-11-27;15;730
28;2025-11-27;16;903
28;2025-11-27;17;1031
28;2025-11-27;18;1014
28;2025-11-27;19;793
28;2025-11-27;20;525
28;2025-11-27;21;301
28;2025-11-27;22;112
28;2025-11-27;23;9
28;2025-11-28;0;0
28;2025-11-28;1;0
28;2025-11-28;2;0
28;2025-11-28;3;0
28;2025-11-28;4;1
28;2025-11-28;5;70
28;2025-11-28;6;286
28;2025-11-28;7;909
28;2025-11-28;8;1461
28;2025-11-28;9;880
28;2025-11-28;10;634
28;2025-11-28;11;612
28;2025-11-28;12;820
28;2025-11-28;13;749
28;2025-11-28;14;708
28;2025-11-28;15;802
28;2025-11-28;16;996
28;2025-11-28;17;1115
28;2025-11-28;18;918
28;2025-11-28;19;722
28;2025-11-28;20;460
28;2025-11-28;21;365
28;2025-11-28;22;112
28;2025-11-28;23;23
28;2025-11-29;0;2
28;2025-11-29;1;0
28;2025-11-29;2;0
28;2025-11-29;3;0
28;2025-11-29;4;1
28;2025-11-29;5;40
28;2025-11-29;6;108
28;2025-11-29;7;239
28;2025-11-29;8;416
28;2025-11-29;9;469
28;2025-11-29;10;511
28;2025-11-29;11;515
28;2025-11-29;12;611
28;2025-11-29;13;614
28;2025-11-29;14;572
28;2025-11-29;15;620
28;2025-11-29;16;618
28;2025-11-29;17;596
28;2025-11-29;18;515
28;2025-11-29;19;391
28;2025-11-29;20;288
28;2025-11-29;21;261
28;2025-11-29;22;104
28;2025-11-29;23;12
28;2025-11-30;0;2
28;2025-11-30;1;0
28;2025-11-30;2;0
28;2025-11-30;3;0
28;2025-11-30;4;0
28;2025-11-30;5;31
28;2025-11-30;6;81
28;2025-11-30;7;173
28;2025-11-30;8;271
28;2025-11-30;9;373
28;2025-11-30;10;418
28;2025-11-30;11;459
28;2025-11-30;12;474
28;2025-11-30;13;577
28;2025-11-30;14;549
28;2025-11-30;15;541
28;2025-11-30;16;484
28;2025-11-30;17;520
28;2025-11-30;18;450
28;2025-11-30;19;405
28;2025-11-30;20;306
28;2025-11-30;21;246
28;2025-11-30;22;116
28;2025-11-30;23;13
28;2025-12-01;0;0
28;2025-12-01;1;1
28;2025-12-01;2;0
28;2025-12-01;3;0
28;2025-12-01;4;2
28;2025-12-01;5;65
28;2025-12-01;6;239
28;2025-12-01;7;733
28;2025-12-01;8;1250
28;2025-12-01;9;725
28;2025-12-01;10;601
28;2025-12-01;11;507
28;2025-12-01;12;651
28;2025-12-01;13;683
28;2025-12-01;14;669
28;2025-12-01;15;655
28;2025-12-01;16;983
28;2025-12-01;17;1012
28;2025-12-01;18;995
28;2025-12-01;19;717
28;2025-12-01;20;494
28;2025-12-01;21;300
28;2025-12-01;22;98
28;2025-12-01;23;4
28;2025-12-02;0;0
28;2025-12-02;1;0
28;2025-12-02;2;0
28;2025-12-02;3;0
28;2025-12-02;4;1
28;2025-12-02;5;73
28;2025-12-02;6;243
28;2025-12-02;7;818
28;2025-12-02;8;1373
28;2025-12-02;9;906
28;2025-12-02;10;639
28;2025-12-02;11;598
28;2025-12-02;12;749
28;2025-12-02;13;719
28;2025-12-02;14;693
28;2025-12-02;15;730
28;2025-12-02;16;903
28;2025-12-02;17;1031
28;2025-12-02;18;1014
28;2025-12-02;19;793
28;2025-12-02;20;525
28;2025-12-02;21;301
28;2025-12-02;22;112
28;2025-12-02;23;9
28;2025-12-03;0;0
28;2025-12-03;1;0
28;2025-12-03;2;0
28;2025-12-03;3;0
28;2025-12-03;4;1
28;2025-12-03;5;73
28;2025-12-03;6;243
28;2025-12-03;7;818
28;2025-12-03;8;1373
28;2025-12-03;9;906
28;2025-12-03;10;639
28;2025-12-03;11;598
28;2025-12-03;12;749
28;2025-12-03;13;719
28;2025-12-03;14;693
28;2025-12-03;15;730
28;2025-12-03;16;903
28;2025-12-03;17;1031
28;2025-12-03;18;1014
28;2025-12-03;19;793
28;2025-12-03;20;525
28;2025-12-03;21;301
28;2025-12-03;22;112
28;2025-12-03;23;9
28;2025-12-04;0;0
28;2025-12-04;1;0
28;2025-12-04;2;0
28;2025-12-04;3;0
28;2025-12-04;4;1
28;2025-12-04;5;73
28;2025-12-04;6;243
28;2025-12-04;7;818
28;2025-12-04;8;1373
28;2025-12-04;9;906
28;2025-12-04;10;639
28;2025-12-04;11;598
28;2025-12-04;12;749
28;2025-12-04;13;719
28;2025-12-04;14;693
28;2025-12-04;15;730
28;2025-12-04;16;903
28;2025-12-04;17;1031
28;2025-12-04;18;1014
28;2025-12-04;19;793
28;2025-12-04;20;525
28;2025-12-04;21;301
28;2025-12-04;22;112
28;2025-12-04;23;9
28;2025-12-05;0;0
28;2025-12-05;1;0
28;2025-12-05;2;0
28;2025-12-05;3;0
28;2025-12-05;4;1
28;2025-12-05;5;70
28;2025-12-05;6;286
28;2025-12-05;7;909
28;2025-12-05;8;1461
28;2025-12-05;9;880
28;2025-12-05;10;634
28;2025-12-05;11;612
28;2025-12-05;12;820
28;2025-12-05;13;749
28;2025-12-05;14;708
28;2025-12-05;15;802
28;2025-12-05;16;996
28;2025-12-05;17;1115
28;2025-12-05;18;918
28;2025-12-05;19;722
28;2025-12-05;20;460
28;2025-12-05;21;365
28;2025-12-05;22;112
28;2025-12-05;23;23
28;2025-12-06;0;2
28;2025-12-06;1;0
28;2025-12-06;2;0
28;2025-12-06;3;0
28;2025-12-06;4;1
28;2025-12-06;5;40
28;2025-12-06;6;108
28;2025-12-06;7;239
28;2025-12-06;8;416
28;2025-12-06;9;469
28;2025-12-06;10;511
28;2025-12-06;11;515
28;2025-12-06;12;611
28;2025-12-06;13;614
28;2025-12-06;14;572
28;2025-12-06;15;620
28;2025-12-06;16;618
28;2025-12-06;17;596
28;2025-12-06;18;515
28;2025-12-06;19;391
28;2025-12-06;20;288
28;2025-12-06;21;261
28;2025-12-06;22;104
28;2025-12-06;23;12
28;2025-12-07;0;2
28;2025-12-07;1;0
28;2025-12-07;2;0
28;2025-12-07;3;0
28;2025-12-07;4;0
28;2025-12-07;5;31
28;2025-12-07;6;81
28;2025-12-07;7;173
28;2025-12-07;8;271
28;2025-12-07;9;373
28;2025-12-07;10;418
28;2025-12-07;11;459
28;2025-12-07;12;474
28;2025-12-07;13;577
28;2025-12-07;14;549
28;2025-12-07;15;541
28;2025-12-07;16;484
28;2025-12-07;17;520
28;2025-12-07;18;450
28;2025-12-07;19;405
28;2025-12-07;20;306
28;2025-12-07;21;246
28;2025-12-07;22;116
28;2025-12-07;23;13
28;2025-12-08;0;0
28;2025-12-08;1;1
28;2025-12-08;2;0
28;2025-12-08;3;0
28;2025-12-08;4;2
28;2025-12-08;5;65
28;2025-12-08;6;239
28;2025-12-08;7;733
28;2025-12-08;8;1250
28;2025-12-08;9;725
28;2025-12-08;10;601
28;2025-12-08;11;507
28;2025-12-08;12;651
28;2025-12-08;13;683
28;2025-12-08;14;669
28;2025-12-08;15;655
28;2025-12-08;16;983
28;2025-12-08;17;1012
28;2025-12-08;18;995
28;2025-12-08;19;717
28;2025-12-08;20;494
28;2025-12-08;21;300
28;2025-12-08;22;98
28;2025-12-08;23;4
28;2025-12-09;0;0
28;2025-12-09;1;0
28;2025-12-09;2;0
28;2025-12-09;3;0
28;2025-12-09;4;1
28;2025-12-09;5;73
28;2025-12-09;6;243
28;2025-12-09;7;818
28;2025-12-09;8;1373
28;2025-12-09;9;906
28;2025-12-09;10;639
28;2025-12-09;11;598
28;2025-12-09;12;749
28;2025-12-09;13;719
28;2025-12-09;14;693
28;2025-12-09;15;730
28;2025-12-09;16;903
28;2025-12-09;17;1031
28;2025-12-09;18;1014
28;2025-12-09;19;793
28;2025-12-09;20;525
28;2025-12-09;21;301
28;2025-12-09;22;112
28;2025-12-09;23;9
28;2025-12-10;0;0
28;2025-12-10;1;0
28;2025-12-10;2;0
28;2025-12-10;3;0
28;2025-12-10;4;1
28;2025-12-10;5;72
28;2025-12-10;6;239
28;2025-12-10;7;805
28;2025-12-10;8;1351
28;2025-12-10;9;891
28;2025-12-10;10;629
28;2025-12-10;11;588
28;2025-12-10;12;737
28;2025-12-10;13;708
28;2025-12-10;14;682
28;2025-12-10;15;719
28;2025-12-10;16;889
28;2025-12-10;17;1014
28;2025-12-10;18;998
28;2025-12-10;19;780
28;2025-12-10;20;517
28;2025-12-10;21;296
28;2025-12-10;22;110
28;2025-12-10;23;9
28;2025-12-11;0;0
28;2025-12-11;1;0
28;2025-12-11;2;0
28;2025-12-11;3;0
28;2025-12-11;4;1
28;2025-12-11;5;73
28;2025-12-11;6;243
28;2025-12-11;7;818
28;2025-12-11;8;1373
28;2025-12-11;9;906
28;2025-12-11;10;639
28;2025-12-11;11;598
28;2025-12-11;12;749
28;2025-12-11;13;719
28;2025-12-11;14;693
28;2025-12-11;15;730
28;2025-12-11;16;903
28;2025-12-11;17;1031
28;2025-12-11;18;1014
28;2025-12-11;19;793
28;2025-12-11;20;525
28;2025-12-11;21;301
28;2025-12-11;22;112
28;2025-12-11;23;9
28;2025-12-12;0;0
28;2025-12-12;1;0
28;2025-12-12;2;0
28;2025-12-12;3;0
28;2025-12-12;4;1
28;2025-12-12;5;68
28;2025-12-12;6;279
28;2025-12-12;7;887
28;2025-12-12;8;1426
28;2025-12-12;9;859
28;2025-12-12;10;619
28;2025-12-12;11;597
28;2025-12-12;12;800
28;2025-12-12;13;731
28;2025-12-12;14;691
28;2025-12-12;15;782
28;2025-12-12;16;972
28;2025-12-12;17;1088
28;2025-12-12;18;896
28;2025-12-12;19;705
28;2025-12-12;20;449
28;2025-12-12;21;356
28;2025-12-12;22;110
28;2025-12-12;23;22
28;2025-12-13;0;2
28;2025-12-13;1;0
28;2025-12-13;2;0
28;2025-12-13;3;0
28;2025-12-13;4;1
28;2025-12-13;5;39
28;2025-12-13;6;107
28;2025-12-13;7;236
28;2025-12-13;8;411
28;2025-12-13;9;462
28;2025-12-13;10;504
28;2025-12-13;11;508
28;2025-12-13;12;602
28;2025-12-13;13;606
28;2025-12-13;14;564
28;2025-12-13;15;612
28;2025-12-13;16;610
28;2025-12-13;17;588
28;2025-12-13;18;508
28;2025-12-13;19;385
28;2025-12-13;20;284
28;2025-12-13;21;258
28;2025-12-13;22;102
28;2025-12-13;23;12
28;2025-12-14;0;2
28;2025-12-14;1;0
28;2025-12-14;2;0
28;2025-12-14;3;0
28;2025-12-14;4;0
28;2025-12-14;5;31
28;2025-12-14;6;81
28;2025-12-14;7;173
28;2025-12-14;8;270
28;2025-12-14;9;372
28;2025-12-14;10;417
28;2025-12-14;11;457
28;2025-12-14;12;472
28;2025-12-14;13;575
28;2025-12-14;14;547
28;2025-12-14;15;540
28;2025-12-14;16;483
28;2025-12-14;17;519
28;2025-12-14;18;448
28;2025-12-14;19;404
28;2025-12-14;20;305
28;2025-12-14;21;245
28;2025-12-14;22;115
28;2025-12-14;23;13
28;2025-12-15;0;0
28;2025-12-15;1;1
28;2025-12-15;2;0
28;2025-12-15;3;0
28;2025-12-15;4;2
28;2025-12-15;5;65
28;2025-12-15;6;238
28;2025-12-15;7;731
28;2025-12-15;8;1246
28;2025-12-15;9;723
28;2025-12-15;10;599
28;2025-12-15;11;505
28;2025-12-15;12;649
28;2025-12-15;13;681
28;2025-12-15;14;667
28;2025-12-15;15;653
28;2025-12-15;16;980
28;2025-12-15;17;1009
28;2025-12-15;18;992
28;2025-12-15;19;714
28;2025-12-15;20;493
28;2025-12-15;21;299
28;2025-12-15;22;97
28;2025-12-15;23;4
28;2025-12-16;0;0
28;2025-12-16;1;0
28;2025-12-16;2;0
28;2025-12-16;3;0
28;2025-12-16;4;1
28;2025-12-16;5;71
28;2025-12-16;6;236
28;2025-12-16;7;794
28;2025-12-16;8;1332
28;2025-12-16;9;879
28;2025-12-16;10;620
28;2025-12-16;11;580
28;2025-12-16;12;727
28;2025-12-16;13;698
28;2025-12-16;14;673
28;2025-12-16;15;709
28;2025-12-16;16;877
28;2025-12-16;17;1001
28;2025-12-16;18;984
28;2025-12-16;19;770
28;2025-12-16;20;510
28;2025-12-16;21;292
28;2025-12-16;22;109
28;2025-12-16;23;9
28;2025-12-17;0;0
28;2025-12-17;1;0
28;2025-12-17;2;0
28;2025-12-17;3;0
28;2025-12-17;4;1
28;2025-12-17;5;73
28;2025-12-17;6;243
28;2025-12-17;7;818
28;2025-12-17;8;1373
28;2025-12-17;9;906
28;2025-12-17;10;639
28;2025-12-17;11;598
28;2025-12-17;12;749
28;2025-12-17;13;719
28;2025-12-17;14;693
28;2025-12-17;15;730
28;2025-12-17;16;903
28;2025-12-17;17;1031
28;2025-12-17;18;1014
28;2025-12-17;19;793
28;2025-12-17;20;525
28;2025-12-17;21;301
28;2025-12-17;22;112
28;2025-12-17;23;9
28;2025-12-18;0;0
28;2025-12-18;1;0
28;2025-12-18;2;0
28;2025-12-18;3;0
28;2025-12-18;4;1
28;2025-12-18;5;73
28;2025-12-18;6;243
28;2025-12-18;7;818
28;2025-12-18;8;1373
28;2025-12-18;9;906
28;2025-12-18;10;639
28;2025-12-18;11;598
28;2025-12-18;12;749
28;2025-12-18;13;719
28;2025-12-18;14;693
28;2025-12-18;15;730
28;2025-12-18;16;903
28;2025-12-18;17;1031
28;2025-12-18;18;1014
28;2025-12-18;19;793
28;2025-12-18;20;525
28;2025-12-18;21;301
28;2025-12-18;22;112
28;2025-12-18;23;9
28;2025-12-19;0;0
28;2025-12-19;1;0
28;2025-12-19;2;0
28;2025-12-19;3;0
28;2025-12-19;4;1
28;2025-12-19;5;70
28;2025-12-19;6;286
28;2025-12-19;7;909
28;2025-12-19;8;1461
28;2025-12-19;9;880
28;2025-12-19;10;634
28;2025-12-19;11;612
28;2025-12-19;12;820
28;2025-12-19;13;749
28;2025-12-19;14;708
28;2025-12-19;15;802
28;2025-12-19;16;996
28;2025-12-19;17;1115
28;2025-12-19;18;918
28;2025-12-19;19;722
28;2025-12-19;20;460
28;2025-12-19;21;365
28;2025-12-19;22;112
28;2025-12-19;23;23
28;2025-12-20;0;2
28;2025-12-20;1;0
28;2025-12-20;2;0
28;2025-12-20;3;0
28;2025-12-20;4;1
28;2025-12-20;5;40
28;2025-12-20;6;108
28;2025-12-20;7;239
28;2025-12-20;8;416
28;2025-12-20;9;469
28;2025-12-20;10;511
28;2025-12-20;11;515
28;2025-12-20;12;611
28;2025-12-20;13;614
28;2025-12-20;14;572
28;2025-12-20;15;620
28;2025-12-20;16;618
28;2025-12-20;17;596
28;2025-12-20;18;515
28;2025-12-20;19;391
28;2025-12-20;20;288
28;2025-12-20;21;261
28;2025-12-20;22;104
28;2025-12-20;23;12
28;2025-12-21;0;2
28;2025-12-21;1;0
28;2025-12-21;2;0
28;2025-12-21;3;0
28;2025-12-21;4;0
28;2025-12-21;5;31
28;2025-12-21;6;81
28;2025-12-21;7;172
28;2025-12-21;8;269
28;2025-12-21;9;371
28;2025-12-21;10;415
28;2025-12-21;11;456
28;2025-12-21;12;471
28;2025-12-21;13;573
28;2025-12-21;14;545
28;2025-12-21;15;538
28;2025-12-21;16;482
28;2025-12-21;17;517
28;2025-12-21;18;447
28;2025-12-21;19;403
28;2025-12-21;20;304
28;2025-12-21;21;244
28;2025-12-21;22;115
28;2025-12-21;23;13
28;2025-12-22;0;0
28;2025-12-22;1;1
28;2025-12-22;2;0
28;2025-12-22;3;0
28;2025-12-22;4;2
28;2025-12-22;5;65
28;2025-12-22;6;236
28;2025-12-22;7;725
28;2025-12-22;8;1236
28;2025-12-22;9;717
28;2025-12-22;10;594
28;2025-12-22;11;501
28;2025-12-22;12;644
28;2025-12-22;13;676
28;2025-12-22;14;662
28;2025-12-22;15;647
28;2025-12-22;16;972
28;2025-12-22;17;1001
28;2025-12-22;18;984
28;2025-12-22;19;709
28;2025-12-22;20;489
28;2025-12-22;21;296
28;2025-12-22;22;97
28;2025-12-22;23;4
28;2025-12-23;0;0
28;2025-12-23;1;0
28;2025-12-23;2;0
28;2025-12-23;3;0
28;2025-12-23;4;1
28;2025-12-23;5;73
28;2025-12-23;6;243
28;2025-12-23;7;818
28;2025-12-23;8;1373
28;2025-12-23;9;906
28;2025-12-23;10;639
28;2025-12-23;11;598
28;2025-12-23;12;749
28;2025-12-23;13;719
28;2025-12-23;14;693
28;2025-12-23;15;730
28;2025-12-23;16;903
28;2025-12-23;17;1031
28;2025-12-23;18;1014
28;2025-12-23;19;793
28;2025-12-23;20;525
28;2025-12-23;21;301
28;2025-12-23;22;112
28;2025-12-23;23;9
28;2025-12-24;0;0
28;2025-12-24;1;0
28;2025-12-24;2;0
28;2025-12-24;3;0
28;2025-12-24;4;1
28;2025-12-24;5;72
28;2025-12-24;6;239
28;2025-12-24;7;805
28;2025-12-24;8;1351
28;2025-12-24;9;891
28;2025-12-24;10;629
28;2025-12-24;11;588
28;2025-12-24;12;737
28;2025-12-24;13;708
28;2025-12-24;14;682
28;2025-12-24;15;719
28;2025-12-24;16;889
28;2025-12-24;17;1014
28;2025-12-24;18;998
28;2025-12-24;19;780
28;2025-12-24;20;517
28;2025-12-24;21;296
28;2025-12-24;22;110
28;2025-12-24;23;9
28;2025-12-25;0;0
28;2025-12-25;1;0
28;2025-12-25;2;0
28;2025-12-25;3;0
28;2025-12-25;4;1
28;2025-12-25;5;70
28;2025-12-25;6;234
28;2025-12-25;7;790
28;2025-12-25;8;1326
28;2025-12-25;9;875
28;2025-12-25;10;617
28;2025-12-25;11;578
28;2025-12-25;12;724
28;2025-12-25;13;695
28;2025-12-25;14;670
28;2025-12-25;15;706
28;2025-12-25;16;873
28;2025-12-25;17;996
28;2025-12-25;18;980
28;2025-12-25;19;766
28;2025-12-25;20;508
28;2025-12-25;21;291
28;2025-12-25;22;108
28;2025-12-25;23;9
28;2025-12-26;0;0
28;2025-12-26;1;0
28;2025-12-26;2;0
28;2025-12-26;3;0
28;2025-12-26;4;1
28;2025-12-26;5;66
28;2025-12-26;6;268
28;2025-12-26;7;851
28;2025-12-26;8;1369
28;2025-12-26;9;824
28;2025-12-26;10;594
28;2025-12-26;11;573
28;2025-12-26;12;768
28;2025-12-26;13;702
28;2025-12-26;14;663
28;2025-12-26;15;751
28;2025-12-26;16;933
28;2025-12-26;17;1044
28;2025-12-26;18;860
28;2025-12-26;19;677
28;2025-12-26;20;431
28;2025-12-26;21;342
28;2025-12-26;22;105
28;2025-12-26;23;21
28;2025-12-27;0;2
28;2025-12-27;1;0
28;2025-12-27;2;0
28;2025-12-27;3;0
28;2025-12-27;4;1
28;2025-12-27;5;40
28;2025-12-27;6;108
28;2025-12-27;7;238
28;2025-12-27;8;414
28;2025-12-27;9;466
28;2025-12-27;10;508
28;2025-12-27;11;512
28;2025-12-27;12;607
28;2025-12-27;13;610
28;2025-12-27;14;569
28;2025-12-27;15;616
28;2025-12-27;16;614
28;2025-12-27;17;593
28;2025-12-27;18;512
28;2025-12-27;19;388
28;2025-12-27;20;286
28;2025-12-27;21;260
28;2025-12-27;22;103
28;2025-12-27;23;12
28;2025-12-28;0;2
28;2025-12-28;1;0
28;2025-12-28;2;0
28;2025-12-28;3;0
28;2025-12-28;4;0
28;2025-12-28;5;30
28;2025-12-28;6;79
28;2025-12-28;7;167
28;2025-12-28;8;261
28;2025-12-28;9;360
28;2025-12-28;10;403
28;2025-12-28;11;442
28;2025-12-28;12;457
28;2025-12-28;13;556
28;2025-12-28;14;529
28;2025-12-28;15;522
28;2025-12-28;16;467
28;2025-12-28;17;502
28;2025-12-28;18;434
28;2025-12-28;19;391
28;2025-12-28;20;295
28;2025-12-28;21;237
28;2025-12-28;22;112
28;2025-12-28;23;13
28;2025-12-29;0;0
28;2025-12-29;1;1
28;2025-12-29;2;0
28;2025-12-29;3;0
28;2025-12-29;4;2
28;2025-12-29;5;57
28;2025-12-29;6;207
28;2025-12-29;7;638
28;2025-12-29;8;1087
28;2025-12-29;9;630
28;2025-12-29;10;523
28;2025-12-29;11;440
28;2025-12-29;12;566
28;2025-12-29;13;594
28;2025-12-29;14;582
28;2025-12-29;15;569
28;2025-12-29;16;855
28;2025-12-29;17;880
28;2025-12-29;18;865
28;2025-12-29;19;623
28;2025-12-29;20;430
28;2025-12-29;21;260
28;2025-12-29;22;85
28;2025-12-29;23;3
28;2025-12-30;0;0
28;2025-12-30;1;0
28;2025-12-30;2;0
28;2025-12-30;3;0
28;2025-12-30;4;1
28;2025-12-30;5;61
28;2025-12-30;6;202
28;2025-12-30;7;681
28;2025-12-30;8;1143
28;2025-12-30;9;755
28;2025-12-30;10;532
28;2025-12-30;11;498
28;2025-12-30;12;624
28;2025-12-30;13;599
28;2025-12-30;14;578
28;2025-12-30;15;608
28;2025-12-30;16;752
28;2025-12-30;17;858
28;2025-12-30;18;845
28;2025-12-30;19;661
28;2025-12-30;20;438
28;2025-12-30;21;250
28;2025-12-30;22;93
28;2025-12-30;23;8
28;2025-12-31;0;2
28;2025-12-31;1;0
28;2025-12-31;2;0
28;2025-12-31;3;0
28;2025-12-31;4;0
28;2025-12-31;5;28
28;2025-12-31;6;72
28;2025-12-31;7;153
28;2025-12-31;8;240
28;2025-12-31;9;330
28;2025-12-31;10;370
28;2025-12-31;11;406
28;2025-12-31;12;420
28;2025-12-31;13;511
28;2025-12-31;14;486
28;2025-12-31;15;480
28;2025-12-31;16;429
28;2025-12-31;17;415
28;2025-12-31;18;332
28;2025-12-31;19;275
28;2025-12-31;20;190
28;2025-12-31;21;125
28;2025-12-31;22;46
28;2025-12-31;23;5
50;2025-11-01;0;76
50;2025-11-01;1;2
50;2025-11-01;2;0
50;2025-11-01;3;0
50;2025-11-01;4;3
50;2025-11-01;5;82
50;2025-11-01;6;430
50;2025-11-01;7;1324
50;2025-11-01;8;1920
50;2025-11-01;9;1507
50;2025-11-01;10;1319
50;2025-11-01;11;1364
50;2025-11-01;12;1347
50;2025-11-01;13;1377
50;2025-11-01;14;1395
50;2025-11-01;15;1436
50;2025-11-01;16;1740
50;2025-11-01;17;1772
50;2025-11-01;18;1482
50;2025-11-01;19;1234
50;2025-11-01;20;999
50;2025-11-01;21;657
50;2025-11-01;22;350
50;2025-11-01;23;224
50;2025-11-02;0;2
50;2025-11-02;1;0
50;2025-11-02;2;0
50;2025-11-02;3;0
50;2025-11-02;4;0
50;2025-11-02;5;1
50;2025-11-02;6;3
50;2025-11-02;7;6
50;2025-11-02;8;12
50;2025-11-02;9;9
50;2025-11-02;10;24
50;2025-11-02;11;81
50;2025-11-02;12;62
50;2025-11-02;13;76
50;2025-11-02;14;127
50;2025-11-02;15;104
50;2025-11-02;16;122
50;2025-11-02;17;109
50;2025-11-02;18;65
50;2025-11-02;19;71
50;2025-11-02;20;51
50;2025-11-02;21;33
50;2025-11-02;22;38
50;2025-11-02;23;11
50;2025-11-03;0;2
50;2025-11-03;1;0
50;2025-11-03;2;0
50;2025-11-03;3;0
50;2025-11-03;4;0
50;2025-11-03;5;0
50;2025-11-03;6;3
50;2025-11-03;7;5
50;2025-11-03;8;10
50;2025-11-03;9;7
50;2025-11-03;10;20
50;2025-11-03;11;68
50;2025-11-03;12;52
50;2025-11-03;13;64
50;2025-11-03;14;107
50;2025-11-03;15;87
50;2025-11-03;16;103
50;2025-11-03;17;92
50;2025-11-03;18;54
50;2025-11-03;19;59
50;2025-11-03;20;43
50;2025-11-03;21;28
50;2025-11-03;22;32
50;2025-11-03;23;9
50;2025-11-04;0;2
50;2025-11-04;1;0
50;2025-11-04;2;0
50;2025-11-04;3;0
50;2025-11-04;4;0
50;2025-11-04;5;0
50;2025-11-04;6;3
50;2025-11-04;7;5
50;2025-11-04;8;10
50;2025-11-04;9;7
50;2025-11-04;10;20
50;2025-11-04;11;66
50;2025-11-04;12;51
50;2025-11-04;13;62
50;2025-11-04;14;104
50;2025-11-04;15;85
50;2025-11-04;16;100
50;2025-11-04;17;90
50;2025-11-04;18;53
50;2025-11-04;19;58
50;2025-11-04;20;42
50;2025-11-04;21;27
50;2025-11-04;22;32
50;2025-11-04;23;9
50;2025-11-05;0;34
50;2025-11-05;1;3
50;2025-11-05;2;0
50;2025-11-05;3;0
50;2025-11-05;4;2
50;2025-11-05;5;69
50;2025-11-05;6;534
50;2025-11-05;7;1695
50;2025-11-05;8;2964
50;2025-11-05;9;2165
50;2025-11-05;10;1694
50;2025-11-05;11;1542
50;2025-11-05;12;1439
50;2025-11-05;13;1517
50;2025-11-05;14;1396
50;2025-11-05;15;1738
50;2025-11-05;16;1677
50;2025-11-05;17;2440
50;2025-11-05;18;2467
50;2025-11-05;19;1449
50;2025-11-05;20;955
50;2025-11-05;21;635
50;2025-11-05;22;246
50;2025-11-05;23;153
50;2025-11-06;0;34
50;2025-11-06;1;3
50;2025-11-06;2;0
50;2025-11-06;3;0
50;2025-11-06;4;2
50;2025-11-06;5;69
50;2025-11-06;6;534
50;2025-11-06;7;1695
50;2025-11-06;8;2964
50;2025-11-06;9;2165
50;2025-11-06;10;1694
50;2025-11-06;11;1542
50;2025-11-06;12;1439
50;2025-11-06;13;1517
50;2025-11-06;14;1396
50;2025-11-06;15;1738
50;2025-11-06;16;1677
50;2025-11-06;17;2440
50;2025-11-06;18;2467
50;2025-11-06;19;1449
50;2025-11-06;20;955
50;2025-11-06;21;635
50;2025-11-06;22;246
50;2025-11-06;23;153
50;2025-11-07;0;48
50;2025-11-07;1;2
50;2025-11-07;2;0
50;2025-11-07;3;0
50;2025-11-07;4;6
50;2025-11-07;5;68
50;2025-11-07;6;504
50;2025-11-07;7;1843
50;2025-11-07;8;2755
50;2025-11-07;9;2010
50;2025-11-07;10;1528
50;2025-11-07;11;1532
50;2025-11-07;12;1475
50;2025-11-07;13;1513
50;2025-11-07;14;1470
50;2025-11-07;15;1668
50;2025-11-07;16;2222
50;2025-11-07;17;2118
50;2025-11-07;18;1595
50;2025-11-07;19;1253
50;2025-11-07;20;907
50;2025-11-07;21;574
50;2025-11-07;22;263
50;2025-11-07;23;154
50;2025-11-08;0;53
50;2025-11-08;1;6
50;2025-11-08;2;0
50;2025-11-08;3;2
50;2025-11-08;4;0
50;2025-11-08;5;9
50;2025-11-08;6;11
50;2025-11-08;7;17
50;2025-11-08;8;34
50;2025-11-08;9;67
50;2025-11-08;10;25
50;2025-11-08;11;42
50;2025-11-08;12;76
50;2025-11-08;13;50
50;2025-11-08;14;62
50;2025-11-08;15;91
50;2025-11-08;16;58
50;2025-11-08;17;57
50;2025-11-08;18;14
50;2025-11-08;19;13
50;2025-11-08;20;9
50;2025-11-08;21;9
50;2025-11-08;22;9
50;2025-11-08;23;3
50;2025-11-09;0;2
50;2025-11-09;1;0
50;2025-11-09;2;0
50;2025-11-09;3;0
50;2025-11-09;4;0
50;2025-11-09;5;1
50;2025-11-09;6;3
50;2025-11-09;7;6
50;2025-11-09;8;12
50;2025-11-09;9;9
50;2025-11-09;10;24
50;2025-11-09;11;81
50;2025-11-09;12;63
50;2025-11-09;13;76
50;2025-11-09;14;128
50;2025-11-09;15;105
50;2025-11-09;16;123
50;2025-11-09;17;110
50;2025-11-09;18;65
50;2025-11-09;19;71
50;2025-11-09;20;52
50;2025-11-09;21;33
50;2025-11-09;22;39
50;2025-11-09;23;11
50;2025-11-10;0;10
50;2025-11-10;1;2
50;2025-11-10;2;0
50;2025-11-10;3;0
50;2025-11-10;4;4
50;2025-11-10;5;51
50;2025-11-10;6;489
50;2025-11-10;7;1756
50;2025-11-10;8;2757
50;2025-11-10;9;2300
50;2025-11-10;10;1590
50;2025-11-10;11;1344
50;2025-11-10;12;1248
50;2025-11-10;13;1404
50;2025-11-10;14;1296
50;2025-11-10;15;1663
50;2025-11-10;16;1522
50;2025-11-10;17;2198
50;2025-11-10;18;2464
50;2025-11-10;19;1284
50;2025-11-10;20;816
50;2025-11-10;21;611
50;2025-11-10;22;242
50;2025-11-10;23;129
50;2025-11-11;0;34
50;2025-11-11;1;3
50;2025-11-11;2;0
50;2025-11-11;3;0
50;2025-11-11;4;2
50;2025-11-11;5;69
50;2025-11-11;6;534
50;2025-11-11;7;1695
50;2025-11-11;8;2964
50;2025-11-11;9;2165
50;2025-11-11;10;1694
50;2025-11-11;11;1542
50;2025-11-11;12;1439
50;2025-11-11;13;1517
50;2025-11-11;14;1396
50;2025-11-11;15;1738
50;2025-11-11;16;1677
50;2025-11-11;17;2440
50;2025-11-11;18;2467
50;2025-11-11;19;1449
50;2025-11-11;20;955
50;2025-11-11;21;635
50;2025-11-11;22;246
50;2025-11-11;23;153
50;2025-11-12;0;34
50;2025-11-12;1;3
50;2025-11-12;2;0
50;2025-11-12;3;0
50;2025-11-12;4;2
50;2025-11-12;5;69
50;2025-11-12;6;534
50;2025-11-12;7;1695
50;2025-11-12;8;2964
50;2025-11-12;9;2165
50;2025-11-12;10;1694
50;2025-11-12;11;1542
50;2025-11-12;12;1439
50;2025-11-12;13;1517
50;2025-11-12;14;1396
50;2025-11-12;15;1738
50;2025-11-12;16;1677
50;2025-11-12;17;2440
50;2025-11-12;18;2467
50;2025-11-12;19;1449
50;2025-11-12;20;955
50;2025-11-12;21;635
50;2025-11-12;22;246
50;2025-11-12;23;153
50;2025-11-13;0;34
50;2025-11-13;1;3
50;2025-11-13;2;0
50;2025-11-13;3;0
50;2025-11-13;4;2
50;2025-11-13;5;69
50;2025-11-13;6;534
50;2025-11-13;7;1695
50;2025-11-13;8;2964
50;2025-11-13;9;2165
50;2025-11-13;10;1694
50;2025-11-13;11;1542
50;2025-11-13;12;1439
50;2025-11-13;13;1517
50;2025-11-13;14;1396
50;2025-11-13;15;1738
50;2025-11-13;16;1677
50;2025-11-13;17;2440
50;2025-11-13;18;2467
50;2025-11-13;19;1449
50;2025-11-13;20;955
50;2025-11-13;21;635
50;2025-11-13;22;246
50;2025-11-13;23;153
50;2025-11-14;0;48
50;2025-11-14;1;2
50;2025-11-14;2;0
50;2025-11-14;3;0
50;2025-11-14;4;6
50;2025-11-14;5;68
50;2025-11-14;6;504
50;2025-11-14;7;1843
50;2025-11-14;8;2755
50;2025-11-14;9;2010
50;2025-11-14;10;1528
50;2025-11-14;11;1532
50;2025-11-14;12;1475
50;2025-11-14;13;1513
50;2025-11-14;14;1470
50;2025-11-14;15;1668
50;2025-11-14;16;2222
50;2025-11-14;17;2118
50;2025-11-14;18;1595
50;2025-11-14;19;1253
50;2025-11-14;20;907
50;2025-11-14;21;574
50;2025-11-14;22;263
50;2025-11-14;23;154
50;2025-11-15;0;61
50;2025-11-15;1;1
50;2025-11-15;2;0
50;2025-11-15;3;0
50;2025-11-15;4;0
50;2025-11-15;5;56
50;2025-11-15;6;200
50;2025-11-15;7;437
50;2025-11-15;8;583
50;2025-11-15;9;552
50;2025-11-15;10;625
50;2025-11-15;11;676
50;2025-11-15;12;691
50;2025-11-15;13;703
50;2025-11-15;14;750
50;2025-11-15;15;678
50;2025-11-15;16;698
50;2025-11-15;17;800
50;2025-11-15;18;777
50;2025-11-15;19;694
50;2025-11-15;20;628
50;2025-11-15;21;427
50;2025-11-15;22;254
50;2025-11-15;23;171
50;2025-11-16;0;41
50;2025-11-16;1;1
50;2025-11-16;2;0
50;2025-11-16;3;0
50;2025-11-16;4;1
50;2025-11-16;5;39
50;2025-11-16;6;159
50;2025-11-16;7;289
50;2025-11-16;8;426
50;2025-11-16;9;481
50;2025-11-16;10;497
50;2025-11-16;11;613
50;2025-11-16;12;617
50;2025-11-16;13;671
50;2025-11-16;14;695
50;2025-11-16;15;678
50;2025-11-16;16;654
50;2025-11-16;17;712
50;2025-11-16;18;706
50;2025-11-16;19;618
50;2025-11-16;20;536
50;2025-11-16;21;421
50;2025-11-16;22;235
50;2025-11-16;23;142
50;2025-11-17;0;10
50;2025-11-17;1;2
50;2025-11-17;2;0
50;2025-11-17;3;0
50;2025-11-17;4;3
50;2025-11-17;5;49
50;2025-11-17;6;475
50;2025-11-17;7;1705
50;2025-11-17;8;2677
50;2025-11-17;9;2233
50;2025-11-17;10;1544
50;2025-11-17;11;1305
50;2025-11-17;12;1212
50;2025-11-17;13;1363
50;2025-11-17;14;1258
50;2025-11-17;15;1614
50;2025-11-17;16;1478
50;2025-11-17;17;2134
50;2025-11-17;18;2393
50;2025-11-17;19;1247
50;2025-11-17;20;792
50;2025-11-17;21;593
50;2025-11-17;22;235
50;2025-11-17;23;125
50;2025-11-18;0;33
50;2025-11-18;1;3
50;2025-11-18;2;0
50;2025-11-18;3;0
50;2025-11-18;4;2
50;2025-11-18;5;67
50;2025-11-18;6;519
50;2025-11-18;7;1646
50;2025-11-18;8;2877
50;2025-11-18;9;2102
50;2025-11-18;10;1645
50;2025-11-18;11;1498
50;2025-11-18;12;1397
50;2025-11-18;13;1473
50;2025-11-18;14;1356
50;2025-11-18;15;1687
50;2025-11-18;16;1628
50;2025-11-18;17;2369
50;2025-11-18;18;2396
50;2025-11-18;19;1407
50;2025-11-18;20;927
50;2025-11-18;21;617
50;2025-11-18;22;239
50;2025-11-18;23;149
50;2025-11-19;0;33
50;2025-11-19;1;3
50;2025-11-19;2;0
50;2025-11-19;3;0
50;2025-11-19;4;2
50;2025-11-19;5;67
50;2025-11-19;6;519
50;2025-11-19;7;1646
50;2025-11-19;8;2877
50;2025-11-19;9;2102
50;2025-11-19;10;1645
50;2025-11-19;11;1498
50;2025-11-19;12;1397
50;2025-11-19;13;1473
50;2025-11-19;14;1356
50;2025-11-19;15;1687
50;2025-11-19;16;1628
50;2025-11-19;17;2369
50;2025-11-19;18;2396
50;2025-11-19;19;1407
50;2025-11-19;20;927
50;2025-11-19;21;617
50;2025-11-19;22;239
50;2025-11-19;23;149
50;2025-11-20;0;33
50;2025-11-20;1;3
50;2025-11-20;2;0
50;2025-11-20;3;0
50;2025-11-20;4;2
50;2025-11-20;5;67
50;2025-11-20;6;519
50;2025-11-20;7;1646
50;2025-11-20;8;2877
50;2025-11-20;9;2102
50;2025-11-20;10;1645
50;2025-11-20;11;1498
50;2025-11-20;12;1397
50;2025-11-20;13;1473
50;2025-11-20;14;1356
50;2025-11-20;15;1687
50;2025-11-20;16;1628
50;2025-11-20;17;2369
50;2025-11-20;18;2396
50;2025-11-20;19;1407
50;2025-11-20;20;927
50;2025-11-20;21;617
50;2025-11-20;22;239
50;2025-11-20;23;149
50;2025-11-21;0;46
50;2025-11-21;1;2
50;2025-11-21;2;0
50;2025-11-21;3;0
50;2025-11-21;4;5
50;2025-11-21;5;66
50;2025-11-21;6;488
50;2025-11-21;7;1784
50;2025-11-21;8;2667
50;2025-11-21;9;1945
50;2025-11-21;10;1479
50;2025-11-21;11;1482
50;2025-11-21;12;1427
50;2025-11-21;13;1465
50;2025-11-21;14;1423
50;2025-11-21;15;1614
50;2025-11-21;16;2151
50;2025-11-21;17;2050
50;2025-11-21;18;1544
50;2025-11-21;19;1213
50;2025-11-21;20;878
50;2025-11-21;21;555
50;2025-11-21;22;254
50;2025-11-21;23;149
50;2025-11-22;0;64
50;2025-11-22;1;1
50;2025-11-22;2;0
50;2025-11-22;3;0
50;2025-11-22;4;0
50;2025-11-22;5;59
50;2025-11-22;6;212
50;2025-11-22;7;463
50;2025-11-22;8;618
50;2025-11-22;9;585
50;2025-11-22;10;662
50;2025-11-22;11;716
50;2025-11-22;12;732
50;2025-11-22;13;745
50;2025-11-22;14;795
50;2025-11-22;15;718
50;2025-11-22;16;739
50;2025-11-22;17;847
50;2025-11-22;18;823
50;2025-11-22;19;735
50;2025-11-22;20;665
50;2025-11-22;21;452
50;2025-11-22;22;269
50;2025-11-22;23;181
50;2025-11-23;0;41
50;2025-11-23;1;1
50;2025-11-23;2;0
50;2025-11-23;3;0
50;2025-11-23;4;1
50;2025-11-23;5;39
50;2025-11-23;6;159
50;2025-11-23;7;289
50;2025-11-23;8;426
50;2025-11-23;9;481
50;2025-11-23;10;497
50;2025-11-23;11;613
50;2025-11-23;12;617
50;2025-11-23;13;671
50;2025-11-23;14;695
50;2025-11-23;15;678
50;2025-11-23;16;654
50;2025-11-23;17;712
50;2025-11-23;18;706
50;2025-11-23;19;618
50;2025-11-23;20;536
50;2025-11-23;21;421
50;2025-11-23;22;235
50;2025-11-23;23;142
50;2025-11-24;0;10
50;2025-11-24;1;2
50;2025-11-24;2;0
50;2025-11-24;3;0
50;2025-11-24;4;4
50;2025-11-24;5;51
50;2025-11-24;6;488
50;2025-11-24;7;1751
50;2025-11-24;8;2749
50;2025-11-24;9;2293
50;2025-11-24;10;1585
50;2025-11-24;11;1340
50;2025-11-24;12;1244
50;2025-11-24;13;1399
50;2025-11-24;14;1292
50;2025-11-24;15;1658
50;2025-11-24;16;1517
50;2025-11-24;17;2192
50;2025-11-24;18;2457
50;2025-11-24;19;1280
50;2025-11-24;20;813
50;2025-11-24;21;609
50;2025-11-24;22;241
50;2025-11-24;23;128
50;2025-11-25;0;34
50;2025-11-25;1;3
50;2025-11-25;2;0
50;2025-11-25;3;0
50;2025-11-25;4;2
50;2025-11-25;5;69
50;2025-11-25;6;534
50;2025-11-25;7;1695
50;2025-11-25;8;2964
50;2025-11-25;9;2165
50;2025-11-25;10;1694
50;2025-11-25;11;1542
50;2025-11-25;12;1439
50;2025-11-25;13;1517
50;2025-11-25;14;1396
50;2025-11-25;15;1738
50;2025-11-25;16;1677
50;2025-11-25;17;2440
50;2025-11-25;18;2467
50;2025-11-25;19;1449
50;2025-11-25;20;955
50;2025-11-25;21;635
50;2025-11-25;22;246
50;2025-11-25;23;153
50;2025-11-26;0;32
50;2025-11-26;1;3
50;2025-11-26;2;0
50;2025-11-26;3;0
50;2025-11-26;4;2
50;2025-11-26;5;66
50;2025-11-26;6;511
50;2025-11-26;7;1622
50;2025-11-26;8;2836
50;2025-11-26;9;2071
50;2025-11-26;10;1621
50;2025-11-26;11;1476
50;2025-11-26;12;1377
50;2025-11-26;13;1452
50;2025-11-26;14;1336
50;2025-11-26;15;1663
50;2025-11-26;16;1604
50;2025-11-26;17;2335
50;2025-11-26;18;2361
50;2025-11-26;19;1386
50;2025-11-26;20;914
50;2025-11-26;21;608
50;2025-11-26;22;236
50;2025-11-26;23;146
50;2025-11-27;0;34
50;2025-11-27;1;3
50;2025-11-27;2;0
50;2025-11-27;3;0
50;2025-11-27;4;2
50;2025-11-27;5;69
50;2025-11-27;6;534
50;2025-11-27;7;1695
50;2025-11-27;8;2964
50;2025-11-27;9;2165
50;2025-11-27;10;1694
50;2025-11-27;11;1542
50;2025-11-27;12;1439
50;2025-11-27;13;1517
50;2025-11-27;14;1396
50;2025-11-27;15;1738
50;2025-11-27;16;1677
50;2025-11-27;17;2440
50;2025-11-27;18;2467
50;2025-11-27;19;1449
50;2025-11-27;20;955
50;2025-11-27;21;635
50;2025-11-27;22;246
50;2025-11-27;23;153
50;2025-11-28;0;48
50;2025-11-28;1;2
50;2025-11-28;2;0
50;2025-11-28;3;0
50;2025-11-28;4;6
50;2025-11-28;5;68
50;2025-11-28;6;504
50;2025-11-28;7;1843
50;2025-11-28;8;2755
50;2025-11-28;9;2010
50;2025-11-28;10;1528
50;2025-11-28;11;1532
50;2025-11-28;12;1475
50;2025-11-28;13;1513
50;2025-11-28;14;1470
50;2025-11-28;15;1668
50;2025-11-28;16;2222
50;2025-11-28;17;2118
50;2025-11-28;18;1595
50;2025-11-28;19;1253
50;2025-11-28;20;907
50;2025-11-28;21;574
50;2025-11-28;22;263
50;2025-11-28;23;154
50;2025-11-29;0;66
50;2025-11-29;1;1
50;2025-11-29;2;0
50;2025-11-29;3;0
50;2025-11-29;4;0
50;2025-11-29;5;60
50;2025-11-29;6;217
50;2025-11-29;7;475
50;2025-11-29;8;634
50;2025-11-29;9;600
50;2025-11-29;10;680
50;2025-11-29;11;735
50;2025-11-29;12;752
50;2025-11-29;13;764
50;2025-11-29;14;816
50;2025-11-29;15;737
50;2025-11-29;16;759
50;2025-11-29;17;870
50;2025-11-29;18;845
50;2025-11-29;19;754
50;2025-11-29;20;683
50;2025-11-29;21;464
50;2025-11-29;22;276
50;2025-11-29;23;186
50;2025-11-30;0;41
50;2025-11-30;1;1
50;2025-11-30;2;0
50;2025-11-30;3;0
50;2025-11-30;4;1
50;2025-11-30;5;39
50;2025-11-30;6;159
50;2025-11-30;7;289
50;2025-11-30;8;426
50;2025-11-30;9;481
50;2025-11-30;10;497
50;2025-11-30;11;613
50;2025-11-30;12;617
50;2025-11-30;13;671
50;2025-11-30;14;695
50;2025-11-30;15;678
50;2025-11-30;16;654
50;2025-11-30;17;712
50;2025-11-30;18;706
50;2025-11-30;19;618
50;2025-11-30;20;536
50;2025-11-30;21;421
50;2025-11-30;22;235
50;2025-11-30;23;142
50;2025-12-01;0;10
50;2025-12-01;1;2
50;2025-12-01;2;0
50;2025-12-01;3;0
50;2025-12-01;4;4
50;2025-12-01;5;51
50;2025-12-01;6;489
50;2025-12-01;7;1756
50;2025-12-01;8;2757
50;2025-12-01;9;2300
50;2025-12-01;10;1590
50;2025-12-01;11;1344
50;2025-12-01;12;1248
50;2025-12-01;13;1404
50;2025-12-01;14;1296
50;2025-12-01;15;1663
50;2025-12-01;16;1522
50;2025-12-01;17;2198
50;2025-12-01;18;2464
50;2025-12-01;19;1284
50;2025-12-01;20;816
50;2025-12-01;21;611
50;2025-12-01;22;242
50;2025-12-01;23;129
50;2025-12-02;0;34
50;2025-12-02;1;3
50;2025-12-02;2;0
50;2025-12-02;3;0
50;2025-12-02;4;2
50;2025-12-02;5;69
50;2025-12-02;6;534
50;2025-12-02;7;1695
50;2025-12-02;8;2964
50;2025-12-02;9;2165
50;2025-12-02;10;1694
50;2025-12-02;11;1542
50;2025-12-02;12;1439
50;2025-12-02;13;1517
50;2025-12-02;14;1396
50;2025-12-02;15;1738
50;2025-12-02;16;1677
50;2025-12-02;17;2440
50;2025-12-02;18;2467
50;2025-12-02;19;1449
50;2025-12-02;20;955
50;2025-12-02;21;635
50;2025-12-02;22;246
50;2025-12-02;23;153
50;2025-12-03;0;34
50;2025-12-03;1;3
50;2025-12-03;2;0
50;2025-12-03;3;0
50;2025-12-03;4;2
50;2025-12-03;5;69
50;2025-12-03;6;534
50;2025-12-03;7;1695
50;2025-12-03;8;2964
50;2025-12-03;9;2165
50;2025-12-03;10;1694
50;2025-12-03;11;1542
50;2025-12-03;12;1439
50;2025-12-03;13;1517
50;2025-12-03;14;1396
50;2025-12-03;15;1738
50;2025-12-03;16;1677
50;2025-12-03;17;2440
50;2025-12-03;18;2467
50;2025-12-03;19;1449
50;2025-12-03;20;955
50;2025-12-03;21;635
50;2025-12-03;22;246
50;2025-12-03;23;153
50;2025-12-04;0;34
50;2025-12-04;1;3
50;2025-12-04;2;0
50;2025-12-04;3;0
50;2025-12-04;4;2
50;2025-12-04;5;69
50;2025-12-04;6;534
50;2025-12-04;7;1695
50;2025-12-04;8;2964
50;2025-12-04;9;2165
50;2025-12-04;10;1694
50;2025-12-04;11;1542
50;2025-12-04;12;1439
50;2025-12-04;13;1517
50;2025-12-04;14;1396
50;2025-12-04;15;1738
50;2025-12-04;16;1677
50;2025-12-04;17;2440
50;2025-12-04;18;2467
50;2025-12-04;19;1449
50;2025-12-04;20;955
50;2025-12-04;21;635
50;2025-12-04;22;246
50;2025-12-04;23;153
50;2025-12-05;0;48
50;2025-12-05;1;2
50;2025-12-05;2;0
50;2025-12-05;3;0
50;2025-12-05;4;6
50;2025-12-05;5;68
50;2025-12-05;6;504
50;2025-12-05;7;1843
50;2025-12-05;8;2755
50;2025-12-05;9;2010
50;2025-12-05;10;1528
50;2025-12-05;11;1532
50;2025-12-05;12;1475
50;2025-12-05;13;1513
50;2025-12-05;14;1470
50;2025-12-05;15;1668
50;2025-12-05;16;2222
50;2025-12-05;17;2118
50;2025-12-05;18;1595
50;2025-12-05;19;1253
50;2025-12-05;20;907
50;2025-12-05;21;574
50;2025-12-05;22;263
50;2025-12-05;23;154
50;2025-12-06;0;66
50;2025-12-06;1;1
50;2025-12-06;2;0
50;2025-12-06;3;0
50;2025-12-06;4;0
50;2025-12-06;5;60
50;2025-12-06;6;217
50;2025-12-06;7;475
50;2025-12-06;8;634
50;2025-12-06;9;600
50;2025-12-06;10;680
50;2025-12-06;11;735
50;2025-12-06;12;752
50;2025-12-06;13;764
50;2025-12-06;14;816
50;2025-12-06;15;737
50;2025-12-06;16;759
50;2025-12-06;17;870
50;2025-12-06;18;845
50;2025-12-06;19;754
50;2025-12-06;20;683
50;2025-12-06;21;464
50;2025-12-06;22;276
50;2025-12-06;23;186
50;2025-12-07;0;41
50;2025-12-07;1;1
50;2025-12-07;2;0
50;2025-12-07;3;0
50;2025-12-07;4;1
50;2025-12-07;5;39
50;2025-12-07;6;159
50;2025-12-07;7;289
50;2025-12-07;8;426
50;2025-12-07;9;481
50;2025-12-07;10;497
50;2025-12-07;11;613
50;2025-12-07;12;617
50;2025-12-07;13;671
50;2025-12-07;14;695
50;2025-12-07;15;678
50;2025-12-07;16;654
50;2025-12-07;17;712
50;2025-12-07;18;706
50;2025-12-07;19;618
50;2025-12-07;20;536
50;2025-12-07;21;421
50;2025-12-07;22;235
50;2025-12-07;23;142
50;2025-12-08;0;10
50;2025-12-08;1;2
50;2025-12-08;2;0
50;2025-12-08;3;0
50;2025-12-08;4;4
50;2025-12-08;5;51
50;2025-12-08;6;489
50;2025-12-08;7;1756
50;2025-12-08;8;2757
50;2025-12-08;9;2300
50;2025-12-08;10;1590
50;2025-12-08;11;1344
50;2025-12-08;12;1248
50;2025-12-08;13;1404
50;2025-12-08;14;1296
50;2025-12-08;15;1663
50;2025-12-08;16;1522
50;2025-12-08;17;2198
50;2025-12-08;18;2464
50;2025-12-08;19;1284
50;2025-12-08;20;816
50;2025-12-08;21;611
50;2025-12-08;22;242
50;2025-12-08;23;129
50;2025-12-09;0;34
50;2025-12-09;1;3
50;2025-12-09;2;0
50;2025-12-09;3;0
50;2025-12-09;4;2
50;2025-12-09;5;69
50;2025-12-09;6;534
50;2025-12-09;7;1695
50;2025-12-09;8;2964
50;2025-12-09;9;2165
50;2025-12-09;10;1694
50;2025-12-09;11;1542
50;2025-12-09;12;1439
50;2025-12-09;13;1517
50;2025-12-09;14;1396
50;2025-12-09;15;1738
50;2025-12-09;16;1677
50;2025-12-09;17;2440
50;2025-12-09;18;2467
50;2025-12-09;19;1449
50;2025-12-09;20;955
50;2025-12-09;21;635
50;2025-12-09;22;246
50;2025-12-09;23;153
50;2025-12-10;0;33
50;2025-12-10;1;3
50;2025-12-10;2;0
50;2025-12-10;3;0
50;2025-12-10;4;2
50;2025-12-10;5;68
50;2025-12-10;6;526
50;2025-12-10;7;1668
50;2025-12-10;8;2916
50;2025-12-10;9;2130
50;2025-12-10;10;1667
50;2025-12-10;11;1518
50;2025-12-10;12;1416
50;2025-12-10;13;1493
50;2025-12-10;14;1374
50;2025-12-10;15;1710
50;2025-12-10;16;1650
50;2025-12-10;17;2401
50;2025-12-10;18;2428
50;2025-12-10;19;1426
50;2025-12-10;20;940
50;2025-12-10;21;625
50;2025-12-10;22;242
50;2025-12-10;23;151
50;2025-12-11;0;34
50;2025-12-11;1;3
50;2025-12-11;2;0
50;2025-12-11;3;0
50;2025-12-11;4;2
50;2025-12-11;5;69
50;2025-12-11;6;534
50;2025-12-11;7;1695
50;2025-12-11;8;2964
50;2025-12-11;9;2165
50;2025-12-11;10;1694
50;2025-12-11;11;1542
50;2025-12-11;12;1439
50;2025-12-11;13;1517
50;2025-12-11;14;1396
50;2025-12-11;15;1738
50;2025-12-11;16;1677
50;2025-12-11;17;2440
50;2025-12-11;18;2467
50;2025-12-11;19;1449
50;2025-12-11;20;955
50;2025-12-11;21;635
50;2025-12-11;22;246
50;2025-12-11;23;153
50;2025-12-12;0;47
50;2025-12-12;1;2
50;2025-12-12;2;0
50;2025-12-12;3;0
50;2025-12-12;4;5
50;2025-12-12;5;66
50;2025-12-12;6;492
50;2025-12-12;7;1799
50;2025-12-12;8;2689
50;2025-12-12;9;1961
50;2025-12-12;10;1491
50;2025-12-12;11;1495
50;2025-12-12;12;1439
50;2025-12-12;13;1477
50;2025-12-12;14;1435
50;2025-12-12;15;1627
50;2025-12-12;16;2168
50;2025-12-12;17;2067
50;2025-12-12;18;1557
50;2025-12-12;19;1223
50;2025-12-12;20;885
50;2025-12-12;21;560
50;2025-12-12;22;256
50;2025-12-12;23;150
50;2025-12-13;0;65
50;2025-12-13;1;1
50;2025-12-13;2;0
50;2025-12-13;3;0
50;2025-12-13;4;0
50;2025-12-13;5;60
50;2025-12-13;6;214
50;2025-12-13;7;468
50;2025-12-13;8;625
50;2025-12-13;9;592
50;2025-12-13;10;670
50;2025-12-13;11;725
50;2025-12-13;12;742
50;2025-12-13;13;754
50;2025-12-13;14;805
50;2025-12-13;15;727
50;2025-12-13;16;749
50;2025-12-13;17;858
50;2025-12-13;18;834
50;2025-12-13;19;744
50;2025-12-13;20;673
50;2025-12-13;21;458
50;2025-12-13;22;273
50;2025-12-13;23;184
50;2025-12-14;0;41
50;2025-12-14;1;1
50;2025-12-14;2;0
50;2025-12-14;3;0
50;2025-12-14;4;1
50;2025-12-14;5;39
50;2025-12-14;6;159
50;2025-12-14;7;288
50;2025-12-14;8;425
50;2025-12-14;9;479
50;2025-12-14;10;496
50;2025-12-14;11;611
50;2025-12-14;12;615
50;2025-12-14;13;669
50;2025-12-14;14;693
50;2025-12-14;15;676
50;2025-12-14;16;651
50;2025-12-14;17;710
50;2025-12-14;18;703
50;2025-12-14;19;616
50;2025-12-14;20;534
50;2025-12-14;21;420
50;2025-12-14;22;235
50;2025-12-14;23;142
50;2025-12-15;0;10
50;2025-12-15;1;2
50;2025-12-15;2;0
50;2025-12-15;3;0
50;2025-12-15;4;4
50;2025-12-15;5;51
50;2025-12-15;6;488
50;2025-12-15;7;1751
50;2025-12-15;8;2749
50;2025-12-15;9;2293
50;2025-12-15;10;1585
50;2025-12-15;11;1340
50;2025-12-15;12;1244
50;2025-12-15;13;1399
50;2025-12-15;14;1292
50;2025-12-15;15;1658
50;2025-12-15;16;1517
50;2025-12-15;17;2192
50;2025-12-15;18;2457
50;2025-12-15;19;1280
50;2025-12-15;20;813
50;2025-12-15;21;609
50;2025-12-15;22;241
50;2025-12-15;23;128
50;2025-12-16;0;33
50;2025-12-16;1;3
50;2025-12-16;2;0
50;2025-12-16;3;0
50;2025-12-16;4;2
50;2025-12-16;5;67
50;2025-12-16;6;518
50;2025-12-16;7;1646
50;2025-12-16;8;2877
50;2025-12-16;9;2101
50;2025-12-16;10;1645
50;2025-12-16;11;1497
50;2025-12-16;12;1397
50;2025-12-16;13;1473
50;2025-12-16;14;1355
50;2025-12-16;15;1687
50;2025-12-16;16;1628
50;2025-12-16;17;2369
50;2025-12-16;18;2395
50;2025-12-16;19;1407
50;2025-12-16;20;927
50;2025-12-16;21;617
50;2025-12-16;22;239
50;2025-12-16;23;149
50;2025-12-17;0;34
50;2025-12-17;1;3
50;2025-12-17;2;0
50;2025-12-17;3;0
50;2025-12-17;4;2
50;2025-12-17;5;69
50;2025-12-17;6;534
50;2025-12-17;7;1695
50;2025-12-17;8;2964
50;2025-12-17;9;2165
50;2025-12-17;10;1694
50;2025-12-17;11;1542
50;2025-12-17;12;1439
50;2025-12-17;13;1517
50;2025-12-17;14;1396
50;2025-12-17;15;1738
50;2025-12-17;16;1677
50;2025-12-17;17;2440
50;2025-12-17;18;2467
50;2025-12-17;19;1449
50;2025-12-17;20;955
50;2025-12-17;21;635
50;2025-12-17;22;246
50;2025-12-17;23;153
50;2025-12-18;0;34
50;2025-12-18;1;3
50;2025-12-18;2;0
50;2025-12-18;3;0
50;2025-12-18;4;2
50;2025-12-18;5;69
50;2025-12-18;6;534
50;2025-12-18;7;1695
50;2025-12-18;8;2964
50;2025-12-18;9;2165
50;2025-12-18;10;1694
50;2025-12-18;11;1542
50;2025-12-18;12;1439
50;2025-12-18;13;1517
50;2025-12-18;14;1396
50;2025-12-18;15;1738
50;2025-12-18;16;1677
50;2025-12-18;17;2440
50;2025-12-18;18;2467
50;2025-12-18;19;1449
50;2025-12-18;20;955
50;2025-12-18;21;635
50;2025-12-18;22;246
50;2025-12-18;23;153
50;2025-12-19;0;48
50;2025-12-19;1;2
50;2025-12-19;2;0
50;2025-12-19;3;0
50;2025-12-19;4;6
50;2025-12-19;5;68
50;2025-12-19;6;504
50;2025-12-19;7;1843
50;2025-12-19;8;2755
50;2025-12-19;9;2010
50;2025-12-19;10;1528
50;2025-12-19;11;1532
50;2025-12-19;12;1475
50;2025-12-19;13;1513
50;2025-12-19;14;1470
50;2025-12-19;15;1668
50;2025-12-19;16;2222
50;2025-12-19;17;2118
50;2025-12-19;18;1595
50;2025-12-19;19;1253
50;2025-12-19;20;907
50;2025-12-19;21;574
50;2025-12-19;22;263
50;2025-12-19;23;154
50;2025-12-20;0;66
50;2025-12-20;1;1
50;2025-12-20;2;0
50;2025-12-20;3;0
50;2025-12-20;4;0
50;2025-12-20;5;60
50;2025-12-20;6;217
50;2025-12-20;7;475
50;2025-12-20;8;634
50;2025-12-20;9;600
50;2025-12-20;10;680
50;2025-12-20;11;735
50;2025-12-20;12;752
50;2025-12-20;13;764
50;2025-12-20;14;816
50;2025-12-20;15;737
50;2025-12-20;16;759
50;2025-12-20;17;870
50;2025-12-20;18;845
50;2025-12-20;19;754
50;2025-12-20;20;683
50;2025-12-20;21;464
50;2025-12-20;22;276
50;2025-12-20;23;186
50;2025-12-21;0;41
50;2025-12-21;1;1
50;2025-12-21;2;0
50;2025-12-21;3;0
50;2025-12-21;4;1
50;2025-12-21;5;38
50;2025-12-21;6;158
50;2025-12-21;7;287
50;2025-12-21;8;424
50;2025-12-21;9;478
50;2025-12-21;10;494
50;2025-12-21;11;609
50;2025-12-21;12;613
50;2025-12-21;13;667
50;2025-12-21;14;690
50;2025-12-21;15;674
50;2025-12-21;16;650
50;2025-12-21;17;708
50;2025-12-21;18;701
50;2025-12-21;19;615
50;2025-12-21;20;532
50;2025-12-21;21;419
50;2025-12-21;22;234
50;2025-12-21;23;142
50;2025-12-22;0;10
50;2025-12-22;1;2
50;2025-12-22;2;0
50;2025-12-22;3;0
50;2025-12-22;4;3
50;2025-12-22;5;50
50;2025-12-22;6;484
50;2025-12-22;7;1737
50;2025-12-22;8;2726
50;2025-12-22;9;2274
50;2025-12-22;10;1572
50;2025-12-22;11;1329
50;2025-12-22;12;1234
50;2025-12-22;13;1388
50;2025-12-22;14;1281
50;2025-12-22;15;1644
50;2025-12-22;16;1505
50;2025-12-22;17;2174
50;2025-12-22;18;2436
50;2025-12-22;19;1270
50;2025-12-22;20;806
50;2025-12-22;21;604
50;2025-12-22;22;239
50;2025-12-22;23;127
50;2025-12-23;0;34
50;2025-12-23;1;3
50;2025-12-23;2;0
50;2025-12-23;3;0
50;2025-12-23;4;2
50;2025-12-23;5;69
50;2025-12-23;6;534
50;2025-12-23;7;1695
50;2025-12-23;8;2964
50;2025-12-23;9;2165
50;2025-12-23;10;1694
50;2025-12-23;11;1542
50;2025-12-23;12;1439
50;2025-12-23;13;1517
50;2025-12-23;14;1396
50;2025-12-23;15;1738
50;2025-12-23;16;1677
50;2025-12-23;17;2440
50;2025-12-23;18;2467
50;2025-12-23;19;1449
50;2025-12-23;20;955
50;2025-12-23;21;635
50;2025-12-23;22;246
50;2025-12-23;23;153
50;2025-12-24;0;33
50;2025-12-24;1;3
50;2025-12-24;2;0
50;2025-12-24;3;0
50;2025-12-24;4;2
50;2025-12-24;5;68
50;2025-12-24;6;526
50;2025-12-24;7;1668
50;2025-12-24;8;2916
50;2025-12-24;9;2130
50;2025-12-24;10;1667
50;2025-12-24;11;1518
50;2025-12-24;12;1416
50;2025-12-24;13;1493
50;2025-12-24;14;1374
50;2025-12-24;15;1710
50;2025-12-24;16;1650
50;2025-12-24;17;2401
50;2025-12-24;18;2428
50;2025-12-24;19;1426
50;2025-12-24;20;940
50;2025-12-24;21;625
50;2025-12-24;22;242
50;2025-12-24;23;151
50;2025-12-25;0;32
50;2025-12-25;1;3
50;2025-12-25;2;0
50;2025-12-25;3;0
50;2025-12-25;4;2
50;2025-12-25;5;67
50;2025-12-25;6;516
50;2025-12-25;7;1638
50;2025-12-25;8;2863
50;2025-12-25;9;2091
50;2025-12-25;10;1637
50;2025-12-25;11;1490
50;2025-12-25;12;1390
50;2025-12-25;13;1466
50;2025-12-25;14;1349
50;2025-12-25;15;1679
50;2025-12-25;16;1620
50;2025-12-25;17;2357
50;2025-12-25;18;2384
50;2025-12-25;19;1400
50;2025-12-25;20;923
50;2025-12-25;21;614
50;2025-12-25;22;238
50;2025-12-25;23;148
50;2025-12-26;0;45
50;2025-12-26;1;2
50;2025-12-26;2;0
50;2025-12-26;3;0
50;2025-12-26;4;5
50;2025-12-26;5;64
50;2025-12-26;6;472
50;2025-12-26;7;1726
50;2025-12-26;8;2581
50;2025-12-26;9;1882
50;2025-12-26;10;1431
50;2025-12-26;11;1435
50;2025-12-26;12;1381
50;2025-12-26;13;1417
50;2025-12-26;14;1377
50;2025-12-26;15;1562
50;2025-12-26;16;2081
50;2025-12-26;17;1984
50;2025-12-26;18;1494
50;2025-12-26;19;1174
50;2025-12-26;20;849
50;2025-12-26;21;537
50;2025-12-26;22;246
50;2025-12-26;23;144
50;2025-12-27;0;66
50;2025-12-27;1;1
50;2025-12-27;2;0
50;2025-12-27;3;0
50;2025-12-27;4;0
50;2025-12-27;5;60
50;2025-12-27;6;216
50;2025-12-27;7;472
50;2025-12-27;8;630
50;2025-12-27;9;597
50;2025-12-27;10;676
50;2025-12-27;11;731
50;2025-12-27;12;747
50;2025-12-27;13;760
50;2025-12-27;14;811
50;2025-12-27;15;733
50;2025-12-27;16;755
50;2025-12-27;17;864
50;2025-12-27;18;840
50;2025-12-27;19;750
50;2025-12-27;20;679
50;2025-12-27;21;461
50;2025-12-27;22;275
50;2025-12-27;23;185
50;2025-12-28;0;39
50;2025-12-28;1;1
50;2025-12-28;2;0
50;2025-12-28;3;0
50;2025-12-28;4;1
50;2025-12-28;5;37
50;2025-12-28;6;154
50;2025-12-28;7;279
50;2025-12-28;8;411
50;2025-12-28;9;464
50;2025-12-28;10;480
50;2025-12-28;11;591
50;2025-12-28;12;595
50;2025-12-28;13;647
50;2025-12-28;14;670
50;2025-12-28;15;654
50;2025-12-28;16;630
50;2025-12-28;17;687
50;2025-12-28;18;681
50;2025-12-28;19;596
50;2025-12-28;20;517
50;2025-12-28;21;407
50;2025-12-28;22;227
50;2025-12-28;23;137
50;2025-12-29;0;9
50;2025-12-29;1;1
50;2025-12-29;2;0
50;2025-12-29;3;0
50;2025-12-29;4;3
50;2025-12-29;5;44
50;2025-12-29;6;425
50;2025-12-29;7;1527
50;2025-12-29;8;2397
50;2025-12-29;9;2000
50;2025-12-29;10;1383
50;2025-12-29;11;1169
50;2025-12-29;12;1085
50;2025-12-29;13;1220
50;2025-12-29;14;1127
50;2025-12-29;15;1446
50;2025-12-29;16;1323
50;2025-12-29;17;1911
50;2025-12-29;18;2143
50;2025-12-29;19;1117
50;2025-12-29;20;709
50;2025-12-29;21;531
50;2025-12-29;22;210
50;2025-12-29;23;112
50;2025-12-30;0;28
50;2025-12-30;1;3
50;2025-12-30;2;0
50;2025-12-30;3;0
50;2025-12-30;4;1
50;2025-12-30;5;57
50;2025-12-30;6;445
50;2025-12-30;7;1412
50;2025-12-30;8;2468
50;2025-12-30;9;1803
50;2025-12-30;10;1411
50;2025-12-30;11;1285
50;2025-12-30;12;1198
50;2025-12-30;13;1264
50;2025-12-30;14;1163
50;2025-12-30;15;1448
50;2025-12-30;16;1397
50;2025-12-30;17;2032
50;2025-12-30;18;2055
50;2025-12-30;19;1207
50;2025-12-30;20;796
50;2025-12-30;21;529
50;2025-12-30;22;205
50;2025-12-30;23;127
50;2025-12-31;0;36
50;2025-12-31;1;1
50;2025-12-31;2;0
50;2025-12-31;3;0
50;2025-12-31;4;1
50;2025-12-31;5;34
50;2025-12-31;6;141
50;2025-12-31;7;256
50;2025-12-31;8;378
50;2025-12-31;9;426
50;2025-12-31;10;441
50;2025-12-31;11;543
50;2025-12-31;12;546
50;2025-12-31;13;594
50;2025-12-31;14;615
50;2025-12-31;15;600
50;2025-12-31;16;579
50;2025-12-31;17;568
50;2025-12-31;18;521
50;2025-12-31;19;420
50;2025-12-31;20;332
50;2025-12-31;21;215
50;2025-12-31;22;94
50;2025-12-31;23;57
